0,0,1,0,0,0,0,0,0,1,0,0,0,1,0,0,73,151,93,0,0
1,0,0,0,0,0,0,0,0,0.255,0.755,0,0,1,0,0,24,220,160,2,0
0,0,0,1,0,0,0,0,0,0.8475,0.165,0,0,1,0,0,110,177,142,5,0
1,0,0,0,0,0,0,0,0,0,1,0,0,1,0,0,10,220,158,4,0
1,0,0,0,0,0,0,0,0,0,1,0,0,1,0,0,10,219,163,4,0
0,0,0.0025,0.9975,0.0025,0,0,1,0,0,0,0,0,0.96,0.055,0,120,12,175,1,0
1,0,0,0,0,0,0,0,0,0,1,0,0,1,0,0,25,231,160,2,0
0,0,0,1,0,0,0,1,0,0,0,0,0,1,0.01,0,113,15,176,1,0
0,0,0,1,0,0,0,0,0,0,1,0,0,1,0,0,110,213,133,5,0
1,0,0,0,0,0,0,0,0,0,1,0,0,0,1,0,11,215,199,4,0
1,0,0,0,0,0,0,0,0,0.0725,0.975,0,0,0,1,0,10,204,194,4,0
0,0,1,0,0,0,0,0,0,1,0,0,0,1,0,0,77,133,133,0,0
1,0,0,0,0,0,0,0,0,0,1,0,0,0,1,0,11,212,200,4,0
0,0,1,0,0,0,0,0,0,1,0,0,0,1,0,0,78,138,130,0,0
0,0,0,1,0,0,0,0,0,1,0,0,0,0.34,0.8175,0,111,185,181,5,0
1,0,0,0,0,0,0,0,0,0.0225,0.99,0,0,0,1,0,24,212,201,2,0
0,0,0,1,0,0,0,0,0,1,0,0,0,0.07,0.9625,0,111,167,182,5,0
0,0,0,1,0,0,0,1,0,0,0,0,0,0,0,1,111,39,247,1,0
1,0,0,0,0,0,0,0,0,0.5675,0.4425,0,0,1,0,0,24,195,165,2,0
0,0,1,0,0,0,0,0,0,1,0,0,0,1,0,0,77,119,109,0,0
1,0,0,0,0,0,0,0,0,0,1,0,0,1,0,0,10,228,168,4,0
0.95,0,0,0,0,0.05,0,0,0,0.9725,0.07,0,0,1,0,0,1,194,121,3,0
0,0,0,1,0,0,0,0,0,0,1,0,0,1,0,0,110,215,125,5,0
0.01,0.235,0.77,0,0,0,0,0.3825,0.08,0.5475,0,0,0,1,0,0,73,26,107,1,0
0,0,0,1,0,0,0,1,0,0,0,0,0,1,0,0,111,15,171,1,0
1,0,0,0,0,0,0,0,0,0.7575,0.2975,0,0,1,0,0,2,201,127,3,0
0,0,1,0,0,0,0,0,0,1,0,0,0,1,0,0,72,144,107,0,0
0,0,0,1,0,0,0,0,0,0.1475,0.905,0,0,1,0,0,111,203,170,5,0
0,0,0,1,0,0,0,0,0,0.785,0.2825,0,0,0.9725,0.0575,0,111,196,176,5,0
0.8675,0,0,0,0,0.1325,0,0,0,1,0,0,0,1,0,0,0,154,162,3,0
0,0,0,1,0,0,0,1,0,0,0,0,0,0.0025,0.14,0.8725,109,28,222,1,0
1,0,0,0,0,0,0,0,0,0.8725,0.155,0,0,0,1,0,25,193,202,2,0
0.015,0,0,0,0.045,0.985,0,0,0,1,0,0,0,1,0,0,177,139,164,3,0
0.975,0,0,0,0,0.025,0,0,0,1,0,0,0,1,0,0,1,161,166,3,0
1,0,0,0,0,0,0,0,0.0025,0.9975,0,0,0,0,0.0925,0.965,9,182,214,4,0
0.02,0,0,0,0.005,0.98,0,0,0,1,0,0,0,1,0.005,0,177,134,170,3,0
1,0,0,0,0,0,0,0,0,0.8875,0.12,0,0,1,0,0,8,172,163,4,0
1,0,0,0,0,0,0,0,0,1,0,0,0,1,0,0,23,185,163,2,0
1,0,0,0,0,0,0,0,0,0.255,0.7525,0,0,1,0,0,9,233,166,4,0
0,0,1,0,0,0,0,0,0,1,0,0,0,1,0,0,74,155,93,0,0
0,0,0,1,0,0,0,1,0,0,0,0,0,1,0,0,116,22,172,1,0
0.91,0,0,0,0,0.09,0,0,0,1,0,0,0,1,0,0,1,178,132,3,0
0.005,0,0,0.995,0,0,0,1,0,0,0,0,0,1,0,0,125,9,166,1,0
0,0,0,1,0,0,0,0,0,0.3825,0.625,0,0,1,0,0,110,224,124,5,0
0,0,0,1,0,0,0,1,0,0,0,0,0,1,0,0,109,12,171,1,0
0,0,1,0,0,0,0,0,0,1,0,0,0,1,0,0,77,144,125,0,0
0,0,1,0,0,0,0,0,0,1,0,0,0,1,0,0,78,139,128,0,0
1,0,0,0,0,0,0,0,0,0.8925,0.1575,0,0,0,1,0,24,193,201,2,0
0,0,0,1,0,0,0,1,0,0,0,0,0,0,0,1,112,33,223,1,0
0.1925,0,0,0,0.065,0.79,0,0,0,1,0,0,0,1,0,0,178,149,156,3,0
1,0,0,0,0,0,0,0,0,1,0,0,0,0,0.945,0.22,24,186,207,2,0
0.995,0,0,0,0,0.005,0,0,0,1,0,0,0,1,0,0,1,172,153,3,0
1,0,0,0,0,0,0,0,0,1,0.0025,0,0,0,1,0,25,195,195,2,0
0,0,0,1,0,0,0,0,0,1,0,0,0,0.055,0.9725,0,111,174,190,5,0
0,0,0,1,0,0,0,0,0,1,0,0,0,1,0,0,111,175,142,5,1
0,0,1,0,0,0,0,0,0,1,0,0,0,1,0,0,79,129,109,0,1
1,0,0,0,0,0,0,0,0,0.645,0.36,0,0,1,0,0,24,189,173,2,1
0,0,0,1,0,0,0,0,0,0.265,0.7725,0,0,1,0,0,110,211,133,5,1
1,0,0,0,0,0,0,0,0,0.4125,0.7,0,0,1,0,0,24,202,164,2,1
0,0,0,1,0,0,0,0,0,0,1,0,0,1,0,0,110,213,135,5,1
0,0,0,1,0,0,0,0,0,0.1225,0.9025,0,0,1,0,0,110,213,133,5,1
0,0,0,1,0,0,0,1,0,0,0,0,0,0.1025,0.96,0,122,20,182,1,1
1,0,0,0,0,0,0,0,0,0,1,0,0,0.5275,0.805,0,9,214,180,4,1
0,0,1,0,0,0,0,0,0,1,0,0,0,1,0,0,78,137,132,0,1
1,0,0,0,0,0,0,0,0,1,0,0,0,0,1,0,25,173,200,2,1
1,0,0,0,0,0,0,0,0,1,0,0,0,0,0.5475,0.805,24,166,210,2,1
1,0,0,0,0,0,0,0,0,1,0,0,0,0,1,0,25,185,198,2,1
0,0,0,0,0.9975,0.07,0,0,0,1,0,0,0,1,0,0,173,131,161,3,1
1,0,0,0,0,0,0,0,0,1,0,0,0,0,0,1,24,148,217,2,1
0,0,0,1,0,0,0,0,0,0.985,0.025,0,0,0,1,0,110,195,191,5,1
0,0,0,0,1,0.0175,0,0,0,1,0,0,0,1,0,0,172,124,162,3,1
1,0,0,0,0,0,0,0,0,1,0,0,0,0,0,1,24,105,214,2,1
1,0,0,0,0,0,0,0,0,0.935,0.095,0,0,1,0,0,23,190,162,2,1
0.1675,0,0,0,0,0.8325,0,0,0,1,0,0,0,1,0,0,179,148,131,3,1
0,0,0,1,0,0,0,1,0,0,0,0,0,0.7175,0.4425,0,116,20,179,1,1
0.9775,0,0,0,0,0.0225,0,0,0,1,0.0025,0,0,1,0,0,1,182,125,3,1
1,0,0,0,0,0,0,0,0,0.04,0.9675,0,0,1,0,0,9,215,166,4,1
0,0,0,1,0,0,0,0,0.02,0.8675,0.1375,0,0,1,0,0,111,167,132,5,1
1,0,0,0,0,0,0,0,0,0.2325,0.83,0,0,1,0,0,2,208,125,3,1
1,0,0,0,0,0,0,0,0,0,1,0,0,1,0,0,24,220,169,2,1
0,0,1,0,0,0,0,0,0,1,0,0,0,1,0,0,73,140,112,0,1
0.945,0,0,0,0,0.055,0,0,0,1,0,0,0,1,0,0,0,165,158,3,1
1,0,0,0,0,0,0,0,0,0.73,0.34,0,0,0,1,0,10,198,202,4,1
0,0,0,1,0,0,0,1,0,0,0,0,0,0,0,1,116,36,236,1,1
1,0,0,0,0,0,0,0,0,0.9325,0.085,0,0,0,1,0,10,197,202,4,1
0,0,0,1,0,0,0,0,0,0.995,0.015,0,0,0.79,0.38,0,111,194,179,5,1
0,0,1,0,0,0,0,0,0,1,0,0,0,1,0,0,78,126,139,0,1
1,0,0,0,0,0,0,0,0,1,0,0,0,0,0.0025,1,10,195,213,4,1
0.0025,0.0475,0.88,0.0825,0,0,0,0.225,0.08,0.705,0,0,0,0.8575,0.1325,0.0125,76,129,140,0,1
0.0075,0,0,0,0,0.9925,0,0,0,1,0,0,0,0.9075,0.155,0,178,130,178,3,1
0.53,0,0,0,0,0.47,0,0,0,1,0,0,0,1,0,0,0,148,124,3,1
0,0,0,1,0,0,0,1,0,0,0,0,0,1,0,0,125,9,162,1,1
0,0,0,1,0,0,0,1,0,0,0,0,0,1,0,0,109,12,164,1,1
1,0,0,0,0,0,0,0,0,0,1,0,0,1,0,0,9,220,154,4,1
0,0,1,0,0,0,0,0,0,1,0,0,0,1,0,0,74,165,87,0,1
0,0,0,1,0,0,0,1,0,0,0,0,0,1,0,0,109,12,166,1,1
1,0,0,0,0,0,0,0,0,0,1,0,0,1,0,0,9,229,156,4,1
0.995,0,0,0,0,0.005,0,0,0,0.0175,0.9875,0,0,1,0,0,1,209,127,3,1
0,0,0,1,0,0,0,0,0,0,1,0,0,1,0,0,110,215,115,5,1
0,0,1,0,0,0,0,0,0,1,0,0,0,1,0,0,77,141,125,0,1
0,0,1,0,0,0,0,0,0,1,0,0,0,1,0,0,77,136,129,0,1
0,0,0,1,0,0,0,1,0,0,0,0,0,0,0,1,119,25,228,1,1
0,0,0,1,0,0,0,0,0,0.9975,0.02,0,0,1,0.005,0,111,191,171,5,1
0,0,0,1,0,0,0,1,0,0,0,0,0,0,0,1,114,28,217,1,1
0,0,0,1,0,0,0,1,0,0,0,0,0,0,0,1,111,28,239,1,1
1,0,0,0,0,0,0,0,0,0.285,0.8575,0,0,0,1,0,10,200,200,4,1
1,0,0,0,0,0,0,0,0.005,0.995,0,0,0,0,0.9975,0.0025,8,177,206,4,1
0,0,1,0,0,0,0,0,0,1,0,0,0,1,0,0,77,113,136,0,1
0,0,1,0,0,0,0,0,0,1,0,0,0,1,0,0,73,146,105,0,2
0,0.12,0.885,0,0,0,0,0.2325,0.045,0.725,0,0,0,1,0,0,76,136,111,0,2
0,0,1,0,0,0,0,0,0,1,0,0,0,1,0,0,74,136,108,0,2
0,0,0,1,0,0,0,1,0,0,0,0,0,0.8525,0.235,0,111,17,176,1,2
0,0,0,1,0,0,0,1,0,0,0,0,0,0.7575,0.46,0,111,14,180,1,2
0,0,0,1,0,0,0,1,0,0,0,0,0,0.005,1,0,115,11,182,1,2
0.9975,0,0,0,0,0.0025,0,0,0,0.6825,0.36,0,0,1,0,0,1,199,132,3,2
1,0,0,0,0,0,0,0,0,0,1,0,0,1,0,0,24,225,172,2,2
0,0,0,1,0,0,0,0,0,0.0825,0.935,0,0,1,0,0,109,221,134,5,2
1,0,0,0,0,0,0,0,0,0.01,0.995,0,0,0,0.925,0.1575,11,207,207,4,2
0,0,1,0,0,0,0,0,0,1,0,0,0,1,0,0,77,133,136,0,2
1,0,0,0,0,0,0,0,0,0.9175,0.17,0,0,0,0.7775,0.4875,10,196,210,4,2
0.7,0,0,0,0,0.3,0,0,0,1,0,0,0,1,0,0,0,155,167,3,2
0.0075,0,0,0,0.0425,0.97,0,0,0,1,0,0,0,1,0.0025,0,178,140,167,3,2
1,0,0,0,0,0,0,0,0,1,0,0,0,0,0,1,24,161,215,2,2
0.605,0,0,0,0,0.395,0,0,0,1,0,0,0,1,0,0,0,155,171,3,2
0,0,0,0,0.1025,0.9875,0,0,0,1,0,0,0,0.9975,0.005,0,177,122,172,3,2
0,0,0,1,0,0,0,0,0,1,0,0,0,0,0.0425,0.9725,112,149,216,5,2
0.97,0,0,0,0,0.03,0,0,0,1,0,0,0,1,0,0,1,191,123,3,2
1,0,0,0,0,0,0,0,0,0.245,0.7825,0,0,1,0,0,9,194,164,4,2
0,0,0,1,0,0,0,1,0,0,0,0,0,0.9875,0.03,0,116,15,174,1,2
1,0,0,0,0,0,0,0,0,0.9675,0.045,0,0,1,0,0,1,196,121,3,2
1,0,0,0,0,0,0,0,0,0.025,0.975,0,0,1,0,0,9,225,162,4,2
0,0,0,1,0,0,0,0,0.0125,0.825,0.1775,0,0,1,0,0,111,189,129,5,2
1,0,0,0,0,0,0,0,0,0,1,0,0,1,0,0,23,229,166,2,2
1,0,0,0,0,0,0,0,0,0.0025,1,0,0,1,0,0,10,220,175,4,2
1,0,0,0,0,0,0,0,0,0,1,0,0,0.9975,0.01,0,23,216,177,2,2
0,0,1,0,0,0,0,0,0,1,0,0,0,1,0,0,77,144,122,0,2
0,0,0,1,0,0,0,0,0,0.5175,0.6125,0,0,1,0,0,111,202,165,5,2
0,0,0,1,0,0,0,1,0,0,0,0,0,0,0,1,114,28,227,1,2
1,0,0,0,0,0,0,0,0,0.0975,0.93,0,0,0,1,0,10,207,196,4,2
0,0,1,0,0,0,0,0,0,1,0,0,0,1,0,0,77,141,126,0,2
0,0,0,1,0,0,0,0,0,1,0,0,0,0.1,0.935,0,111,175,186,5,2
0,0,0,1,0,0,0,0,0,0.99,0.0525,0,0,0.9775,0.0625,0,111,194,177,5,2
1,0,0,0,0,0,0,0,0,1,0,0,0,0,1,0.0025,9,188,206,4,2
1,0,0,0,0,0,0,0,0,1,0,0,0,0,0,1,9,172,217,4,2
1,0,0,0,0,0,0,0,0,0.9875,0.0175,0,0,1,0,0,23,168,166,2,2
0,0,1,0,0,0,0,0,0,1,0,0,0,1,0,0,77,122,109,0,2
0,0,0,1,0,0,0,0,0,0.06,0.9425,0,0,1,0,0,110,234,122,5,2
0,0,0.0625,0.9375,0,0,0,1,0,0,0,0,0,1,0,0,109,11,160,1,2
0,0,0,1,0,0,0,0,0,0,1,0,0,1,0,0,110,218,126,5,2
0,0,0,1,0,0,0,1,0,0,0,0,0,1,0.02,0,113,18,174,1,2
1,0,0,0,0,0,0,0,0,0,1,0,0,1,0,0,24,238,165,2,2
1,0,0,0,0,0,0,0,0,0,1,0,0,1,0,0,24,233,164,2,2
0.1075,0,0,0.84,0.0675,0,0,1,0,0,0,0,0,1,0,0,120,3,170,1,2
0.93,0,0,0,0,0.07,0,0,0,1,0,0,0,1,0,0,0,168,156,3,2
1,0,0,0,0,0,0,0,0,0.785,0.31,0,0,0,1,0,25,197,199,2,2
1,0,0,0,0,0,0,0,0,0.995,0.01,0,0,0,0.9975,0.0625,10,192,208,4,2
0,0,0,1,0,0,0,0,0,0.66,0.4575,0,0,0.4775,0.7225,0,111,200,180,5,2
1,0,0,0,0,0,0,0,0,0.975,0.0275,0,0,0,1,0,25,192,201,2,2
0,0,1,0,0,0,0,0,0,1,0,0,0,1,0,0,78,118,138,0,2
0,0,1,0,0,0,0,0,0,1,0,0,0,1,0,0,76,139,130,0,2
0.565,0,0,0,0.07,0.3925,0,0,0,1,0,0,0,0.9425,0.07,0,0,155,163,3,2
0,0,0,1,0,0,0,1,0,0,0,0,0,0,0,1,114,29,233,1,2
1,0,0,0,0,0,0,0,0,1,0,0,0,1,0,0,23,175,168,2,3
1,0,0,0,0,0,0,0,0,1,0,0,0,1,0,0,8,177,167,4,3
0,0,0,1,0,0,0,0,0,0.0025,1,0,0,1,0,0,110,225,127,5,3
1,0,0,0,0,0,0,0,0,0.0825,0.93,0,0,1,0,0,24,215,160,2,3
1,0,0,0,0,0,0,0,0,0.055,0.97,0,0,1,0,0,9,206,167,4,3
1,0,0,0,0,0,0,0,0,0.1925,0.8975,0,0,1,0,0,24,207,170,2,3
1,0,0,0,0,0,0,0,0,0,1,0,0,1,0,0,9,221,173,4,3
0,0,0,1,0,0,0,0,0,0,1,0,0,1,0,0,110,212,130,5,3
0,0,0,1,0,0,0,0,0,0.015,0.9925,0,0,1,0,0,110,209,134,5,3
1,0,0,0,0,0,0,0,0,0.605,0.5875,0,0,0,1,0,24,199,199,2,3
1,0,0,0,0,0,0,0,0,0.685,0.3725,0,0,0,0.9975,0.005,10,198,203,4,3
0,0,0,1,0,0,0,0,0,1,0,0,0,0,1,0,112,190,187,5,3
0,0,1,0,0,0,0,0,0,1,0,0,0,1,0,0,78,129,138,0,3
0,0,0,1,0,0,0,0,0,0.995,0.015,0,0,0.2025,0.9075,0,111,190,182,5,3
0,0,1,0,0,0,0,0,0,1,0,0,0,1,0,0,80,111,145,0,3
0,0,0,1,0,0,0,1,0,0,0,0,0,0,0,1,114,31,234,1,3
0.0175,0.0725,0.8125,0.12,0,0,0,0.3375,0.0725,0.6,0,0,0,0.8225,0.1575,0.0375,78,121,145,0,3
0.01,0,0,0,0.0075,0.99,0,0,0,1,0,0,0,0.6225,0.515,0,177,113,180,3,3
1,0,0,0,0,0,0,0,0,0.42,0.6025,0,0,1,0,0,9,211,152,4,3
0,0,0,1,0,0,0,0,0,0.5125,0.5,0,0,1,0,0,110,195,119,5,3
0,0,1,0,0,0,0,0,0,1,0,0,0,1,0,0,73,175,87,0,3
0,0,1,0,0,0,0,0,0,1,0,0,0,1,0,0,74,168,83,0,3
0,0,1,0,0,0,0,0,0,1,0,0,0,1,0,0,74,159,90,0,3
1,0,0,0,0,0,0,0,0,0.0225,0.9825,0,0,1,0,0,24,216,162,2,3
1,0,0,0,0,0,0,0,0,0.2875,0.7525,0,0,1,0,0,2,208,114,3,3
1,0,0,0,0,0,0,0,0,0.09,0.935,0,0,1,0,0,2,205,123,3,3
1,0,0,0,0,0,0,0,0,0.2625,0.7975,0,0,1,0,0,2,204,125,3,3
0,0,0,1,0,0,0,1,0,0,0,0,0,0,1,0,116,27,206,1,3
0,0,0,1,0,0,0,1,0,0,0,0,0,0,0.995,0.025,112,32,206,1,3
1,0,0,0,0,0,0,0,0,0.3375,0.7625,0,0,0,1,0,11,199,199,4,3
1,0,0,0,0,0,0,0,0,0.8125,0.23,0,0,0,1,0,10,194,199,4,3
0,0,0,1,0,0,0,1,0,0,0,0,0,0,0,1,111,31,219,1,3
0,0,0,1,0,0,0,1,0,0,0,0,0,0,0,1,109,36,255,1,3
0,0,0,1,0,0,0,1,0,0,0,0,0,0,0.675,0.365,111,27,205,1,3
0.2025,0,0,0,0.02,0.7975,0,0,0,1,0,0,0,1,0,0,178,147,152,3,3
0,0,1,0,0,0,0,0,0,1,0,0,0,1,0,0,77,123,135,0,3
0,0,1,0,0,0,0,0,0,1,0,0,0,1,0,0,74,139,101,0,3
0.2325,0,0,0,0,0.7675,0,0,0,1,0,0,0,1,0,0,179,141,130,3,3
0,0,0,1,0,0,0,1,0,0,0,0,0,0,1,0,116,20,188,1,3
0,0,0,1,0,0,0,0,0,0.3975,0.6125,0,0,1,0,0,110,213,127,5,3
1,0,0,0,0,0,0,0,0,0,1,0,0,1,0,0,24,227,162,2,3
1,0,0,0,0,0,0,0,0,0,1,0,0,1,0,0,24,218,172,2,3
1,0,0,0,0,0,0,0,0,0,1,0,0,1,0,0,10,231,169,4,3
0.055,0,0,0.785,0.175,0,0,1,0,0,0,0,0,1,0,0,120,3,166,1,3
1,0,0,0,0,0,0,0,0,0,1,0,0,1,0,0,23,230,175,2,3
0,0,1,0,0,0,0,0,0,1,0,0,0,1,0,0,78,141,129,0,3
0,0,0,1,0,0,0,1,0,0,0,0,0,0,0,1,114,37,229,1,3
0,0,0,1,0,0,0,0,0,0.985,0.035,0,0,0.11,0.9525,0,111,191,184,5,3
0.93,0,0,0,0,0.07,0,0,0,1,0,0,0,1,0,0,0,163,158,3,3
0.265,0,0,0,0.0225,0.7225,0,0,0,1,0,0,0,1,0,0,179,149,159,3,3
0,0,0,1,0,0,0,0,0,1,0,0,0,0,1,0,111,167,199,5,3
0.8725,0,0,0,0,0.1275,0,0,0,1,0,0,0,1,0,0,0,159,160,3,3
1,0,0,0,0,0,0,0,0,1,0,0,0,0,1,0,10,188,204,4,3
1,0,0,0,0,0,0,0,0,1,0,0,0,0,0.7225,0.5225,24,162,210,2,3
1,0,0,0,0,0,0,0,0,0.4575,0.5925,0,0,1,0,0,1,203,113,3,4
0.64,0,0,0,0,0.36,0,0,0,1,0,0,0,1,0,0,0,144,124,3,4
0,0,1,0,0,0,0,0,0,1,0,0,0,1,0,0,73,165,91,0,4
0,0,0,1,0,0,0,0,0,0.075,0.9625,0,0,1,0,0,110,204,113,5,4
1,0,0,0,0,0,0,0,0,0.0025,0.9975,0,0,1,0,0,9,224,158,4,4
0.005,0,0.1025,0.8925,0,0,0,1,0,0,0,0,0,1,0,0,96,8,165,1,4
0.9875,0,0,0,0,0.0125,0,0,0,0.8825,0.135,0,0,1,0,0,2,199,119,3,4
0,0,0,1,0,0,0,0,0,0.345,0.6675,0,0,1,0,0,109,217,119,5,4
0,0,0.0525,0.9475,0,0,0,1,0,0,0,0,0,1,0,0,96,8,165,1,4
1,0,0,0,0,0,0,0,0,0.0075,0.9975,0,0,0,1,0,11,212,196,4,4
1,0,0,0,0,0,0,0,0,0.8375,0.2225,0,0,0,1,0,10,201,198,4,4
0,0,0,1,0,0,0,1,0,0,0,0,0,0,0,1,116,23,222,1,4
1,0,0,0,0,0,0,0,0,1,0,0,0,1,0,0,1,174,152,3,4
0,0,0,1,0,0,0,1,0,0,0,0,0,0,0,1,107,33,218,1,4
0,0,0,1,0,0,0,1,0,0,0,0,0,0,0,1,109,33,225,1,4
1,0,0,0,0,0,0,0,0,1,0,0,0,1,0,0,1,171,153,3,4
0,0,0.015,0.985,0,0,0,1,0,0,0,0,0,0,0.2825,0.7325,107,31,240,1,4
1,0,0,0,0,0,0,0,0,1,0.0075,0,0,0,1,0,10,188,205,4,4
0,0,0,1,0,0,0,0,0,1,0,0,0,1,0,0,111,164,133,5,4
1,0,0,0,0,0,0,0,0,0.485,0.5425,0,0,1,0,0,23,207,162,2,4
0,0,0,1,0,0,0,0,0,0.0175,0.9875,0,0,1,0,0,110,223,126,5,4
1,0,0,0,0,0,0,0,0,0.0175,0.9875,0,0,1,0,0,9,223,159,4,4
1,0,0,0,0,0,0,0,0,0.1225,0.88,0,0,1,0,0,23,210,162,2,4
1,0,0,0,0,0,0,0,0,0.3125,0.7175,0,0,1,0,0,8,211,172,4,4
1,0,0,0,0,0,0,0,0,0,1,0,0,1,0,0,24,219,163,2,4
1,0,0,0,0,0,0,0,0,0.0175,0.9825,0,0,0.98,0.0325,0,10,234,173,4,4
1,0,0,0,0,0,0,0,0,0,1,0,0,1,0,0,23,220,175,2,4
0,0,0,1,0,0,0,1,0,0,0,0,0,0,0,1,114,31,219,1,4
0.7275,0,0,0,0,0.2725,0,0,0,1,0,0,0,1,0,0,0,156,159,3,4
0,0,1,0,0,0,0,0,0,1,0,0,0,1,0,0,77,128,136,0,4
0,0,1,0,0,0,0,0,0,1,0,0,0,1,0,0,77,138,130,0,4
0,0,1,0,0,0,0,0,0,1,0,0,0,1,0,0,78,137,131,0,4
0,0.0075,0.935,0.0575,0,0,0,0.15,0.07,0.785,0,0,0,0.9,0.0875,0.0175,77,121,146,0,4
0,0,1,0,0,0,0,0,0,1,0,0,0,1,0,0,75,145,123,0,4
0.3775,0,0,0,0.055,0.575,0,0,0,1,0,0,0,0.955,0.0625,0,179,153,167,3,4
0,0,0,1,0,0,0,1,0,0,0,0,0,0,0,1,119,23,232,1,4
1,0,0,0,0,0,0,0,0,0.925,0.0825,0,0,1,0,0,24,166,157,2,4
0,0,0,1,0,0,0,0,0,0.97,0.035,0,0,1,0,0,111,178,136,5,4
1,0,0,0,0,0,0,0,0,1,0,0,0,1,0,0,8,188,174,4,4
0,0,1,0,0,0,0,0,0,1,0,0,0,1,0,0,75,164,92,0,4
0,0,0,1,0,0,0,0,0,0,1,0,0,1,0,0,110,220,125,5,4
0,0,1,0,0,0,0,0,0,1,0,0,0,1,0,0,74,151,102,0,4
1,0,0,0,0,0,0,0,0,0,1,0,0,1,0,0,24,227,164,2,4
1,0,0,0,0,0,0,0,0,0,1,0,0,1,0,0,24,232,166,2,4
0,0,1,0,0,0,0,0,0,1,0,0,0,1,0,0,73,157,106,0,4
0,0,0,1,0,0,0,0,0,0.08,0.935,0,0,0.55,0.7175,0,111,206,180,5,4
0,0,0,1,0,0,0,1,0,0,0,0,0,0,0,1,114,39,233,1,4
0.3725,0,0,0,0,0.6275,0,0,0,1,0,0,0,1,0,0,179,151,157,3,4
1,0,0,0,0,0,0,0,0,0.2975,0.77,0,0,0,1,0,25,203,189,2,4
0.1425,0,0,0,0.0475,0.8375,0,0,0,1,0,0,0,1,0,0,178,152,154,3,4
1,0,0,0,0,0,0,0,0,1,0,0,0,0,1,0,24,173,203,2,4
1,0,0,0,0,0,0,0,0,0.1475,0.885,0,0,0,1,0,10,206,202,4,4
0,0,0,1,0,0,0,0,0,1,0.0075,0,0,0.3475,0.83,0,111,189,180,5,4
0,0,0,1,0,0,0,0,0,1,0,0,0,0,1,0,111,175,196,5,4
1,0,0,0,0,0,0,0,0,0.1975,0.8525,0,0,1,0,0,8,206,166,4,5
0,0,0,1,0,0,0,1,0,0,0,0,0,0.125,0.9775,0,120,20,183,1,5
1,0,0,0,0,0,0,0,0,0,1,0,0,1,0,0,9,227,173,4,5
0,0,0,1,0,0,0,0,0,0.03,0.975,0,0,1,0,0,110,208,127,5,5
0,0,0,1,0,0,0,1,0,0,0,0,0,1,0.0075,0,113,18,175,1,5
1,0,0,0,0,0,0,0,0,0.3325,0.7125,0,0,1,0,0,23,206,173,2,5
1,0,0,0,0,0,0,0,0,0,1,0,0,1,0,0,9,223,167,4,5
1,0,0,0,0,0,0,0,0,0,1,0,0,0.9975,0.0425,0,23,229,177,2,5
0,0,0,1,0,0,0,0,0,0.0025,1,0,0,1,0,0,110,213,131,5,5
1,0,0,0,0,0,0,0,0,0.4875,0.6675,0,0,0,1,0,24,200,202,2,5
0,0,1,0,0,0,0,0,0,1,0,0,0,1,0,0,78,136,129,0,5
0,0,0,1,0,0,0,1,0,0,0,0,0,0,0,1,119,30,232,1,5
0,0,1,0,0,0,0,0,0,1,0,0,0,1,0,0,76,138,131,0,5
0,0,1,0,0,0,0,0,0,1,0,0,0,1,0,0,78,138,131,0,5
0.02,0,0,0,0.0325,0.975,0,0,0,1,0,0,0,1,0,0,177,145,163,3,5
1,0,0,0,0,0,0,0,0,0.035,0.975,0,0,0,0.465,0.7975,11,214,211,4,5
0.0175,0.065,0.79,0.1325,0,0,0,0.3225,0.07,0.6125,0,0,0,0.8575,0.135,0.025,78,128,138,0,5
0,0,1,0,0,0,0,0,0,1,0,0,0,1,0,0,78,121,146,0,5
0,0,0,1,0,0,0,1,0,0,0,0,0,1,0,0,113,18,172,1,5
0,0,0,1,0,0,0,1,0,0,0,0,0,0.9675,0.1275,0,113,23,174,1,5
0,0,0,1,0,0,0,1,0,0,0,0,0,0.9825,0.12,0,116,20,178,1,5
1,0,0,0,0,0,0,0,0,0.9075,0.15,0,0,1,0,0,2,196,121,3,5
0,0,0,1,0,0,0,0,0,0,1,0,0,1,0,0,110,209,127,5,5
0,0,1,0,0,0,0,0,0,1,0,0,0,1,0,0,75,143,105,0,5
1,0,0,0,0,0,0,0,0,0.02,0.9875,0,0,1,0,0,1,215,129,3,5
0,0,0,1,0,0,0,0,0,0.3575,0.65,0,0,1,0,0,110,215,126,5,5
1,0,0,0,0,0,0,0,0,0,1,0,0,1,0,0,24,219,171,2,5
0,0,0,1,0,0,0,0,0,0.0225,0.9875,0,0,1,0,0,111,205,166,5,5
1,0,0,0,0,0,0,0,0,0.3775,0.6625,0,0,0,1,0,11,204,199,4,5
1,0,0,0,0,0,0,0,0,0.3925,0.6625,0,0,0,1,0.015,24,203,205,2,5
0.9525,0,0,0,0,0.0475,0,0,0,1,0,0,0,1,0,0,1,162,157,3,5
1,0,0,0,0,0,0,0,0,0.7475,0.3075,0,0,0,1,0.0025,10,198,205,4,5
0,0,0,1,0,0,0,1,0,0,0,0,0,0,0,1,105,33,255,1,5
0.9075,0,0,0,0,0.0925,0,0,0,1,0,0,0,1,0,0,0,157,162,3,5
0,0,0,1,0,0,0,0,0,1,0,0,0,0.2925,0.8175,0,110,186,181,5,5
0.1475,0,0,0,0.005,0.8525,0,0,0,1,0,0,0,1,0,0,178,140,169,3,5
0,0,1,0,0,0,0,0,0,1,0,0,0,1,0,0,77,125,108,0,5
0,0,0,1,0,0,0,1,0,0,0,0,0,0.3925,0.675,0,116,26,184,1,5
0,0,1,0,0,0,0,0,0,1,0,0,0,1,0,0,77,126,110,0,5
1,0,0,0,0,0,0,0,0,0,1,0,0,1,0,0,10,226,158,4,5
0.84,0,0,0,0,0.16,0,0,0,0.995,0.0075,0,0,1,0,0,1,188,122,3,5
0.9175,0,0,0,0,0.0825,0,0,0,0.99,0.015,0,0,1,0,0,0,176,131,3,5
0,0,1,0,0,0,0,0,0,1,0,0,0,1,0,0,73,164,95,0,5
1,0,0,0,0,0,0,0,0,0,1,0,0,1,0,0,10,236,162,4,5
0,0,0,1,0,0,0,0,0,0.0575,0.96,0,0,1,0,0,110,218,132,5,5
1,0,0,0,0,0,0,0,0,0.4875,0.6225,0,0,0,1,0,25,201,197,2,5
1,0,0,0,0,0,0,0,0,0.7325,0.4025,0,0,0,1,0,10,199,197,4,5
0,0,0,1,0,0,0,0,0,0.965,0.0625,0,0,0,1,0,111,193,187,5,5
1,0,0,0,0,0,0,0,0,0.4475,0.61,0,0,0,1,0,25,199,195,2,5
1,0,0,0,0,0,0,0,0,0.9725,0.05,0,0,0,1,0,25,192,197,2,5
1,0,0,0,0,0,0,0,0,1,0,0,0,0,1,0,25,163,203,2,5
0.785,0,0,0,0,0.215,0,0,0,1,0,0,0,1,0,0,0,171,155,3,5
0,0,0,1,0,0,0,0,0,1,0,0,0,0.1975,0.8675,0,111,170,185,5,5
0,0,0,1,0,0,0,1,0,0,0,0,0,0,0,1,112,39,240,1,5
0.4275,0,0,0,0,0.5725,0,0,0,1,0,0,0,1,0,0,179,169,120,3,6
1,0,0,0,0,0,0,0,0,0.4775,0.535,0,0,1,0,0,9,210,157,4,6
0.365,0,0,0,0,0.635,0,0,0,1,0,0,0,1,0,0,179,148,133,3,6
0,0,0,1,0,0,0,0,0,0.485,0.5175,0,0,1,0,0,110,215,122,5,6
1,0,0,0,0,0,0,0,0,0,1,0,0,1,0,0,24,212,161,2,6
0.985,0,0,0,0,0.015,0,0,0,1,0,0,0,1,0,0,1,180,129,3,6
0,0,0,1,0,0,0,1,0,0,0,0,0,1,0,0,109,12,168,1,6
0,0,0,1,0,0,0,1,0,0,0,0,0,1,0,0,111,15,171,1,6
0,0,0.0125,0.9875,0,0,0,1,0,0,0,0,0,1,0.015,0,103,7,176,1,6
1,0,0,0,0,0,0,0,0,0.0125,1,0,0,0,1,0,25,206,189,2,6
0.9825,0,0,0,0,0.0175,0,0,0,1,0,0,0,1,0,0,1,164,147,3,6
0,0,0,1,0,0,0,0,0,0.925,0.0925,0,0,0.7725,0.3025,0,111,193,178,5,6
0,0,0,1,0,0,0,0,0,0.96,0.0425,0,0,1,0,0,111,192,171,5,6
1,0,0,0,0,0,0,0,0,0.41,0.73,0,0,0,1,0,10,200,198,4,6
0.9975,0,0,0,0,0.0025,0,0.0025,0.0075,0.99,0,0,0,0,0.4525,0.72,10,189,211,4,6
0,0,1,0,0,0,0,0,0,1,0,0,0,1,0,0,76,138,131,0,6
0,0,0,1,0,0,0,1,0,0,0,0,0,0,0.0625,0.9425,107,39,255,1,6
1,0,0,0,0,0,0,0,0,1,0,0,0,0,0.315,0.925,24,166,211,2,6
0,0,0,1,0,0,0,1,0,0,0,0,0,1,0.01,0,116,22,173,1,6
1,0,0,0,0,0,0,0,0,0.5075,0.5,0,0,1,0,0,8,207,160,4,6
0,0,1,0,0,0,0,0,0,1,0,0,0,1,0,0,75,165,94,0,6
1,0,0,0,0,0,0,0,0,0.0175,0.985,0,0,1,0,0,24,212,161,2,6
0.9925,0,0,0,0,0.0075,0,0,0,0.9325,0.0925,0,0,1,0,0,1,193,123,3,6
1,0,0,0,0,0,0,0,0,0.3275,0.7575,0,0,1,0,0,24,203,167,2,6
0,0,1,0,0,0,0,0,0,1,0,0,0,1,0,0,73,165,94,0,6
1,0,0,0,0,0,0,0,0,0,1,0,0,0.9975,0.01,0,10,224,174,4,6
0.99,0,0,0,0,0.01,0,0,0,1,0,0,0,1,0,0,1,188,135,3,6
0.8275,0,0,0,0,0.1725,0,0,0,1,0,0,0,1,0,0,0,169,151,3,6
0,0,0,1,0,0,0,0,0,0.5875,0.585,0,0,1,0.005,0,111,199,173,5,6
1,0,0,0,0,0,0,0,0,0.8025,0.2725,0,0,0,1,0,10,199,201,4,6
0,0,1,0,0,0,0,0,0,1,0,0,0,1,0,0,78,139,130,0,6
0,0,1,0,0,0,0,0,0,1,0,0,0,1,0,0,78,138,129,0,6
0,0,0.9375,0.075,0,0,0,0.155,0.075,0.785,0,0,0,0.9075,0.085,0.0175,77,121,144,0,6
1,0,0,0,0,0,0,0,0,0.66,0.495,0,0,0,1,0,25,199,197,2,6
1,0,0,0,0,0,0,0,0,1,0,0,0,0,1,0,24,177,203,2,6
1,0,0,0,0,0,0,0,0,1,0,0,0,0,0,1,9,178,215,4,6
0,0,0,1,0,0,0,0,0,0.9825,0.0425,0,0,1,0,0,110,188,125,5,6
0,0,0,1,0,0,0,0,0,0.7525,0.2625,0,0,1,0,0,110,178,127,5,6
1,0,0,0,0,0,0,0,0,0.3325,0.675,0,0,1,0,0,9,219,163,4,6
0,0,1,0,0,0,0,0,0,1,0,0,0,1,0,0,76,168,85,0,6
0,0,0,1,0,0,0,0,0,0,1,0,0,1,0,0,110,220,115,5,6
0.9525,0,0,0,0,0.0475,0,0,0,1,0,0,0,1,0,0,1,179,127,3,6
0,0,0,1,0,0,0,0,0,0,1,0,0,1,0,0,110,227,110,5,6
0,0,1,0,0,0,0,0,0,1,0,0,0,1,0,0,73,179,83,0,6
0,0,0,1,0,0,0,1,0,0,0,0,0,1,0,0,125,9,164,1,6
1,0,0,0,0,0,0,0,0,0.21,0.86,0,0,0,1,0,25,205,193,2,6
0,0,0,1,0,0,0,1,0,0,0,0,0,0,0,1,114,33,220,1,6
0,0,1,0,0,0,0,0,0,1,0,0,0,1,0,0,77,133,133,0,6
0,0,0,1,0,0,0,1,0,0,0,0,0,0,0,1,111,31,216,1,6
0,0,0,1,0,0,0,1,0,0,0,0,0,0,0,1,111,32,217,1,6
0.135,0,0,0,0,0.865,0,0,0,1,0,0,0,1,0,0,178,141,163,3,6
1,0,0,0,0,0,0,0,0,0,1,0,0,0,1,0,11,214,194,4,6
1,0,0,0,0,0,0,0,0,0.5225,0.645,0,0,0,1,0,24,200,195,2,6
0,0,0,1,0,0,0,0,0,1,0,0,0,0.935,0.1075,0,111,185,174,5,6
1,0,0,0,0,0,0,0,0,0.0375,0.975,0,0,1,0,0,9,210,159,4,7
0,0,0,1,0,0,0,0,0,0.2825,0.81,0,0,1,0,0,110,200,126,5,7
0.9975,0,0,0,0,0.0025,0,0,0,0.265,0.8,0,0,1,0,0,2,204,124,3,7
0,0,0,1,0,0,0,0,0,0,1,0,0,1,0,0,110,220,115,5,7
1,0,0,0,0,0,0,0,0,0,1,0,0,1,0,0,24,220,159,2,7
1,0,0,0,0,0,0,0,0,0.095,0.9175,0,0,1,0,0,9,224,164,4,7
1,0,0,0,0,0,0,0,0,0,1,0,0,1,0,0,24,234,157,2,7
0,0,1,0,0,0,0,0,0,1,0,0,0,1,0,0,73,151,94,0,7
0.02,0,0.0025,0.9775,0,0,0,1,0,0,0,0,0,1,0,0,120,8,170,1,7
0,0,0,1,0,0,0,1,0,0,0,0,0,0,0.055,0.9925,112,31,213,1,7
0,0,0,1,0,0,0,1,0,0,0,0,0,0,0.5425,0.5,111,28,213,1,7
1,0,0,0,0,0,0,0,0,0,1,0,0,0,1,0,11,206,203,4,7
0,0,0,1,0,0,0,0,0,0.59,0.4325,0,0,1,0,0,111,201,162,5,7
0,0,1,0,0,0,0,0,0,1,0,0,0,1,0,0,77,144,125,0,7
0,0,0,1,0,0,0,1,0,0,0,0,0,0,0,1,116,25,223,1,7
0,0,0,1,0,0,0,0,0,0.42,0.645,0,0,1,0.005,0,111,203,172,5,7
1,0,0,0,0,0,0,0,0,0.9025,0.125,0,0,0,1,0,25,193,198,2,7
1,0,0,0,0,0,0,0,0,1,0,0,0,0,0,1,9,174,216,4,7
0,0,1,0,0,0,0,0,0.01,0.99,0,0,0,1,0,0,77,121,114,0,7
1,0,0,0,0,0,0,0,0,0.72,0.3125,0,0,0.9925,0.01,0,23,205,167,2,7
1,0,0,0,0,0,0,0,0,0,1,0,0,0.97,0.1325,0,9,221,178,4,7
0,0,1,0,0,0,0,0,0,1,0,0,0,1,0,0,77,158,106,0,7
0,0,0,1,0,0,0,0,0,0.0425,0.9775,0,0,1,0,0,110,211,133,5,7
1,0,0,0,0,0,0,0,0,0.825,0.2125,0,0,0.985,0.065,0,23,198,177,2,7
0.9875,0,0,0,0,0.0125,0,0,0,0.99,0.015,0,0,1,0,0,1,196,134,3,7
0.9025,0,0,0,0,0.0975,0,0,0,1,0,0,0,1,0,0,1,182,136,3,7
1,0,0,0,0,0,0,0,0,0,1,0,0,0.0325,1,0,23,213,182,2,7
0,0,0,1,0,0,0,0,0,0.725,0.4425,0,0,0,1,0,111,200,184,5,7
1,0,0,0,0,0,0,0,0,1,0.0025,0,0,0,0.69,0.5025,10,196,209,4,7
0.1175,0,0,0,0,0.8825,0,0,0,1,0,0,0,1,0,0,179,149,173,3,7
0.62,0,0,0,0,0.38,0,0,0,1,0,0,0,1,0,0,0,158,170,3,7
0.275,0,0,0,0.055,0.7175,0,0,0,1,0,0,0,0.995,0.0125,0,179,155,170,3,7
0,0,1,0,0,0,0,0,0,1,0,0,0,1,0,0,77,117,151,0,7
0,0,1,0,0,0,0,0,0,1,0,0,0,1,0,0,76,134,135,0,7
0.995,0,0,0,0,0.005,0,0,0.01,0.99,0,0,0,0,0,1,8,176,225,4,7
0,0,1,0,0,0,0,0,0,1,0,0,0,1,0,0,78,101,157,0,7
1,0,0,0,0,0,0,0,0,1,0,0,0,1,0,0,24,178,155,2,7
0.4125,0,0,0,0,0.5875,0,0,0,1,0,0,0,1,0,0,179,149,122,3,7
1,0,0,0,0,0,0,0,0,0.3275,0.6925,0,0,1,0,0,24,221,158,2,7
0,0,0,0.995,0.0075,0,0,1,0,0,0,0,0,1,0,0,109,13,155,1,7
1,0,0,0,0,0,0,0,0,0,1,0,0,1,0,0,9,214,155,4,7
1,0,0,0,0,0,0,0,0,0,1,0,0,1,0,0,9,221,170,4,7
0,0,1,0,0,0,0,0,0,1,0,0,0,1,0,0,74,179,87,0,7
0,0.12,0.895,0,0,0,0,0.17,0.03,0.8,0,0,0,1,0,0,72,161,95,0,7
0,0,0,1,0,0,0,0,0,0,1,0,0,1,0,0,109,223,121,5,7
0,0,0,1,0,0,0,0,0,0.01,1,0,0,1,0,0,111,206,167,5,7
0,0,0,1,0,0,0,0,0,0.9375,0.0875,0,0,1,0,0,111,190,165,5,7
0.99,0,0,0,0,0.01,0,0,0,1,0,0,0,1,0,0,1,159,150,3,7
0,0,0,1,0,0,0,1,0,0,0,0,0,0,0,1,112,30,216,1,7
0,0,0,1,0,0,0,1,0,0,0,0,0,0,0,1,110,31,216,1,7
1,0,0,0,0,0,0,0,0,0.9975,0.0025,0,0,0,1,0,25,189,203,2,7
0,0,0,1,0,0,0,1,0,0,0,0,0,0,0,1,112,26,215,1,7
0.54,0,0,0,0,0.46,0,0,0,1,0,0,0,1,0,0,0,143,156,3,7
0,0,0,1,0,0,0,1,0,0,0,0,0,0,0,1,109,28,220,1,7
0.1025,0,0,0,0,0.8975,0,0,0,1,0,0,0,1,0,0,178,139,130,3,8
0,0,0,1,0,0,0,0,0,0.935,0.0725,0,0,1,0,0,110,178,133,5,8
0,0,1,0,0,0,0,0,0,1,0,0,0,1,0,0,76,126,113,0,8
0,0,0,1,0,0,0,0,0,0.885,0.16,0,0,1,0,0,109,194,128,5,8
0,0,1,0,0,0,0,0,0,1,0,0,0,1,0,0,74,158,104,0,8
1,0,0,0,0,0,0,0,0,0.03,0.9775,0,0,1,0,0,24,213,176,2,8
1,0,0,0,0,0,0,0,0,0,1,0,0,1,0,0,9,218,166,4,8
0,0.1225,0.885,0,0,0,0,0.185,0.0325,0.7825,0,0,0,1,0,0,73,140,110,0,8
0,0,0,1,0,0,0,0,0,0.0575,0.945,0,0,1,0,0,109,230,131,5,8
1,0,0,0,0,0,0,0,0,0.34,0.7825,0,0,0,0.6675,0.5375,11,200,209,4,8
0.725,0,0,0,0,0.275,0,0,0,1,0,0,0,1,0,0,0,156,159,3,8
0,0,0,1,0,0,0,1,0,0,0,0,0,0,0,1,110,37,236,1,8
0,0,0,1,0,0,0,0,0,0.9125,0.1375,0,0,0.0075,0.9975,0,111,198,185,5,8
0.1475,0,0,0,0.115,0.805,0,0,0.01,0.995,0,0,0,0.9925,0.0075,0,179,138,165,3,8
0.0025,0,0,0,0.005,0.9975,0,0,0,1,0,0,0,0.855,0.195,0,177,130,176,3,8
1,0,0,0,0,0,0,0,0,0.185,0.8475,0,0,0,0.6725,0.8675,24,204,210,2,8
1,0,0,0,0,0,0,0,0,1,0,0,0,0,0,1,7,150,217,4,8
0,0,0,1,0,0,0,0,0,1,0,0,0,0,0.065,0.9675,112,160,212,5,8
1,0,0,0,0,0,0,0,0,0.7725,0.26,0,0,1,0,0,23,203,159,2,8
0.3375,0,0,0,0,0.6625,0,0,0,1,0,0,0,1,0,0,179,153,124,3,8
0,0,0,1,0,0,0,1,0,0,0,0,0,1,0,0,116,21,174,1,8
0,0,1,0,0,0,0,0,0,1,0,0,0,1,0,0,73,151,93,0,8
1,0,0,0,0,0,0,0,0,0.055,0.96,0,0,1,0,0,9,217,162,4,8
0,0,0,1,0,0,0,1,0,0,0,0,0,1,0.0125,0,113,18,174,1,8
1,0,0,0,0,0,0,0,0,0.385,0.6575,0,0,1,0,0,2,202,124,3,8
1,0,0,0,0,0,0,0,0,0,1,0,0,1,0,0,9,227,173,4,8
1,0,0,0,0,0,0,0,0,0,1,0,0,1,0.015,0,9,220,177,4,8
0,0,0,1,0,0,0,0,0,0.09,0.9275,0,0,1,0,0,111,212,162,5,8
0,0,0,1,0,0,0,1,0,0,0,0,0,0,0.385,0.66,111,30,215,1,8
0.9475,0,0,0,0,0.0525,0,0,0,1,0,0,0,1,0,0,1,162,156,3,8
0,0,0,1,0,0,0,0,0,0.33,0.755,0,0,1,0.0025,0,111,206,171,5,8
1,0,0,0,0,0,0,0,0,0.79,0.3,0,0,0,1,0,25,197,194,2,8
0,0,1,0,0,0,0,0,0,1,0,0,0,1,0,0,78,128,136,0,8
0,0,0,1,0,0,0,1,0,0,0,0,0,0,0,1,111,27,216,1,8
0.1375,0,0,0,0.0025,0.8625,0,0,0,1,0,0,0,1,0,0,178,140,166,3,8
1,0,0,0,0,0,0,0,0,1,0,0,0,0,0,1,24,160,214,2,8
0,0,1,0,0,0,0,0,0,1,0,0,0,1,0,0,77,126,103,0,8
1,0,0,0,0,0,0,0,0,0.685,0.3225,0,0,1,0,0,23,174,161,2,8
0,0,0,1,0,0,0,0,0,0.1875,0.8275,0,0,1,0,0,110,206,124,5,8
1,0,0,0,0,0,0,0,0,0.035,0.9675,0,0,1,0,0,9,230,152,4,8
0,0,0,1,0,0,0,1,0,0,0,0,0,1,0,0,116,22,166,1,8
1,0,0,0,0,0,0,0,0,0.09,0.9125,0,0,1,0,0,9,217,168,4,8
1,0,0,0,0,0,0,0,0,0,1,0,0,1,0,0,24,223,160,2,8
0,0,1,0,0,0,0,0,0,1,0,0,0,1,0,0,74,175,86,0,8
1,0,0,0,0,0,0,0,0,0.0075,0.9925,0,0,1,0,0,1,211,127,3,8
0,0,0,1,0,0,0,1,0,0,0,0,0,0,0,1,114,38,221,1,8
0,0,0,1,0,0,0,1,0,0,0,0,0,0,0,1,114,37,223,1,8
0,0,1,0,0,0,0,0,0,1,0,0,0,1,0,0,77,128,136,0,8
1,0,0,0,0,0,0,0,0,0.0225,0.9925,0,0,0,1,0,25,206,188,2,8
0,0,0,1,0,0,0,0,0,0.7575,0.305,0,0,1,0,0,112,197,172,5,8
0,0,0,1,0,0,0,1,0,0,0,0,0,0,0,1,116,33,227,1,8
0,0,1,0,0,0,0,0,0,1,0,0,0,1,0,0,77,148,122,0,8
1,0,0,0,0,0,0,0,0,0.7925,0.2625,0,0,0,1,0,24,198,190,2,8
1,0,0,0,0,0,0,0,0,0.9875,0.02,0,0,0,1,0,10,189,199,4,8
0,0,0,1,0,0,0,1,0,0,0,0,0,0.8975,0.2675,0,116,22,177,1,9
0,0,0,1,0,0,0,0,0,0,1,0,0,1,0,0,110,213,133,5,9
0,0,0,1,0,0,0,0,0,0,1,0,0,1,0,0,110,226,133,5,9
0.9175,0,0,0,0,0.0825,0,0,0,1,0,0,0,1,0,0,1,181,127,3,9
1,0,0,0,0,0,0,0,0,0,1,0,0,1,0,0,24,214,167,2,9
0,0,0.1025,0.8975,0,0,0,1,0,0,0,0,0,0.8825,0.1675,0,103,10,175,1,9
0,0,1,0,0,0,0,0,0,1,0,0,0,1,0,0,73,151,102,0,9
0,0,1,0,0,0,0,0,0,1,0,0,0,1,0,0,74,154,102,0,9
0.995,0,0,0,0,0.005,0,0,0,0.9025,0.1525,0,0,1,0,0,1,188,141,3,9
1,0,0,0,0,0,0,0,0,0,1,0,0,0,1,0,11,206,205,4,9
0.9075,0,0,0,0,0.0925,0,0,0,1,0,0,0,1,0,0,0,165,155,3,9
1,0,0,0,0,0,0,0,0,0.8375,0.2225,0,0,0,0.655,0.755,23,193,210,2,9
0.0075,0.08,0.8125,0.1225,0,0,0,0.3425,0.0625,0.6,0,0,0,0.9,0.07,0.0375,76,137,132,0,9
0,0,0,1,0,0,0,0,0,0.9725,0.0625,0,0,0.91,0.1775,0,111,196,177,5,9
1,0,0,0,0,0,0,0,0,1,0,0,0,0,0.8125,0.3525,24,173,209,2,9
0,0,0,1,0,0,0,0,0,0.525,0.575,0,0,0.99,0.0225,0,111,201,176,5,9
1,0,0,0,0,0,0,0,0,0.9975,0.0025,0,0,0,0.0025,1,10,192,216,4,9
0,0,1,0,0,0,0,0,0,1,0,0,0,1,0,0,75,126,143,0,9
0,0,0,1,0,0,0,0,0,0.1975,0.8325,0,0,1,0,0,110,210,130,5,9
0,0,0,1,0,0,0,1,0,0,0,0,0,0.7675,0.39,0,116,20,176,1,9
1,0,0,0,0,0,0,0,0,0,1,0,0,1,0,0,24,215,165,2,9
0,0,0,1,0,0,0,0,0,0.2075,0.805,0,0,1,0,0,109,212,128,5,9
0,0,1,0,0,0,0,0,0,1,0,0,0,1,0,0,75,173,96,0,9
0.9375,0,0,0,0,0.0625,0,0,0,1,0,0,0,1,0,0,1,178,131,3,9
0,0,1,0,0,0,0,0,0,1,0,0,0,1,0,0,72,158,102,0,9
1,0,0,0,0,0,0,0,0,0.0125,0.9875,0,0,1,0,0,25,229,167,2,9
0,0,1,0,0,0,0,0,0,1,0,0,0,1,0,0,72,145,109,0,9
0.9775,0,0,0,0,0.0225,0,0,0,1,0,0,0,1,0,0,1,168,152,3,9
1,0,0,0,0,0,0,0,0,0.2125,0.86,0,0,0,1,0,11,202,196,4,9
1,0,0,0,0,0,0,0,0,0.7575,0.3125,0,0,0,1,0,25,194,200,2,9
0,0,0,1,0,0,0,0,0,0.9775,0.03,0,0,1,0,0,111,183,174,5,9
1,0,0,0,0,0,0,0,0,0.975,0.0825,0,0,0,1,0.0025,10,198,204,4,9
1,0,0,0,0,0,0,0,0,1,0,0,0,0,0,1,24,179,214,2,9
0,0,0,1,0,0,0,1,0,0,0,0,0,0,0,1,111,29,228,1,9
0.51,0,0,0,0.0625,0.4575,0,0,0,1,0,0,0,0.9675,0.05,0,0,152,168,3,9
1,0,0,0,0,0,0,0,0,1,0,0,0,0,0.005,1,9,178,216,4,9
0.245,0,0,0,0,0.755,0,0,0,1,0,0,0,1,0,0,179,135,129,3,9
1,0,0,0,0,0,0,0,0,0.735,0.3025,0,0,1,0,0,8,204,160,4,9
0,0,0,1,0,0,0,1,0,0,0,0,0,0.0175,0.99,0,116,20,186,1,9
0,0,0,1,0,0,0,1,0,0,0,0,0,1,0,0,110,27,172,1,9
0.8475,0,0,0,0,0.1525,0,0,0,1,0,0,0,1,0,0,1,185,123,3,9
0,0,0,1,0,0,0,1,0,0,0,0,0,1,0.005,0,109,12,173,1,9
0,0,0,1,0,0,0,1,0,0,0,0,0,1,0,0,111,15,170,1,9
0,0,1,0,0,0,0,0,0,1,0,0,0,1,0,0,74,174,94,0,9
0,0,0,1,0,0,0,0,0,0.005,0.9975,0,0,1,0,0,110,212,130,5,9
1,0,0,0,0,0,0,0,0,0.01,0.995,0,0,0,1,0,11,207,201,4,9
0,0,1,0,0,0,0,0,0,1,0,0,0,1,0,0,77,137,132,0,9
0.585,0,0,0,0,0.415,0,0,0,1,0,0,0,1,0,0,0,143,164,3,9
1,0,0,0,0,0,0,0,0,0.1825,0.8475,0,0,0,1,0,11,205,200,4,9
0,0,0,1,0,0,0,1,0,0,0,0,0,0,0,1,110,40,231,1,9
1,0,0,0,0,0,0,0,0,1,0,0,0,0,0.9875,0.0575,24,164,208,2,9
1,0,0,0,0,0,0,0,0,0.1,0.935,0,0,0,1,0,11,203,202,4,9
0,0,0,1,0,0,0,0,0,0.9625,0.055,0,0,1,0.01,0,111,193,174,5,9
1,0,0,0,0,0,0,0,0,1,0,0,0,0,0.5075,0.695,24,168,211,2,9
0,0,1,0,0,0,0,0,0,1,0,0,0,1,0,0,76,169,97,0,10
0,0,0,1,0,0,0,0,0,0.605,0.41,0,0,1,0,0,110,213,135,5,10
0.8825,0,0,0,0,0.1175,0,0,0,0.7975,0.255,0,0,1,0,0,0,189,133,3,10
0.9675,0,0,0,0,0.0325,0,0,0,1,0,0,0,1,0,0,1,183,125,3,10
1,0,0,0,0,0,0,0,0,0,1,0,0,1,0,0,9,225,172,4,10
1,0,0,0,0,0,0,0,0,0.0825,0.9275,0,0,0.9475,0.225,0,9,212,178,4,10
0.99,0,0,0,0,0.01,0,0,0,1,0,0,0,1,0,0,1,187,131,3,10
1,0,0,0,0,0,0,0,0,0,1,0,0,0.59,0.785,0,23,221,180,2,10
1,0,0,0,0,0,0,0,0,0,1,0,0,0.645,0.64,0,23,214,180,2,10
0,0,1,0,0,0,0,0,0,1,0,0,0,1,0,0,77,138,131,0,10
1,0,0,0,0,0,0,0,0,0.9725,0.1225,0,0,0,1,0,10,198,204,4,10
1,0,0,0,0,0,0,0,0,0.7125,0.3875,0,0,0,0,1,10,197,217,4,10
0,0,1,0,0,0,0,0,0,1,0,0,0,1,0,0,78,137,136,0,10
1,0,0,0,0,0,0,0,0,0.935,0.09,0,0,0,0.995,0.03,25,188,208,2,10
0,0,0,1,0,0,0,0,0,1,0,0,0,0,1,0,110,186,201,5,10
0.35,0,0,0,0.0025,0.65,0,0,0,1,0,0,0,1,0,0,179,161,171,3,10
0,0,1,0,0,0,0,0,0,1,0,0,0,1,0,0,78,127,143,0,10
1,0,0,0,0,0,0,0,0,1,0,0,0,0,0,1,24,175,221,2,10
0,0,0,1,0,0,0,1,0,0,0,0,0,0.765,0.3125,0,113,23,179,1,10
0,0,1,0,0,0,0,0,0,1,0,0,0,1,0,0,77,123,94,0,10
0,0,0,1,0,0,0,0,0,0.295,0.7375,0,0,1,0,0,110,225,127,5,10
1,0,0,0,0,0,0,0,0,0,1,0,0,1,0,0,24,217,160,2,10
0,0,0,1,0,0,0,1,0,0,0,0,0,1,0,0,111,15,169,1,10
0,0,0,1,0,0,0,1,0,0,0,0,0,1,0,0,111,12,171,1,10
0,0,1,0,0,0,0,0,0,1,0,0,0,1,0,0,74,168,95,0,10
0,0,0.425,0.575,0,0,0,1,0,0,0,0,0,1,0,0,96,8,165,1,10
1,0,0,0,0,0,0,0,0,0,1,0,0,1,0.0225,0,10,229,178,4,10
0,0,0,1,0,0,0,1,0,0,0,0,0,0,0,1,112,38,223,1,10
1,0,0,0,0,0,0,0,0,0.76,0.295,0,0,0,1,0,10,198,201,4,10
0,0,0,1,0,0,0,0,0,0.9975,0.0125,0,0,0.1,0.9425,0,111,188,184,5,10
0.98,0,0,0,0,0.02,0,0,0,1,0,0,0,1,0,0,1,163,156,3,10
0,0,0,1,0,0,0,0,0,0.9625,0.0725,0,0,0.9275,0.1675,0,111,196,176,5,10
1,0,0,0,0,0,0,0,0,1,0,0,0,0,0.9625,0.0825,25,170,207,2,10
0,0,0,1,0,0,0,0,0,0.0925,0.92,0,0,1,0,0,110,209,170,5,10
1,0,0,0,0,0,0,0,0,0.9775,0.04,0,0,0,0.7675,0.485,10,185,210,4,10
1,0,0,0,0,0,0,0,0,1,0,0,0,0,0,1,8,161,215,4,10
0.395,0,0,0,0,0.605,0,0,0,0.9975,0.0025,0,0,1,0,0,179,141,127,3,10
0.64,0,0,0,0,0.36,0,0,0,1,0,0,0,1,0,0,0,148,130,3,10
0,0,0,1,0,0,0,1,0,0,0,0,0,0.97,0.085,0,111,14,177,1,10
0.9775,0,0,0,0,0.0225,0,0,0,0.9025,0.1175,0,0,1,0,0,1,192,117,3,10
0,0,1,0,0,0,0,0,0,1,0,0,0,1,0,0,74,171,88,0,10
1,0,0,0,0,0,0,0,0,0,1,0,0,1,0,0,24,216,162,2,10
1,0,0,0,0,0,0,0,0,0,1,0,0,1,0,0,24,228,153,2,10
0,0,0,1,0,0,0,0,0,0.3925,0.615,0,0,1,0,0,110,226,116,5,10
0,0,1,0,0,0,0,0,0,1,0,0,0,1,0,0,72,156,98,0,10
1,0,0,0,0,0,0,0,0,0.03,0.9775,0,0,0,1,0,10,208,199,4,10
0.0025,0.0225,0.8875,0.0975,0,0,0,0.1725,0.0375,0.7925,0,0,0,0.9675,0.035,0,78,137,131,0,10
0,0,0,1,0,0,0,1,0,0,0,0,0,0,0,1,114,36,231,1,10
0,0,0,1,0,0,0,0,0,0.3425,0.6975,0,0,1,0,0,111,205,163,5,10
0.62,0,0,0,0.0525,0.3575,0,0,0,1,0,0,0,1,0,0,0,156,150,3,10
0,0,0,1,0,0,0,1,0,0,0,0,0,0,0,1,118,22,218,1,10
1,0,0,0,0,0,0,0,0,0.2075,0.9,0,0,0,1,0,24,201,201,2,10
0,0,0,1,0,0,0,1,0,0,0,0,0,0,0,1,112,30,218,1,10
0,0,0,1,0,0,0,0,0,1,0,0,0,0.67,0.4375,0,111,181,179,5,10
0.535,0,0,0,0,0.465,0,0,0,1,0,0,0,1,0,0,0,155,131,3,11
0,0,1,0,0,0,0,0,0,1,0,0,0,1,0,0,79,121,113,0,11
0,0,1,0,0,0,0,0,0,1,0,0,0,1,0,0,77,121,114,0,11
0,0,1,0,0,0,0,0,0,1,0,0,0,1,0,0,74,145,105,0,11
1,0,0,0,0,0,0,0,0,0.0075,0.9925,0,0,1,0,0,9,212,171,4,11
0,0,0,1,0,0,0,1,0,0,0,0,0,0.0225,0.9975,0,116,19,186,1,11
0,0,0,1,0,0,0,0,0,0.01,0.99,0,0,1,0,0,110,213,133,5,11
0,0,0,1,0,0,0,0,0,0.0675,0.95,0,0,1,0,0,110,204,133,5,11
0,0,1,0,0,0,0,0,0,1,0,0,0,1,0,0,72,162,111,0,11
1,0,0,0,0,0,0,0,0,0.0975,0.9525,0,0,0,0.975,0.1,11,205,208,4,11
1,0,0,0,0,0,0,0,0,0.745,0.33,0,0,0,1,0.005,10,197,207,4,11
1,0,0,0,0,0,0,0,0,0.96,0.05,0,0,0,0.035,1,10,196,214,4,11
0,0,0,1,0,0,0,0,0,0.9875,0.025,0,0,0,1,0,110,190,188,5,11
1,0,0,0,0,0,0,0,0,1,0,0,0,0,0.335,0.9475,25,182,211,2,11
1,0,0,0,0,0,0,0,0,1,0,0,0,0,0,1,8,158,227,4,11
1,0,0,0,0,0,0,0,0,0.8825,0.16,0,0,0,0,1,10,192,220,4,11
1,0,0,0,0,0,0,0,0,1,0,0,0,0,0,1,8,153,218,4,11
0,0,0,0,0.7175,0.6675,0,0,0,1,0,0,0,0,1,0,175,104,188,3,11
0,0,0,1,0,0,0,0,0,1,0,0,0,1,0,0,111,177,131,5,11
1,0,0,0,0,0,0,0,0,0.7625,0.2575,0,0,1,0,0,23,177,163,2,11
1,0,0,0,0,0,0,0,0,0,1,0,0,1,0,0,9,224,166,4,11
0.89,0,0,0,0,0.11,0,0,0,1,0,0,0,1,0,0,0,190,117,3,11
0,0,0,1,0,0,0,1,0,0,0,0,0,1,0,0,109,13,160,1,11
1,0,0,0,0,0,0,0,0,0.02,0.985,0,0,1,0,0,24,207,165,2,11
0,0.005,0.0075,0.9875,0,0,0,1,0,0,0,0,0,1,0,0,109,13,161,1,11
0.005,0.21,0.8,0,0,0,0,0.2825,0.0425,0.6775,0,0,0,1,0,0,73,164,95,0,11
1,0,0,0,0,0,0,0,0,0.4975,0.6175,0,0,1,0,0,1,200,128,3,11
0,0,0,1,0,0,0,1,0,0,0,0,0,0,0,1,114,37,223,1,11
1,0,0,0,0,0,0,0,0,0.9975,0.0175,0,0,0,1,0,25,196,195,2,11
0,0,0,1,0,0,0,1,0,0,0,0,0,0,0,1,114,31,233,1,11
1,0,0,0,0,0,0,0,0,0.6325,0.43,0,0,0,1,0,10,199,198,4,11
0,0,0,1,0,0,0,0,0,0.98,0.0425,0,0,1,0,0,111,194,171,5,11
0,0,1,0,0,0,0,0,0,1,0,0,0,1,0,0,78,127,130,0,11
0,0,0,1,0,0,0,1,0,0,0,0,0,0,0.27,0.7825,112,30,211,1,11
0.2475,0,0,0,0,0.7525,0,0,0,1,0,0,0,1,0,0,179,148,159,3,11
0,0,1,0,0,0,0,0,0,1,0,0,0,1,0,0,78,120,136,0,11
1,0,0,0,0,0,0,0,0,0,1,0,0,1,0,0,24,222,147,2,11
0,0,0,1,0,0,0,0,0,0.615,0.3975,0,0,1,0,0,110,184,129,5,11
0,0,1,0,0,0,0,0,0,1,0,0,0,1,0,0,75,129,107,0,11
1,0,0,0,0,0,0,0,0,0.6,0.4975,0,0,1,0,0,2,201,115,3,11
0,0,1,0,0,0,0,0,0,1,0,0,0,1,0,0,74,175,89,0,11
1,0,0,0,0,0,0,0,0,0,1,0,0,1,0,0,24,227,162,2,11
1,0,0,0,0,0,0,0,0,0,1,0,0,1,0,0,24,237,158,2,11
0,0,0,1,0,0,0,0,0,0.405,0.6025,0,0,1,0,0,110,225,118,5,11
1,0,0,0,0,0,0,0,0,0,1,0,0,1,0,0,23,234,170,2,11
0.98,0,0,0,0,0.02,0,0,0,1,0,0,0,1,0,0,1,171,148,3,11
0,0,0,1,0,0,0,1,0,0,0,0,0,0,0.47,0.57,110,31,212,1,11
0,0,0,1,0,0,0,0,0,0.8775,0.1675,0,0,0.9875,0.0225,0,111,193,174,5,11
0.955,0,0,0,0,0.045,0,0,0,1,0,0,0,1,0,0,1,169,150,3,11
0.435,0,0,0,0.015,0.5625,0,0,0,1,0,0,0,1,0,0,0,150,152,3,11
0,0,0,1,0,0,0,1,0,0,0,0,0,0,0,1,114,30,223,1,11
0,0,0,1,0,0,0,0,0,0.0475,0.9775,0,0,1,0,0,111,206,165,5,11
0,0,0,1,0,0,0,1,0,0,0,0,0,0,0.3775,0.8075,116,23,211,1,11
1,0,0,0,0,0,0,0,0,0.995,0.02,0,0,0,1,0,25,187,197,2,11
1,0,0,0,0,0,0,0,0,0.18,0.8775,0,0,1,0,0,24,218,159,2,12
0.47,0,0,0,0,0.53,0,0,0,1,0,0,0,1,0,0,0,147,132,3,12
1,0,0,0,0,0,0,0.01,0.0325,0.0575,0.9,0,0,1,0,0,10,230,166,4,12
1,0,0,0,0,0,0,0,0,0.0275,0.9725,0,0,1,0,0,10,228,162,4,12
1,0,0,0,0,0,0,0,0,0,1,0,0,1,0,0,9,219,163,4,12
0,0,0.9575,0.045,0,0,0,0.12,0.0325,0.85,0,0,0,1,0,0,76,126,108,0,12
0,0,1,0,0,0,0,0,0,1,0,0,0,1,0,0,74,176,95,0,12
0,0,0,1,0,0,0,0,0,0.495,0.545,0,0,1,0,0,110,202,125,5,12
0.99,0,0,0,0,0.01,0,0,0,1,0,0,0,1,0,0,1,187,131,3,12
1,0,0,0,0,0,0,0,0,0.08,0.9575,0,0,0,1,0,25,205,197,2,12
1,0,0,0,0,0,0,0,0.0025,0.6775,0.3775,0,0,0,1,0,10,203,201,4,12
0,0,0,1,0,0,0,1,0,0,0,0,0,0,0,1,114,39,231,1,12
0.9575,0,0,0,0,0.0425,0,0,0,1,0,0,0,1,0,0,1,168,153,3,12
0,0,0,1,0,0,0,0,0,0.965,0.0725,0,0,0.9925,0.0325,0,111,197,176,5,12
1,0,0,0,0,0,0,0,0,1,0,0,0,0,1,0,25,180,204,2,12
0,0,0,1,0,0,0,1,0,0,0,0,0,0,0,1,111,30,219,1,12
0,0,1,0,0,0,0,0,0,1,0,0,0,1,0,0,77,136,133,0,12
0,0,0,1,0,0,0,1,0,0,0,0,0,0,0,1,112,29,230,1,12
0.7,0,0,0,0,0.3,0,0,0,1,0,0,0,1,0,0,0,153,128,3,12
0,0,0,1,0,0,0,1,0,0,0,0,0,0.9975,0.005,0,111,12,172,1,12
1,0,0,0,0,0,0,0,0,0.2925,0.7575,0,0,1,0,0,24,214,170,2,12
0,0,1,0,0,0,0,0,0,1,0,0,0,1,0,0,74,165,94,0,12
0,0,1,0,0,0,0,0,0,1,0,0,0,1,0,0,74,160,95,0,12
1,0,0,0,0,0,0,0,0,0,1,0,0,1,0,0,9,217,168,4,12
1,0,0,0,0,0,0,0,0,0,1,0,0,1,0,0,10,230,166,4,12
0,0,0,1,0,0,0,1,0,0,0,0,0,1,0,0,109,12,168,1,12
0,0,0.08,0.92,0,0,0,1,0,0,0,0,0,1,0,0,96,7,171,1,12
0.98,0,0,0,0,0.02,0,0,0,1,0,0,0,1,0,0,1,163,160,3,12
0.61,0,0,0,0,0.39,0,0,0,1,0,0,0,1,0,0,0,143,161,3,12
0,0,0,1,0,0,0,0,0,1,0,0,0,0,1,0,111,186,187,5,12
0,0,0,1,0,0,0,0,0,1,0,0,0,0.5025,0.56,0,111,191,178,5,12
0,0,0,1,0,0,0,1,0,0,0,0,0,0,0,1,109,32,231,1,12
1,0,0,0,0,0,0,0,0,1,0,0,0,0,0.0525,0.995,8,166,213,4,12
0.975,0,0,0,0,0.025,0,0,0,1,0,0,0,1,0,0,1,162,163,3,12
0.22,0,0,0,0.035,0.765,0,0,0,1,0,0,0,0.9175,0.12,0,179,138,170,3,12
1,0,0,0,0,0,0,0,0,1,0,0,0,0,0,1,9,165,223,4,12
0,0,0,1,0,0,0,0,0,0.7225,0.28,0,0,1,0,0,110,172,132,5,12
1,0,0,0,0,0,0,0,0,0.585,0.4375,0,0,1,0,0,23,177,161,2,12
0,0,0,1,0,0,0,0,0,0.2275,0.775,0,0,1,0,0,110,227,127,5,12
0,0,0,1,0,0,0,1,0,0,0,0,0,1,0,0,116,21,172,1,12
1,0,0,0,0,0,0,0,0,0,1,0,0,1,0,0,24,216,162,2,12
0.0225,0.03,0.0875,0.885,0,0,0,1,0,0,0,0,0,0.9975,0.0075,0,103,9,165,1,12
0,0,1,0,0,0,0,0,0,1,0,0,0,1,0,0,72,165,94,0,12
1,0,0,0,0,0,0,0,0,0,1,0,0,1,0,0,23,223,175,2,12
1,0,0,0,0,0,0,0,0,0,1,0,0,0.5575,0.84,0,9,221,180,4,12
1,0,0,0,0,0,0,0,0,0.1075,0.9375,0,0,0,1,0,24,205,193,2,12
0,0,0,1,0,0,0,0,0,0.6875,0.4175,0,0,1,0,0,111,199,174,5,12
0,0,1,0,0,0,0,0,0,1,0,0,0,1,0,0,77,132,133,0,12
0.0075,0.0875,0.76,0.17,0,0,0,0.3675,0.0725,0.565,0,0,0,0.8825,0.07,0.0475,77,137,131,0,12
0.2025,0,0,0,0.05,0.7725,0,0,0,1,0,0,0,1,0,0,179,154,159,3,12
1,0,0,0,0,0,0,0,0,1,0,0,0,0,0.7575,0.5025,24,174,210,2,12
0,0,0,1,0,0,0,0,0,0.5675,0.5025,0,0,0.865,0.225,0,110,199,177,5,12
0,0,0,1,0,0,0,0,0,1,0,0,0,0.0075,1,0,111,185,186,5,12
0,0,1,0,0,0,0,0,0,1,0,0,0,1,0,0,80,100,151,0,12
1,0,0,0,0,0,0,0,0,1,0,0,0,1,0,0,1,185,127,3,13
0.9775,0,0,0,0,0.0225,0,0,0,0.98,0.03,0,0,1,0,0,1,187,127,3,13
0,0,0,1,0,0,0,0,0,0.1125,0.91,0,0,1,0,0,110,220,133,5,13
0,0,0,1,0,0,0,0,0,0.565,0.4625,0,0,1,0,0,110,204,130,5,13
0,0,0,1,0,0,0,1,0,0,0,0,0,0.935,0.19,0,111,14,176,1,13
1,0,0,0,0,0,0,0,0,0.015,0.995,0,0,0.8,0.4475,0,9,215,179,4,13
1,0,0,0,0,0,0,0,0,0,1,0,0,0.64,0.58,0,10,231,179,4,13
1,0,0,0,0,0,0,0,0,0.575,0.52,0,0,1,0,0,2,202,141,3,13
1,0,0,0,0,0,0,0,0,0.0025,0.9975,0,0,0.13,0.9725,0,23,220,182,2,13
0,0,0,1,0,0,0,1,0,0,0,0,0,0,0,1,112,30,220,1,13
1,0,0,0,0,0,0,0,0,0.4675,0.5675,0,0,0,0.995,0.01,10,203,205,4,13
0,0,0,1,0,0,0,0,0,0.955,0.055,0,0,0.9875,0.0475,0,111,193,175,5,13
0,0,1,0,0,0,0,0,0,1,0,0,0,1,0,0,76,137,132,0,13
0,0,0,1,0,0,0,0,0,0.8975,0.11,0,0,0.5125,0.65,0,111,190,181,5,13
1,0,0,0,0,0,0,0,0,0.955,0.0725,0,0,0,0,1,10,190,222,4,13
0.96,0,0,0,0.0025,0.04,0,0,0,1,0,0,0,1,0,0,1,167,170,3,13
0,0,1,0,0,0,0,0,0,1,0,0,0,1,0,0,76,130,139,0,13
1,0,0,0,0,0,0,0,0,0.995,0.005,0,0,0,0,1,10,183,222,4,13
1,0,0,0,0,0,0,0,0,0.3775,0.6925,0,0,1,0,0,24,201,161,2,13
1,0,0,0,0,0,0,0,0,0.895,0.125,0,0,1,0,0,9,184,161,4,13
0,0,1,0,0,0,0,0,0,1,0,0,0,1,0,0,74,169,95,0,13
1,0,0,0,0,0,0,0,0,0,1,0,0,1,0,0,24,217,159,2,13
0,0,1,0,0,0,0,0,0,1,0,0,0,1,0,0,75,160,94,0,13
0,0,0,1,0,0,0,1,0,0,0,0,0,0.9975,0.01,0,116,23,177,1,13
0,0,0,1,0,0,0,0,0,0,1,0,0,1,0,0,110,225,127,5,13
0,0.0775,0.9375,0,0,0,0,0.195,0.04,0.7675,0,0,0,1,0,0,73,146,106,0,13
0,0,0,1,0,0,0,1,0,0,0,0,0,0.9975,0.04,0,111,12,176,1,13
0,0,0,1,0,0,0,1,0,0,0,0,0,0,0,1,114,38,224,1,13
1,0,0,0,0,0,0,0,0,0.725,0.36,0,0,0,1,0,25,196,193,2,13
0,0,0,1,0,0,0,0,0,1,0.01,0,0,0.8775,0.305,0,112,194,178,5,13
0,0,0,1,0,0,0,0,0,0.1125,0.915,0,0,0.9825,0.09,0,110,205,177,5,13
0.15,0,0,0,0.0725,0.8375,0,0,0,1,0,0,0,1,0,0,178,151,155,3,13
0.0625,0,0,0,0.0125,0.9375,0,0,0,1,0,0,0,1,0,0,178,140,158,3,13
0.9825,0,0,0,0,0.0175,0,0,0,1,0,0,0,1,0,0,0,165,155,3,13
1,0,0,0,0,0,0,0,0,1,0,0,0,0,1,0,25,185,201,2,13
1,0,0,0,0,0,0,0,0,1,0,0,0,0,0.275,0.875,24,166,211,2,13
0,0,1,0,0,0,0,0,0,1,0,0,0,1,0,0,77,140,91,0,13
0,0,1,0,0,0,0,0,0,1,0,0,0,1,0,0,77,121,104,0,13
1,0,0,0,0,0,0,0,0,0.65,0.3575,0,0,1,0,0,8,188,170,4,13
0,0,0,1,0,0,0,0,0,0.3275,0.71,0,0,1,0,0,110,205,116,5,13
1,0,0,0,0,0,0,0,0,0.0125,0.99,0,0,1,0,0,9,226,157,4,13
0,0,0,1,0,0,0,1,0,0,0,0,0,1,0,0,125,9,166,1,13
0.9975,0,0,0,0,0.0025,0,0,0,0.71,0.36,0,0,1,0,0,1,198,120,3,13
1,0,0,0,0,0,0,0,0,0,1,0,0,1,0,0,23,233,163,2,13
1,0,0,0,0,0,0,0,0,0,1,0,0,1,0,0,9,232,168,4,13
0,0,0,1,0,0,0,1,0,0,0,0,0,0,0,1,114,32,217,1,13
0,0,0,1,0,0,0,1,0,0,0,0,0,0,0.5125,0.5375,112,29,209,1,13
0,0,1,0,0,0,0,0,0,1,0,0,0,1,0,0,78,131,128,0,13
0.77,0,0,0,0,0.23,0,0,0,1,0,0,0,1,0,0,0,162,154,3,13
1,0,0,0,0,0,0,0,0,0.9875,0.0325,0,0,0,1,0,25,192,194,2,13
0,0,0,1,0,0,0,0,0,1,0,0,0,0.9225,0.1175,0,111,180,174,5,13
1,0,0,0,0,0,0,0,0,0.01,1,0,0,0,1,0,24,206,192,2,13
0,0,0,1,0,0,0,1,0,0,0,0,0,0,0.5575,0.7125,118,23,211,1,13
0,0,1,0,0,0,0,0,0,1,0,0,0,1,0,0,77,113,136,0,13
1,0,0,0,0,0,0,0,0,0,1,0,0,1,0,0,10,235,155,4,14
0,0,0,1,0,0,0,0,0,0.5775,0.43,0,0,1,0,0,110,215,122,5,14
0,0,1,0,0,0,0,0,0,1,0,0,0,1,0,0,74,164,99,0,14
0.995,0,0,0,0,0.005,0,0,0,0.995,0.005,0,0,1,0,0,1,191,120,3,14
1,0,0,0,0,0,0,0,0,0,1,0,0,1,0,0,10,222,162,4,14
0.9975,0,0,0,0,0.0025,0,0,0,0.8525,0.21,0,0,1,0,0,2,196,134,3,14
0.9675,0,0,0,0,0.0325,0,0,0,0.7525,0.3,0,0,1,0,0,2,196,126,3,14
0,0,1,0,0,0,0,0,0,1,0,0,0,1,0,0,73,165,92,0,14
1,0,0,0,0,0,0,0,0,0,1,0,0,1,0,0,23,229,176,2,14
1,0,0,0,0,0,0,0,0,1,0,0,0,1,0,0,1,173,151,3,14
0,0,0,1,0,0,0,1,0,0,0,0,0,0,0.08,0.9725,116,26,213,1,14
1,0,0,0,0,0,0,0,0,0.045,0.9775,0,0,0,1,0,11,205,204,4,14
0,0,0,1,0,0,0,1,0,0,0,0,0,0,0.05,0.99,112,26,212,1,14
1,0,0,0,0,0,0,0,0,0.155,0.9175,0,0,0,1,0,25,204,190,2,14
0,0,0,1,0,0,0,0,0,1,0,0,0,0.9,0.18,0,111,181,178,5,14
0,0,0,1,0,0,0,0,0,0.065,0.96,0,0,1,0,0,111,209,168,5,14
0,0,0,1,0,0,0,1,0,0,0,0,0,0,0.1275,0.88,107,25,218,1,14
0,0,1,0,0,0,0,0,0,1,0,0,0,1,0,0,75,128,138,0,14
0,0,1,0,0,0,0,0,0,1,0,0,0,1,0,0,74,145,93,0,14
0,0,0,1,0,0,0,0,0,0.68,0.3225,0,0,1,0,0,110,188,127,5,14
0,0,0,1,0,0,0,0,0,0,1,0,0,1,0,0,110,221,127,5,14
1,0,0,0,0,0,0,0,0,0.1975,0.81,0,0,1,0,0,9,215,165,4,14
0,0,0,1,0,0,0,1,0,0,0,0,0,1,0,0,116,21,171,1,14
0,0,1,0,0,0,0,0,0,1,0,0,0,1,0,0,74,146,105,0,14
1,0,0,0,0,0,0,0,0,0,1,0,0,1,0,0,9,228,171,4,14
0.995,0,0,0,0,0.005,0,0,0,0.2375,0.805,0,0,1,0,0,1,206,133,3,14
1,0,0,0,0,0,0,0,0,0.0075,0.9975,0,0,1,0,0,23,225,169,2,14
0,0,0,1,0,0,0,1,0,0,0,0,0,0,0.07,0.9825,114,32,212,1,14
1,0,0,0,0,0,0,0,0,0.3425,0.765,0,0,0,1,0,10,201,192,4,14
1,0,0,0,0,0,0,0,0,0.7725,0.255,0,0,0,1,0,10,199,201,4,14
1,0,0,0,0,0,0,0,0,0.42,0.715,0,0,0,1,0,25,200,193,2,14
0,0,0,1,0,0,0,0,0,1,0,0,0,0.2425,0.8675,0,111,187,182,5,14
0,0.005,0.945,0.0575,0,0,0,0.1575,0.0625,0.7875,0,0,0,0.9075,0.0925,0.0125,78,121,145,0,14
1,0,0,0,0,0,0,0,0,1,0,0,0,1,0,0,0,168,157,3,14
0,0,1,0,0,0,0,0,0,1,0,0,0,1,0,0,78,135,130,0,14
1,0,0,0,0,0,0,0,0,1,0,0,0,0,1,0.0025,24,188,205,2,14
1,0,0,0,0,0,0,0,0,0.8675,0.175,0,0,1,0,0,24,181,161,2,14
1,0,0,0,0,0,0,0,0,0.6675,0.345,0,0,1,0,0,23,177,167,2,14
0,0,1,0,0,0,0,0,0,1,0,0,0,1,0,0,74,126,109,0,14
1,0,0,0,0,0,0,0,0,0,1,0,0,1,0,0,10,227,154,4,14
0,0,1,0,0,0,0,0,0,1,0,0,0,1,0,0,74,167,91,0,14
0,0,0,1,0,0,0,1,0,0,0,0,0,1,0,0,109,12,168,1,14
0,0.0025,0.01,0.9875,0.0025,0,0,1,0,0,0,0,0,1,0,0,126,8,163,1,14
1,0,0,0,0,0,0,0,0,0.0175,0.9875,0,0,1,0,0,10,237,169,4,14
0,0,0,1,0,0,0,0,0,0,1,0,0,1,0,0,110,226,125,5,14
0,0,0,1,0,0,0,1,0,0,0,0,0,0,0,1,112,33,225,1,14
1,0,0,0,0,0,0,0,0,1,0.0025,0,0,0,1,0,25,195,195,2,14
0,0,0,1,0,0,0,0,0,0.99,0.015,0,0,0.985,0.0575,0,111,193,178,5,14
0,0,0,1,0,0,0,0,0,0.0925,0.965,0,0,1,0,0,111,206,169,5,14
0.24,0,0,0,0.005,0.76,0,0,0,1,0,0,0,1,0,0,179,149,152,3,14
0.205,0,0,0,0,0.795,0,0,0,1,0,0,0,1,0,0,178,141,154,3,14
0,0,0,1,0,0,0,1,0,0,0,0,0,0,0,1,112,26,215,1,14
1,0,0,0,0,0,0,0,0,1,0,0,0,0,1,0,25,192,195,2,14
0.0775,0,0,0,0,0.9225,0,0,0,1,0,0,0,1,0,0,178,141,163,3,14
1,0,0,0,0,0,0,0.0175,0.015,0.755,0.3225,0,0,1,0,0,9,200,159,4,15
1,0,0,0,0,0,0,0,0,0.905,0.1125,0,0,1,0,0,8,174,158,4,15
0,0,1,0,0,0,0,0,0,1,0,0,0,1,0,0,74,165,91,0,15
1,0,0,0,0,0,0,0,0,0.2475,0.775,0,0,1,0,0,9,208,161,4,15
1,0,0,0,0,0,0,0,0,0,1,0,0,1,0,0,24,223,159,2,15
0.405,0,0,0,0,0.595,0,0,0,1,0,0,0,1,0,0,179,164,132,3,15
1,0,0,0,0,0,0,0,0,0,1,0,0,1,0,0,24,232,166,2,15
0.9825,0,0,0,0,0.0175,0,0,0,1,0,0,0,1,0,0,1,178,131,3,15
1,0,0,0,0,0,0,0,0,0,1,0,0,1,0,0,24,212,167,2,15
1,0,0,0,0,0,0,0,0,0.295,0.7975,0,0,0,1,0,25,201,195,2,15
1,0,0,0,0,0,0,0,0,0.9825,0.0175,0,0,0,1,0,25,193,195,2,15
0,0,0,1,0,0,0,1,0,0,0,0,0,0,0,1,110,45,240,1,15
0,0,0,1,0,0,0,1,0,0,0,0,0,0,0,1,110,43,232,1,15
0,0,0,1,0,0,0,0,0,1,0,0,0,0,1,0,111,181,193,5,15
1,0,0,0,0,0,0,0,0,1,0,0,0,0,0.7025,0.415,7,126,208,4,15
0.03,0,0,0,0.015,0.97,0,0,0,1,0,0,0,1,0,0,178,141,165,3,15
0,0.015,0.7225,0.305,0,0,0,0.195,0.1925,0.6375,0,0,0,0.765,0.19,0.06,80,95,158,0,15
1,0,0,0,0,0,0,0,0,1,0,0,0,0,0,1,6,115,218,4,15
0,0,0,1,0,0,0,1,0,0,0,0,0,0.9025,0.2375,0,116,20,178,1,15
1,0,0,0,0,0,0,0,0,0.58,0.425,0,0,1,0,0,23,202,164,2,15
0,0,1,0,0,0,0,0,0,1,0,0,0,1,0,0,73,155,95,0,15
0,0,0,1,0,0,0,1,0,0,0,0,0,1,0,0,111,15,163,1,15
0,0,1,0,0,0,0,0,0,1,0,0,0,1,0,0,74,160,94,0,15
0.955,0,0,0,0,0.045,0,0,0,1,0,0,0,1,0,0,0,182,129,3,15
0,0,0,1,0,0,0,1,0,0,0,0,0,1,0,0,126,8,169,1,15
0,0,0,1,0,0,0,0,0,0.0025,1,0,0,1,0,0,110,212,130,5,15
0.9825,0,0,0,0,0.0175,0,0,0,1,0,0,0,1,0,0,1,183,140,3,15
1,0,0,0,0,0,0,0,0,0.06,0.95,0,0,0,1,0,10,205,205,4,15
1,0,0,0,0,0,0,0,0,1,0.01,0,0,0,1,0,24,194,200,2,15
0,0,0,1,0,0,0,0,0,0.9975,0.0025,0,0,0.71,0.485,0,112,187,179,5,15
0,0,0,1,0,0,0,0,0,0.875,0.16,0,0,1,0,0,111,186,170,5,15
1,0,0,0,0,0,0,0,0,0.98,0.0275,0,0,0,1,0,10,193,201,4,15
0,0,0,1,0,0,0,1,0,0,0,0,0,0,0,1,110,29,237,1,15
0,0,1,0,0,0,0,0,0,1,0,0,0,1,0,0,76,138,132,0,15
0,0,1,0,0,0,0,0,0,1,0,0,0,1,0,0,78,128,138,0,15
0,0,0,1,0,0,0,0,0,1,0,0,0,0,1,0,111,170,191,5,15
0,0,1,0,0,0,0,0,0,1,0,0,0,1,0,0,73,150,91,0,15
1,0,0,0,0,0,0,0,0,0.1,0.915,0,0,1,0,0,9,231,159,4,15
0,0,0,1,0,0,0,0,0,0,1,0,0,1,0,0,111,231,120,5,15
0,0,0,1,0,0,0,0,0,0.3875,0.6175,0,0,1,0,0,110,224,116,5,15
0.98,0,0,0,0,0.02,0,0,0,0.975,0.05,0,0,1,0,0,1,193,119,3,15
1,0,0,0,0,0,0,0,0,0.6275,0.385,0,0,1,0,0,23,199,165,2,15
1,0,0,0,0,0,0,0,0,0.3225,0.765,0,0,1,0,0,2,204,128,3,15
0,0,1,0,0,0,0,0,0,1,0,0,0,1,0,0,73,148,97,0,15
0,0,0,1,0,0,0,0,0,0.125,0.8975,0,0,1,0,0,110,208,125,5,15
1,0,0,0,0,0,0,0,0,0,1,0,0,0,1,0,10,215,192,4,15
0,0,0,1,0,0,0,1,0,0,0,0,0,0,0.63,0.6175,112,32,210,1,15
0,0,0,1,0,0,0,1,0,0,0,0,0,0,0.135,0.935,112,30,213,1,15
0,0,0,1,0,0,0,0,0,0.43,0.645,0,0,1,0,0,111,202,163,5,15
0,0,0,1,0,0,0,1,0,0,0,0,0,0,0,1,111,31,219,1,15
0.1725,0,0,0,0.0225,0.825,0,0,0,1,0,0,0,1,0,0,177,147,154,3,15
0.8975,0,0,0,0,0.1025,0,0,0,1,0,0,0,1,0,0,0,165,158,3,15
0,0,1,0,0,0,0,0,0,1,0,0,0,1,0,0,78,133,132,0,15
1,0,0,0,0,0,0,0,0,1,0,0,0,0,0.79,0.465,24,164,209,2,15
0,0,1,0,0,0,0,0,0,1,0,0,0,1,0,0,75,157,92,0,16
0,0,1,0,0,0,0,0,0,1,0,0,0,1,0,0,73,154,98,0,16
1,0,0,0,0,0,0,0,0,0,1,0,0,1,0,0,10,238,163,4,16
0,0,1,0,0,0,0,0,0,1,0,0,0,1,0,0,76,165,92,0,16
0,0,1,0,0,0,0,0,0,1,0,0,0,1,0,0,74,155,94,0,16
1,0,0,0,0,0,0,0,0,0.005,0.995,0,0,1,0,0,10,224,170,4,16
0,0,0.0025,1,0,0,0,1,0,0,0,0,0,1,0,0,111,15,167,1,16
1,0,0,0,0,0,0,0,0,0,1,0,0,1,0,0,25,228,162,2,16
0,0,0,1,0,0,0,0,0,0,1,0,0,1,0,0,110,214,130,5,16
0,0,0,1,0,0,0,0,0,0.055,0.965,0,0,1,0,0,111,212,161,5,16
0,0,0,1,0,0,0,0,0,0.9575,0.0725,0,0,1,0,0,111,197,166,5,16
1,0,0,0,0,0,0,0,0,0.0025,1,0,0,0,1,0,11,206,202,4,16
1,0,0,0,0,0,0,0,0,0.0025,0.9975,0,0,0,1,0,25,208,189,2,16
1,0,0,0,0,0,0,0,0,0.2875,0.81,0,0,0,1,0,10,204,195,4,16
1,0,0,0,0,0,0,0,0,0.95,0.0875,0,0,0,1,0,25,194,198,2,16
0,0,0,1,0,0,0,1,0,0,0,0,0,0,0,1,112,26,220,1,16
0.0025,0.0025,0.005,0.9925,0,0,0,1,0,0,0,0,0,0,0.2275,0.8,107,31,247,1,16
0,0,0,1,0,0,0,0,0,1,0,0,0,0.9375,0.1525,0,111,182,179,5,16
0,0,0,1,0,0,0,1,0,0,0,0,0,0.895,0.1925,0,116,21,179,1,16
0.3025,0,0,0,0.0025,0.6975,0,0,0,1,0,0,0,1,0,0,179,142,129,3,16
1,0,0,0,0,0,0,0,0,0.0075,0.995,0,0,1,0,0,9,231,169,4,16
0,0,1,0,0,0,0,0,0,1,0,0,0,1,0,0,73,155,93,0,16
0.9775,0,0,0,0,0.0225,0,0,0,1,0,0,0,1,0,0,1,189,126,3,16
0,0,0,1,0,0,0,0,0,0.1075,0.93,0,0,1,0,0,110,204,128,5,16
0.985,0,0,0,0,0.015,0,0,0,0.675,0.385,0,0,1,0,0,1,194,134,3,16
0,0,0,1,0,0,0,0,0,0.4675,0.545,0,0,1,0,0,110,210,126,5,16
0,0,0,1,0,0,0,0,0,0.265,0.7525,0,0,1,0,0,110,208,128,5,16
0,0,1,0,0,0,0,0,0,1,0,0,0,1,0,0,77,141,127,0,16
0,0,0,1,0,0,0,0,0,0.995,0.0125,0,0,1,0,0,111,192,173,5,16
1,0,0,0,0,0,0,0,0,0.975,0.0425,0,0,0,0.0825,0.9825,10,198,213,4,16
0,0,0,1,0,0,0,1,0,0,0,0,0,0,0,1,112,30,214,1,16
0,0,0,1,0,0,0,1,0,0,0,0,0,0,0,1,112,29,218,1,16
0.005,0.0425,0.9425,0.025,0,0,0,0.2425,0.0825,0.6875,0,0,0,0.8875,0.12,0,76,127,144,0,16
0.81,0,0,0,0,0.19,0,0,0,1,0,0,0,1,0,0,0,161,165,3,16
0.035,0,0,0,0,0.965,0,0,0,1,0,0,0,1,0,0,177,140,169,3,16
0,0,0,0,0.0775,0.9725,0,0,0,1,0,0,0,0.98,0.0375,0,177,128,174,3,16
0.1675,0,0,0,0,0.8325,0,0,0,1,0,0,0,1,0,0,178,139,126,3,16
1,0,0,0,0,0,0,0,0,0.51,0.4975,0,0,1,0,0,9,181,155,4,16
0,0,1,0,0,0,0,0,0,1,0,0,0,1,0,0,74,165,95,0,16
1,0,0,0,0,0,0,0,0,0,1,0,0,1,0,0,25,225,153,2,16
1,0,0,0,0,0,0,0,0,0,1,0,0,1,0,0,25,228,161,2,16
0,0,0,1,0,0,0,1,0,0,0,0,0,1,0.0025,0,116,22,176,1,16
1,0,0,0,0,0,0,0,0,0,1,0,0,1,0,0,25,240,154,2,16
1,0,0,0,0,0,0,0,0,0.8575,0.1975,0,0,1,0,0,1,196,121,3,16
0,0,1,0,0,0,0,0,0,1,0,0,0,1,0,0,73,149,102,0,16
1,0,0,0,0,0,0,0,0,0.0875,0.95,0,0,0,1,0,25,205,194,2,16
1,0,0,0,0,0,0,0,0,0.485,0.6075,0,0,0,1,0,10,201,193,4,16
0,0,0,1,0,0,0,1,0,0,0,0,0,0,0,1,112,44,237,1,16
1,0,0,0,0,0,0,0,0,0.06,0.96,0,0,0,1,0,11,212,194,4,16
0,0,0,1,0,0,0,0,0,0.97,0.0775,0,0,0.1175,0.96,0,111,192,183,5,16
0,0,0,1,0,0,0,1,0,0,0,0,0,0,0,1,112,41,236,1,16
1,0,0,0,0,0,0,0,0,0,1,0,0,0,1,0,25,214,198,2,16
0.145,0,0,0,0.1225,0.7675,0,0,0,1,0,0,0,0.9975,0.0025,0,178,148,160,3,16
1,0,0,0,0,0,0,0,0,1,0,0,0,0,0.9575,0.055,24,168,204,2,16
0,0,0,1,0,0,0,1,0,0,0,0,0,0,1,0,111,24,191,1,17
1,0,0,0,0,0,0,0,0,0.925,0.0925,0,0,0.55,0.645,0,9,187,181,4,17
1,0,0,0,0,0,0,0,0,0,1,0,0,0.27,0.93,0,10,213,181,4,17
0,0,0,1,0,0,0,0,0,1,0,0,0,1,0,0,110,161,143,5,17
1,0,0,0,0,0,0,0,0,1,0,0,0,0.9975,0.0375,0,24,183,178,2,17
0,0,1,0,0,0,0,0,0,1,0,0,0,1,0,0,77,118,118,0,17
1,0,0,0,0,0,0,0,0,0.99,0.0125,0,0,0.195,0.905,0,23,188,183,2,17
1,0,0,0,0,0,0,0,0,0.995,0.015,0,0,0,1,0,10,187,191,4,17
1,0,0,0,0,0,0,0,0,1,0,0,0,1,0,0,1,162,146,3,17
0,0,0,1,0,0,0,0,0,0.1,0.925,0,0,1,0,0,111,206,170,5,17
0.9775,0,0,0,0,0.0225,0,0,0,1,0,0,0,1,0,0,1,166,157,3,17
0,0,0,1,0,0,0,0,0,0.8675,0.2,0,0,0.74,0.4125,0,110,199,179,5,17
1,0,0,0,0,0,0,0,0,0.0025,1,0,0,0,1,0,11,210,199,4,17
0,0,0,1,0,0,0,0,0,0.7775,0.3,0,0,1,0,0,111,197,170,5,17
0,0,0,1,0,0,0,0,0.02,0.9825,0.0025,0,0,0.485,0.575,0,111,191,178,5,17
1,0,0,0,0,0,0,0,0,0.0025,1,0,0,0,1,0,24,216,203,2,17
0.82,0,0,0,0,0.18,0,0,0,1,0,0,0,1,0,0,0,161,170,3,17
0.36,0,0,0,0,0.64,0,0,0,1,0,0,0,1,0,0,179,155,172,3,17
1,0,0,0,0,0,0,0,0,0,1,0,0,1,0,0,9,215,160,4,17
0.3375,0,0,0,0,0.6625,0,0,0,1,0,0,0,1,0,0,179,180,122,3,17
0,0,1,0,0,0,0,0,0,1,0,0,0,1,0,0,74,166,86,0,17
1,0,0,0,0,0,0,0,0,0,1,0,0,1,0,0,24,216,157,2,17
0,0,1,0,0,0,0,0,0,1,0,0,0,1,0,0,76,160,89,0,17
1,0,0,0,0,0,0,0,0,0.145,0.905,0,0,1,0,0,24,209,162,2,17
0,0,0,1,0,0,0,1,0,0,0,0,0,1,0,0,120,12,168,1,17
0.9725,0,0,0,0,0.0275,0,0,0,0.955,0.05,0,0,1,0,0,1,189,123,3,17
0.0925,0,0,0.7875,0.1325,0,0,1,0,0,0,0,0,1,0,0,120,3,168,1,17
1,0,0,0,0,0,0,0,0,0,1,0,0,0,1,0,10,209,188,4,17
0,0,0,1,0,0,0,1,0,0,0,0,0,0,1,0,119,26,206,1,17
0,0,1,0,0,0,0,0,0,1,0,0,0,1,0,0,76,133,126,0,17
0,0,0,1,0,0,0,0,0,0.4525,0.64,0,0,1,0,0,111,201,162,5,17
1,0,0,0,0,0,0,0,0,0.965,0.0575,0,0,0,1,0,10,194,196,4,17
0,0,0,1,0,0,0,1,0,0,0,0,0,0,0,1,114,28,224,1,17
0,0,1,0,0,0,0,0,0,1,0,0,0,1,0,0,77,139,127,0,17
0,0,0,1,0,0,0,1,0,0,0,0,0,0,0.03,0.975,110,30,255,1,17
1,0,0,0,0,0,0,0,0,1,0,0,0,0,0.8475,0.265,23,169,207,2,17
0,0,0,1,0,0,0,0,0,1,0,0,0,1,0,0,110,192,126,5,17
0,0,1,0,0,0,0,0,0,1,0,0,0,1,0,0,77,118,106,0,17
0,0,1,0,0,0,0,0,0,1,0,0,0,1,0,0,74,160,94,0,17
1,0,0,0,0,0,0,0,0,0.01,0.9925,0,0,1,0,0,24,215,158,2,17
0.9575,0,0,0,0,0.0425,0,0,0,0.9275,0.0825,0,0,1,0,0,1,197,119,3,17
0,0,0,1,0,0,0,0,0,0.02,0.9825,0,0,1,0,0,110,215,121,5,17
1,0,0,0,0,0,0,0,0,0,1,0,0,1,0,0,24,218,158,2,17
1,0,0,0,0,0,0,0,0,0,1,0,0,1,0,0,23,222,161,2,17
1,0,0,0,0,0,0,0,0,0.4875,0.65,0,0,1,0,0,1,202,129,3,17
0.9525,0,0,0,0,0.0475,0,0,0,1,0,0,0,1,0,0,0,163,155,3,17
0,0,1,0,0,0,0,0,0,1,0,0,0,1,0,0,77,141,125,0,17
1,0,0,0,0,0,0,0,0,0.83,0.2425,0,0,0,1,0,10,199,199,4,17
0,0,0,1,0,0,0,1,0,0,0,0,0,0,0.6425,0.695,112,29,210,1,17
0,0,0,1,0,0,0,1,0,0,0,0,0,0,0,1,112,30,214,1,17
0.0025,0.0325,0.955,0.025,0,0,0,0.19,0.055,0.765,0,0,0,0.93,0.07,0,77,128,137,0,17
0,0,0,1,0,0,0,1,0,0,0,0,0,0,0.405,0.675,112,26,209,1,17
1,0,0,0,0,0,0,0,0,0.9975,0.02,0,0,0,1,0,10,194,196,4,17
0,0,0,1,0,0,0,0,0,1,0,0,0,1,0,0,111,176,171,5,17
0,0,0,1,0,0,0,1,0,0,0,0,0,0.9275,0.24,0,116,21,179,1,18
1,0,0,0,0,0,0,0,0,0.0025,1,0,0,1,0,0,24,225,162,2,18
0,0,1,0,0,0,0,0,0,1,0,0,0,1,0,0,74,158,103,0,18
1,0,0,0,0,0,0,0,0,0.0575,0.945,0,0,1,0,0,10,224,165,4,18
0.9925,0,0,0,0,0.0075,0,0,0,1,0.005,0,0,1,0,0,1,189,128,3,18
1,0,0,0,0,0,0,0,0,0.0025,1,0,0,1,0,0,24,222,171,2,18
0,0,0,1,0,0,0,1,0,0,0,0,0,0.5275,0.6575,0,116,20,182,1,18
0,0,0,1,0,0,0,0,0,0.54,0.49,0,0,1,0,0,110,207,133,5,18
0,0,0,1,0,0,0,1,0,0,0,0,0,0.0175,0.995,0,116,19,185,1,18
1,0,0,0,0,0,0,0,0,0,1,0,0,0,1,0,11,215,198,4,18
1,0,0,0,0,0,0,0,0,0.3975,0.7975,0,0,0,1,0,25,200,195,2,18
0,0,1,0,0,0,0,0,0,1,0,0,0,1,0,0,76,136,133,0,18
0,0,0,1,0,0,0,0,0,0.23,0.785,0,0,1,0,0,111,207,170,5,18
1,0,0,0,0,0,0,0,0,0.0225,0.99,0,0,0,1,0,26,209,195,2,18
0,0.01,0.96,0.0375,0,0,0,0.1825,0.0575,0.765,0,0,0,0.8975,0.105,0.0075,75,131,140,0,18
0,0,0,1,0,0,0,0,0,0.1525,0.855,0,0,0.6975,0.4675,0,110,209,179,5,18
0.85,0,0,0,0,0.15,0,0,0,1,0,0,0,1,0,0,0,157,159,3,18
0,0,0,1,0,0,0,0,0,0.9725,0.0325,0,0,0.5125,0.6575,0,111,196,180,5,18
0,0,1,0,0,0,0,0,0,1,0,0,0,1,0,0,73,145,100,0,18
0,0,0,1,0,0,0,0,0,0.6125,0.4075,0,0,1,0,0,110,204,126,5,18
0,0,0,1,0,0,0,0,0,0.2325,0.775,0,0,1,0,0,110,225,127,5,18
0.995,0,0,0,0,0.005,0,0,0,0.875,0.1525,0,0,1,0,0,1,195,124,3,18
0,0,0,1,0,0,0,1,0,0,0,0,0,1,0,0,113,15,170,1,18
0,0,0,1,0,0,0,0,0,0,1,0,0,1,0,0,110,213,133,5,18
0,0,0,1,0,0,0,0,0,0,1,0,0,1,0,0,110,225,125,5,18
1,0,0,0,0,0,0,0,0,0,1,0,0,0.8475,0.4075,0,9,221,179,4,18
0.905,0,0,0,0,0.095,0,0,0,1,0,0,0,1,0,0,1,180,140,3,18
1,0,0,0,0,0,0,0,0,0,1,0,0,0,1,0,10,210,198,4,18
0.72,0,0,0,0,0.28,0,0,0,1,0,0,0,1,0,0,0,159,151,3,18
0.5375,0,0,0,0,0.4625,0,0,0,1,0,0,0,1,0,0,0,156,156,3,18
0,0,0,1,0,0,0,1,0,0,0,0,0,0,0,1,112,31,218,1,18
0,0,1,0,0,0,0,0,0,1,0,0,0,1,0,0,78,137,131,0,18
0,0,1,0,0,0,0,0,0,1,0,0,0,1,0,0,78,128,137,0,18
1,0,0,0,0,0,0,0,0,0.1775,0.8675,0,0,0,1,0,25,206,203,2,18
0.1775,0,0,0,0,0.8225,0,0,0,1,0,0,0,1,0,0,179,149,171,3,18
1,0,0,0,0,0,0,0,0,1,0,0,0,0,0,1,24,161,219,2,18
1,0,0,0,0,0,0,0,0,0.1125,0.9075,0,0,1,0,0,9,217,160,4,18
1,0,0,0,0,0,0,0,0,0.965,0.05,0,0,1,0,0,23,185,163,2,18
0.97,0,0,0,0,0.03,0,0,0,0.2625,0.7525,0,0,1,0,0,2,208,123,3,18
0,0,1,0,0,0,0,0,0,1,0,0,0,1,0,0,75,164,94,0,18
0,0,0,1,0,0,0,0,0,0,1,0,0,1,0,0,110,219,121,5,18
1,0,0,0,0,0,0,0,0,0,1,0,0,1,0,0,9,215,166,4,18
1,0,0,0,0,0,0,0,0,0,1,0,0,1,0,0,23,238,167,2,18
1,0,0,0,0,0,0,0,0,0,1,0,0,1,0,0,10,234,169,4,18
0,0,0.0675,0.9325,0,0,0,1,0,0,0,0,0,1,0,0,96,8,165,1,18
1,0,0,0,0,0,0,0,0,0.0075,0.9975,0,0,0,1,0,24,208,189,2,18
0,0,0,1,0,0,0,1,0,0,0,0,0,0,0,1,114,30,215,1,18
0,0,1,0,0,0,0,0,0,1,0,0,0,1,0,0,75,135,131,0,18
0,0,1,0,0,0,0,0,0,1,0,0,0,1,0,0,76,144,126,0,18
1,0,0,0,0,0,0,0,0,0.9,0.1375,0,0,0,1,0,10,199,201,4,18
0,0,0,1,0,0,0,1,0,0,0,0,0,0,0,1,114,29,231,1,18
0.9775,0,0,0,0,0.0225,0,0,0,1,0,0,0,1,0,0,1,172,153,3,18
0,0,0,1,0,0,0,1,0,0,0,0,0,0,0.2,0.815,108,39,255,1,18
1,0,0,0,0,0,0,0,0,1,0,0,0,0,0.7875,0.45,9,185,209,4,18
0,0,0,1,0,0,0,0,0,0.1275,0.8825,0,0,1,0,0,111,229,117,5,19
0,0,1,0,0,0,0,0,0,1,0,0,0,1,0,0,73,151,94,0,19
0.865,0,0,0,0,0.135,0,0,0,0.9775,0.0425,0,0,1,0,0,0,162,135,3,19
0.9425,0,0,0,0,0.0575,0,0,0,1,0,0,0,1,0,0,0,159,122,3,19
0.9975,0,0,0,0,0.0025,0,0,0,0.96,0.0675,0,0,1,0,0,1,196,121,3,19
1,0,0,0,0,0,0,0,0,0,1,0,0,1,0,0,24,222,170,2,19
1,0,0,0,0,0,0,0,0,0.1125,0.8975,0,0,1,0,0,24,211,159,2,19
1,0,0,0,0,0,0,0,0,0.025,0.98,0,0,1,0,0,9,224,165,4,19
1,0,0,0,0,0,0,0,0,0,1,0,0,1,0.005,0,10,233,174,4,19
0,0,0,1,0,0,0,1,0,0,0,0,0,0,0.5525,0.6375,112,27,209,1,19
0,0,0,1,0,0,0,1,0,0,0,0,0,0,0.8025,0.5725,112,29,210,1,19
1,0,0,0,0,0,0,0,0,0.105,0.945,0,0,0,1,0,11,205,202,4,19
1,0,0,0,0,0,0,0,0,0.25,0.7825,0,0,0,1,0,10,208,198,4,19
0,0,1,0,0,0,0,0,0,1,0,0,0,1,0,0,77,143,123,0,19
0.3475,0,0,0,0,0.6525,0,0,0,1,0,0,0,1,0,0,178,150,156,3,19
0,0,0,1,0,0,0,1,0,0,0,0,0,0,0.98,0.155,113,20,208,1,19
0,0,1,0,0,0,0,0,0,1,0,0,0,1,0,0,77,141,128,0,19
0.28,0,0,0,0,0.72,0,0,0,1,0,0,0,1,0,0,179,145,164,3,19
1,0,0,0,0,0,0,0,0,0.0925,0.9375,0,0,1,0,0,23,219,162,2,19
1,0,0,0,0,0,0,0,0,0.2425,0.8125,0,0,1,0,0,23,202,165,2,19
1,0,0,0,0,0,0,0,0,0.05,0.96,0,0,1,0,0,9,214,172,4,19
0,0,0.935,0.065,0,0,0,0.175,0.0525,0.78,0,0,0,1,0,0,74,158,102,0,19
0,0,0,1,0,0,0,0,0,0.0175,0.9875,0,0,1,0,0,110,209,127,5,19
1,0,0,0,0,0,0,0,0,0,1,0,0,1,0,0,9,214,174,4,19
1,0,0,0,0,0,0,0,0,0,1,0,0,1,0,0,24,222,167,2,19
0.9525,0,0,0,0,0.0475,0,0,0,0.9575,0.075,0,0,1,0,0,1,189,141,3,19
1,0,0,0,0,0,0,0,0,0,1,0,0,0.0025,1,0,9,215,186,4,19
0,0,0,1,0,0,0,0,0,0.175,0.865,0,0,1,0,0,111,203,167,5,19
0,0,0,1,0,0,0,0,0,0.91,0.1525,0,0,0.9625,0.05,0,111,197,172,5,19
0,0,1,0,0,0,0,0,0,1,0,0,0,1,0,0,76,128,138,0,19
0,0,1,0,0,0,0,0,0,1,0,0,0,1,0,0,77,139,129,0,19
0,0,0,1,0,0,0,1,0,0,0,0,0,0,0,1,114,34,230,1,19
0.0625,0,0,0,0,0.9375,0,0,0,1,0,0,0,1,0,0,178,148,164,3,19
0,0,1,0,0,0,0,0,0,1,0,0,0,1,0,0,76,137,132,0,19
1,0,0,0,0,0,0,0,0,1,0,0,0,0,0.255,0.9025,24,180,211,2,19
0,0,0,1,0,0,0,0,0,1,0,0,0,0,0.975,0.03,111,170,200,5,19
0.395,0,0,0,0,0.605,0,0,0,1,0,0,0,1,0,0,179,169,121,3,19
0,0,0.025,0.975,0,0,0,1,0,0,0,0,0,1,0,0,111,13,160,1,19
1,0,0,0,0,0,0,0,0,0.1125,0.9,0,0,1,0,0,2,207,117,3,19
1,0,0,0,0,0,0,0,0,0,1,0,0,1,0,0,24,223,153,2,19
1,0,0,0,0,0,0,0,0,0,1,0,0,1,0,0,24,224,155,2,19
1,0,0,0,0,0,0,0,0,0.1875,0.875,0,0,1,0,0,9,200,166,4,19
0,0,1,0,0,0,0,0,0,1,0,0,0,1,0,0,74,167,91,0,19
0,0,0,1,0,0,0,0,0,0.02,0.9875,0,0,1,0,0,110,231,117,5,19
0,0,0,1,0,0,0,0,0,0.055,0.955,0,0,1,0,0,110,215,122,5,19
0,0,1,0,0,0,0,0,0,1,0,0,0,1,0,0,77,144,124,0,19
0,0,0,1,0,0,0,1,0,0,0,0,0,0,0,1,112,38,222,1,19
1,0,0,0,0,0,0,0,0,0.9975,0.0075,0,0,0,1,0,25,195,195,2,19
0,0,0,1,0,0,0,1,0,0,0,0,0,0,0,1,112,31,217,1,19
1,0,0,0,0,0,0,0,0,0.9875,0.025,0,0,0,1,0,10,191,195,4,19
0,0,0,1,0,0,0,0,0,1,0,0,0,0.9175,0.1475,0,111,177,178,5,19
0,0,0,1,0,0,0,1,0,0,0,0,0,0,0.0025,1,114,26,215,1,19
0,0,0,1,0,0,0,0,0,1,0.0025,0,0,0.9975,0.02,0,111,173,172,5,19
0,0,0,1,0,0,0,1,0,0,0,0,0,0,0,1,114,36,237,1,19
0,0,0,1,0,0,0,1,0,0,0,0,0,0.77,0.3925,0,112,31,179,1,20
0,0,1,0,0,0,0,0,0,1,0,0,0,1,0,0,77,134,104,0,20
0,0,1,0,0,0,0,0,0,1,0,0,0,1,0,0,75,165,94,0,20
1,0,0,0,0,0,0,0,0,0,1,0,0,1,0,0,25,214,156,2,20
0,0,0,1,0,0,0,0,0,0,1,0,0,1,0,0,110,221,127,5,20
1,0,0,0,0,0,0,0,0,0.2625,0.775,0,0,1,0,0,9,209,171,4,20
0,0,0,1,0,0,0,1,0,0,0,0,0,1,0,0,113,24,171,1,20
0,0,1,0,0,0,0,0,0,1,0,0,0,1,0,0,75,155,98,0,20
1,0,0,0,0,0,0,0,0,0,1,0,0,1,0,0,9,221,171,4,20
1,0,0,0,0,0,0,0,0,0.39,0.685,0,0,0,1,0,25,201,198,2,20
1,0,0,0,0,0,0,0,0,0.315,0.74,0,0,0,1,0,10,202,201,4,20
0.025,0,0,0,0,0.975,0,0,0,1,0,0,0,1,0,0,178,137,166,3,20
1,0,0,0,0,0,0,0,0,0.4475,0.605,0,0,0,1,0,25,197,198,2,20
0.0125,0,0,0,0.08,0.965,0,0,0,1,0,0,0,1,0,0,178,150,158,3,20
0,0.005,0.8525,0.1575,0,0,0,0.1775,0.075,0.7525,0,0,0,0.8475,0.1075,0.0525,78,108,153,0,20
1,0,0,0,0,0,0,0,0,0.1925,0.84,0,0,0,1,0,25,205,199,2,20
0,0,0,1,0,0,0,0,0,1,0,0,0,0.025,0.9825,0,111,186,188,5,20
1,0,0,0,0,0,0,0,0,1,0,0,0,0,0.0175,1,24,176,213,2,20
1,0,0,0,0,0,0,0,0,0.805,0.2175,0,0,1,0,0,8,192,164,4,20
0.87,0,0,0,0,0.13,0,0,0,0.9625,0.0625,0,0,1,0,0,0,192,131,3,20
1,0,0,0,0,0,0,0,0,0.375,0.65,0,0,1,0,0,8,192,172,4,20
0,0,1,0,0,0,0,0,0,1,0,0,0,1,0,0,73,160,94,0,20
1,0,0,0,0,0,0,0,0,0,1,0,0,1,0,0,9,210,163,4,20
1,0,0,0,0,0,0,0,0,0.045,0.97,0,0,1,0,0,9,212,169,4,20
1,0,0,0,0,0,0,0,0,0,1,0,0,1,0,0,23,224,165,2,20
0,0,0,1,0,0,0,1,0,0,0,0,0,1,0,0,111,15,170,1,20
0.955,0,0,0,0,0.045,0,0,0,0.9225,0.1375,0,0,1,0,0,1,196,134,3,20
0,0,1,0,0,0,0,0,0,1,0,0,0,1,0,0,77,141,125,0,20
0.83,0,0,0,0,0.17,0,0,0,1,0,0,0,1,0,0,1,163,150,3,20
0,0,0,1,0,0,0,0,0,0.9925,0.01,0,0,1,0.0125,0,111,192,173,5,20
0,0,0,1,0,0,0,0,0,0.96,0.05,0,0,0.75,0.31,0,111,193,177,5,20
0,0,0,1,0,0,0,1,0,0,0,0,0,0,0,1,112,33,226,1,20
1,0,0,0,0,0,0,0,0,1,0,0,0,0,0.8625,0.255,24,168,207,2,20
0,0,0,1,0,0,0,1,0,0,0,0,0,0,0.005,1,110,30,219,1,20
0.3575,0,0,0,0,0.6425,0,0,0,1,0,0,0,1,0,0,179,151,166,3,20
0,0,0,1,0,0,0,0,0,1,0,0,0,0.71,0.4175,0,111,177,179,5,20
0,0,0,1,0,0,0,0,0,0.4225,0.6325,0,0,1,0,0,110,197,121,5,20
1,0,0,0,0,0,0,0,0,0.3725,0.635,0,0,1,0,0,23,216,157,2,20
0,0,1,0,0,0,0,0,0,1,0,0,0,1,0,0,74,131,106,0,20
1,0,0,0,0,0,0,0,0,0,1,0,0,1,0,0,9,223,158,4,20
1,0,0,0,0,0,0,0,0,0,1,0,0,1,0,0,24,214,161,2,20
0.99,0,0,0,0,0.01,0,0,0,1,0,0,0,1,0,0,0,183,129,3,20
1,0,0,0,0,0,0,0,0,0.0525,0.9625,0,0,1,0,0,1,204,130,3,20
0.065,0,0,0.06,0.8825,0,0,1,0,0,0,0,0,1,0,0,165,3,162,1,20
0,0,1,0,0,0,0,0,0,1,0,0,0,1,0,0,73,151,104,0,20
1,0,0,0,0,0,0,0,0,0,1,0,0,0,1,0,10,209,198,4,20
0,0,0,1,0,0,0,0,0,0.3525,0.7775,0,0,1,0,0,111,203,170,5,20
0,0,0,1,0,0,0,0,0,0.9225,0.1175,0,0,0.9125,0.15,0,111,191,178,5,20
0,0,0,1,0,0,0,0,0,0.9675,0.055,0,0,1,0,0,111,192,167,5,20
0,0,1,0,0,0,0,0,0,1,0,0,0,1,0,0,78,137,130,0,20
0,0,0,1,0,0,0,1,0,0,0,0,0,0,0,1,114,28,229,1,20
0,0,0,1,0,0,0,1,0,0,0,0,0,0,0,1,112,27,221,1,20
0,0,0.0025,0.9975,0,0,0,1,0,0,0,0,0,0,0.1875,0.8475,110,29,255,1,20
0.08,0,0,0,0.005,0.92,0,0,0,1,0,0,0,1,0,0,178,134,169,3,20
0,0,1,0,0,0,0,0.035,0.045,0.9275,0,0,0,1,0,0,74,129,101,0,21
1,0,0,0,0,0,0,0,0,0.055,0.95,0,0,1,0,0,24,217,162,2,21
1,0,0,0,0,0,0,0,0,0,1,0,0,1,0,0,24,221,165,2,21
0,0,1,0,0,0,0,0,0,1,0,0,0,1,0,0,74,131,103,0,21
0.8125,0,0,0,0,0.1875,0,0,0,0.9975,0.0025,0,0,1,0,0,1,184,127,3,21
1,0,0,0,0,0,0,0,0,0,1,0,0,1,0,0,10,220,174,4,21
1,0,0,0,0,0,0,0,0,0.9775,0.0375,0,0,1,0,0,23,194,166,2,21
0,0,1,0,0,0,0,0,0,1,0,0,0,1,0,0,73,145,99,0,21
0.9525,0,0,0,0,0.0475,0,0,0,0.94,0.095,0,0,1,0,0,1,196,137,3,21
0.9575,0,0,0,0,0.0425,0,0,0,1,0,0,0,1,0,0,1,171,151,3,21
0,0,0,1,0,0,0,0,0,0.83,0.2175,0,0,0.9975,0.005,0,111,197,163,5,21
0,0,1,0,0,0,0,0,0,1,0,0,0,1,0,0,76,133,134,0,21
0,0,0,1,0,0,0,1,0,0,0,0,0,0,0,1,116,26,218,1,21
0,0,0,1,0,0,0,1,0,0,0,0,0,0,0,1,112,31,217,1,21
0.6175,0,0,0,0,0.3825,0,0,0,1,0,0,0,1,0,0,0,156,156,3,21
0,0,1,0,0,0,0,0,0,1,0,0,0,1,0,0,76,141,127,0,21
1,0,0,0,0,0,0,0,0,0.83,0.2725,0,0,0,1,0,24,198,198,2,21
0,0,0,1,0,0,0,0,0,1,0,0,0,0.8875,0.16,0,111,183,176,5,21
1,0,0,0,0,0,0,0,0,0.0875,0.925,0,0,1,0,0,24,210,164,2,21
1,0,0,0,0,0,0,0,0,0.775,0.2375,0,0,1,0,0,24,180,167,2,21
0,0,0,1,0,0,0,0,0,0.255,0.7525,0,0,1,0,0,110,225,129,5,21
0,0,0.985,0.015,0,0,0,0.1175,0.03,0.8525,0,0,0,1,0,0,75,162,102,0,21
1,0,0,0,0,0,0,0,0,0,1,0,0,1,0,0,24,219,163,2,21
0.7475,0,0,0,0,0.2525,0,0,0,1,0,0,0,1,0,0,1,175,130,3,21
0,0,0.005,0.995,0,0,0,1,0,0,0,0,0,0.945,0.255,0,109,12,177,1,21
0,0,0,1,0,0,0,1,0,0,0,0,0,1,0.0025,0,125,9,174,1,21
0,0,0,1,0,0,0,0,0,0.1825,0.84,0,0,1,0,0,110,208,135,5,21
0.96,0,0,0,0,0.04,0,0,0,1,0,0,0,1,0,0,0,167,153,3,21
1,0,0,0,0,0,0,0,0,0.4975,0.61,0,0,0,1,0,11,203,196,4,21
0,0,0,1,0,0,0,1,0,0,0,0,0,0,0,1,109,38,229,1,21
0,0,0,1,0,0,0,0,0,0.98,0.0325,0,0,0.87,0.265,0,111,189,178,5,21
0,0,0,1,0,0,0,0,0,0.955,0.0575,0,0,0.3875,0.755,0,111,188,181,5,21
0,0,0,1,0,0,0,0,0,1,0,0,0,0,1,0,111,183,188,5,21
0.7375,0,0,0,0,0.2625,0,0,0,1,0,0,0,1,0,0,0,158,165,3,21
1,0,0,0,0,0,0,0,0,1,0,0,0,0,0.955,0.25,24,170,209,2,21
1,0,0,0,0,0,0,0,0,1,0,0,0,0,0,1,24,162,216,2,21
1,0,0,0,0,0,0,0,0,1,0,0,0,1,0,0,9,187,162,4,21
0,0.0175,0.2525,0.7425,0,0,0,1,0,0,0,0,0,1,0,0,96,8,157,1,21
0,0,0,1,0,0,0,0,0,0.0425,0.9725,0,0,1,0,0,110,230,122,5,21
1,0,0,0,0,0,0,0,0,0.0925,0.9075,0,0,1,0,0,10,223,158,4,21
0,0,1,0,0,0,0,0,0,1,0,0,0,1,0,0,73,161,88,0,21
0,0,0,1,0,0,0,0,0,0,1,0,0,1,0,0,110,219,120,5,21
0,0,1,0,0,0,0,0,0,1,0,0,0,1,0,0,73,159,89,0,21
1,0,0,0,0,0,0,0,0,0,1,0,0,1,0,0,9,234,160,4,21
1,0,0,0,0,0,0,0,0,0,1,0,0,1,0,0,10,224,171,4,21
1,0,0,0,0,0,0,0,0,0,1,0,0,0,1,0,11,207,202,4,21
1,0,0,0,0,0,0,0,0,1,0,0,0,1,0,0,1,157,155,3,21
0,0,0,1,0,0,0,1,0,0,0,0,0,0,0,1,114,28,225,1,21
0,0,0,1,0,0,0,1,0,0,0,0,0,0,0.0475,0.9925,111,28,212,1,21
1,0,0,0,0,0,0,0,0,0.9775,0.0275,0,0,0,1,0,10,194,199,4,21
0.6525,0,0,0,0,0.3475,0,0,0,1,0,0,0,1,0,0,0,144,167,3,21
0,0,0,1,0,0,0,1,0,0,0,0,0,0,0.15,0.9625,111,25,212,1,21
0,0,1,0,0,0,0,0,0,1,0,0,0,1,0,0,77,134,131,0,21
1,0,0,0,0,0,0,0,0,1,0,0,0,0,0.2575,0.9075,9,185,211,4,21
0,0,1,0,0,0,0,0,0,1,0,0,0,1,0,0,73,139,102,0,22
1,0,0,0,0,0,0,0,0,0.585,0.42,0,0,1,0,0,9,183,169,4,22
1,0,0,0,0,0,0,0,0,0,1,0,0,1,0,0,24,227,164,2,22
1,0,0,0,0,0,0,0,0,0,1,0,0,1,0,0,24,220,161,2,22
1,0,0,0,0,0,0,0,0,0.005,0.9975,0,0,1,0,0,10,230,162,4,22
0,0,0,1,0,0,0,0,0,0.0175,0.995,0,0,1,0,0,109,208,128,5,22
1,0,0,0,0,0,0,0,0,0,1,0,0,1,0,0,10,236,160,4,22
0.9925,0,0,0,0,0.0075,0,0,0,0.1225,0.8875,0,0,1,0,0,2,211,132,3,22
1,0,0,0,0,0,0,0,0,0.8275,0.2075,0,0,1,0,0,2,197,132,3,22
1,0,0,0,0,0,0,0,0,1,0,0,0,1,0,0,1,174,155,4,22
0,0,0,1,0,0,0,0,0,0.995,0.01,0,0,1,0.015,0,111,174,173,5,22
0.9325,0,0,0,0,0.0675,0,0,0,1,0,0,0,1,0,0,1,166,160,3,22
0,0,0,1,0,0,0,1,0,0,0,0,0,0,0,1,110,31,216,1,22
0,0,0,1,0,0,0,0,0,0.9925,0.01,0,0,0.9975,0.005,0,111,191,174,5,22
1,0,0,0,0,0,0,0,0,1,0,0,0,0,0.9325,0.22,8,157,209,4,22
0,0,0,1,0,0,0,1,0,0,0,0,0,0,0.0025,1,110,30,219,1,22
0,0,0,1,0,0,0,0,0,0.99,0.0125,0,0,1,0.0025,0,111,191,173,5,22
0,0,0,1,0,0,0,1,0,0,0,0,0,0,0,1,112,28,230,1,22
1,0,0,0,0,0,0,0,0,0.0025,0.9975,0,0,1,0,0,8,207,158,4,22
1,0,0,0,0,0,0,0,0,0.4225,0.625,0,0,1,0,0,9,202,164,4,22
1,0,0,0,0,0,0,0,0,0.5,0.5125,0,0,1,0,0,23,216,164,2,22
0,0,1,0,0,0,0,0,0,1,0,0,0,1,0,0,74,152,89,0,22
0,0,1,0,0,0,0,0,0,1,0,0,0,1,0,0,74,157,91,0,22
0.065,0.0075,0.095,0.8325,0.0125,0,0,1,0,0,0,0,0,1,0,0,110,3,164,1,22
1,0,0,0,0,0,0,0,0,0,1,0,0,1,0,0,9,236,159,4,22
0,0,1,0,0,0,0,0,0,1,0,0,0,1,0,0,73,155,97,0,22
1,0,0,0,0,0,0,0,0,0,1,0,0,1,0.0025,0,22,220,175,2,22
0,0,1,0,0,0,0,0,0,1,0,0,0,1,0,0,77,140,120,0,22
0,0,0,1,0,0,0,1,0,0,0,0,0,0,0,1,120,30,216,1,22
0,0,0,1,0,0,0,0,0,0.9325,0.125,0,0,0.975,0.035,0,112,192,171,5,22
0.0075,0.095,0.7425,0.1725,0,0,0,0.4075,0.075,0.535,0,0,0,0.8875,0.0775,0.0425,77,139,129,0,22
0,0,0,1,0,0,0,1,0,0,0,0,0,0,0,1,114,33,223,1,22
1,0,0,0,0,0,0,0,0,1,0,0,0,0,0.995,0.01,24,172,203,2,22
0,0,0,1,0,0,0,0,0,0.545,0.595,0,0,1,0,0,111,199,171,5,22
1,0,0,0,0,0,0,0,0,1,0,0,0,0,1,0,23,170,203,2,22
0,0,1,0,0,0,0,0,0,1,0,0,0,1,0,0,78,126,140,0,22
0,0,0,1,0,0,0,1,0,0,0,0,0,1,0,0,116,22,176,1,22
0.2375,0,0,0,0,0.7625,0,0,0,1,0,0,0,1,0,0,179,141,128,3,22
0,0,0,1,0,0,0,1,0,0,0,0,0,0.955,0.09,0,116,22,175,1,22
0,0,0,1,0,0,0,1,0,0,0,0,0,1,0,0,116,22,174,1,22
1,0,0,0,0,0,0,0,0,0,1,0,0,1,0,0,24,217,162,2,22
0,0,0,1,0,0,0,0,0.015,0.785,0.2125,0,0,1,0,0,110,210,130,5,22
0,0,1,0,0,0,0,0,0,1,0,0,0,1,0,0,74,160,94,0,22
0.995,0,0,0,0,0.005,0,0,0,0.9625,0.0675,0,0,1,0,0,1,193,124,3,22
0,0,0,1,0,0,0,0,0,0,1,0,0,1,0,0,110,225,127,5,22
0,0,0,1,0,0,0,0,0,0.06,0.9575,0,0,1,0,0,111,205,168,5,22
1,0,0,0,0,0,0,0,0,0.7825,0.4,0,0,0,1,0,25,200,193,2,22
1,0,0,0,0,0,0,0,0,0.695,0.35,0,0,0,1,0,10,201,202,4,22
1,0,0,0,0,0,0,0,0,0.035,0.9825,0,0,0,1,0,10,207,197,4,22
0.3425,0,0,0,0.035,0.6525,0,0,0,1,0,0,0,1,0,0,0,152,155,3,22
0.1425,0,0,0,0.0075,0.8575,0,0,0,1,0,0,0,1,0,0,178,140,167,3,22
1,0,0,0,0,0,0,0,0,0.0225,0.99,0,0,0,1,0,24,205,194,2,22
0,0,1,0,0,0,0,0,0,1,0,0,0,1,0,0,78,132,133,0,22
0,0,0,0,0.015,1,0,0,0,1,0,0,0,1,0,0,177,134,167,3,22
