1,0,0,0,0,0,0,0,0,0,1,0,0,1,0,0,11,243,170,4,0
0.66,0,0,0,0,0.34,0,0,0,0.045,0.98,0,0,1,0,0,0,207,136,3,0
0.065,0,0,0,0,0.935,0,0,0,1,0,0,0,1,0,0,179,190,160,3,0
0.96,0,0,0,0,0.04,0,0,0,0.09,0.935,0,0,1,0,0,1,210,129,3,0
0.9625,0,0,0,0,0.0375,0,0,0,0.7575,0.32,0,0,1,0,0,0,199,147,3,0
0,0,0,1,0,0,0,1,0,0,0,0,0,0,0,1,116,40,255,1,0
0,0,0,1,0,0,0,0,0,0,1,0,0,1,0,0,112,238,150,5,0
0,0,0,1,0,0,0,0,0,0,1,0,0,0.5175,0.5675,0,111,228,178,5,0
1,0,0,0,0,0,0,0,0,0,1,0,0,0,0,1,26,234,228,2,0
0,0,0,1,0,0,0,0,0,0,1,0,0,0,0,1,112,232,224,5,0
0,0,0,1,0,0,0,0.855,0.2625,0,0,0,0,0,0,1,114,59,253,1,0
1,0,0,0,0,0,0,0,0,0,1,0,0,0.785,0.295,0,26,232,178,2,0
1,0,0,0,0,0,0,0,0,0,1,0,0,0,0,1,12,238,233,4,0
0,0,0,1,0,0,0,0,0,0,1,0,0,0,1,0,112,233,200,5,0
0,0,1,0,0,0,0,0,0,1,0,0,0,1,0,0,77,176,119,0,0
0,0,0,1,0,0,0,0,0,0,1,0,0,0,0.0575,0.985,111,230,212,5,0
1,0,0,0,0,0,0,0,0,0,1,0,0,0,0.08,0.965,26,233,218,2,0
0,0,1,0,0,0,0,0,0,1,0,0,0,1,0,0,75,173,122,0,0
0,0,1,0,0,0,0,0,0,0.895,0.135,0,0,1,0,0,77,193,78,0,0
0,0,0,1,0,0,0,1,0,0,0,0,0,0,1,0.0025,112,52,199,1,0
1,0,0,0,0,0,0,0,0,0,1,0,0,0,1,0,12,244,194,4,0
1,0,0,0,0,0,0,0,0,0,1,0,0,1,0,0,11,250,152,4,0
0,0,1,0,0,0,0,0,0,1,0,0,0,1,0,0,73,176,106,0,0
1,0,0,0,0,0,0,0,0,0,1,0,0,0,1,0,26,241,198,2,0
1,0,0,0,0,0,0,0,0,0,1,0,0,1,0,0,27,252,148,2,0
1,0,0,0,0,0,0,0,0,0,1,0,0,0.34,0.7425,0,27,248,183,2,0
1,0,0,0,0,0,0,0,0,0,1,0,0,0,0.36,0.77,13,248,210,4,0
0,0,0,1,0,0,0,1,0,0,0,0,0,0,0,1,110,39,255,1,0
0.0175,0,0,0,0,0.9825,0,0,0,1,0,0,0,1,0,0,178,190,156,3,0
1,0,0,0,0,0,0,0,0,0,1,0,0,0,1,0,12,245,202,4,0
1,0,0,0,0,0,0,0,0,0.015,0.985,0,0,0,0,1,13,244,240,4,0
1,0,0,0,0,0,0,0,0,0,1,0,0,0,0,1,27,232,217,2,0
0,0,1,0,0,0,0,0,0,1,0,0,0,1,0,0,77,161,133,0,0
0,0,0,1,0,0,0,1,0,0,0,0,0,0,0,1,103,22,255,1,0
0.9575,0,0,0,0,0.0425,0,0,0,0.9925,0.0275,0,0,0.8925,0.1225,0,0,192,172,3,0
0.98,0,0,0,0,0.02,0,0,0,0.7425,0.39,0,0,1,0,0,0,200,160,3,0
1,0,0,0,0,0,0,0,0,0,1,0,0,1,0,0,26,239,159,2,0
0,0,0,1,0,0,0,0,0,0.2025,0.8025,0,0,1,0,0,113,232,152,5,0
0.8675,0,0,0,0,0.1325,0,0,0,0.06,0.97,0,0,1,0,0,0,211,134,3,0
1,0,0,0,0,0,0,0,0,0,1,0,0,1,0,0,26,246,164,2,0
0,0,0,1,0,0,0,1,0,0,0,0,0,0,1,0,111,24,193,1,0
0,0,0,1,0,0,0,1,0,0,0,0,0,0,0.445,0.6275,111,28,208,1,0
0,0.3225,0.6475,0.0575,0,0,0,1,0,0,0,0,0,1,0,0,83,7,152,1,0
0,0,0,1,0,0,0,0,0,0,1,0,0,1,0,0,112,239,146,5,0
1,0,0,0,0,0,0,0,0,0.18,0.8575,0,0,1,0,0,2,210,158,3,0
0,0,1,0,0,0,0,0,0,1,0,0,0,1,0,0,76,153,144,0,0
0,0,0,1,0,0,0,0,0,0,1,0,0,0,0.99,0.06,112,229,203,5,0
0,0,1,0,0,0,0,0,0,1,0,0,0,1,0,0,75,155,124,0,0
0.0125,0.01,0.8825,0.0975,0.0025,0,0,0.2925,0.05,0.6625,0,0,0,0.7625,0.2175,0.035,73,153,156,0,0
1,0,0,0,0,0,0,0,0,0,1,0,0,0,0,1,12,241,230,4,0
0,0,1,0,0,0,0,0,0,1,0,0,0,1,0,0,74,162,131,0,0
0,0,0,1,0,0,0,0,0,0,1,0,0,0,0,1,111,226,222,5,0
1,0,0,0,0,0,0,0,0,0,1,0,0,0,0,1,12,239,238,4,0
0,0,0,1,0,0,0,1,0,0,0,0,0,0,0,1,110,28,238,1,0
0,0,1,0,0,0,0,0,0,1,0,0,0,1,0,0,78,163,115,0,1
0.0325,0,0,0,0,0.9675,0,0,0,1,0,0,0,1,0,0,178,187,153,3,1
1,0,0,0,0,0,0,0,0,0,1,0,0,0,0,1,12,232,236,4,1
0.9025,0,0,0,0,0.0975,0,0,0,0.995,0.0225,0,0,1,0,0,0,195,145,3,1
1,0,0,0,0,0,0,0,0,0.0075,0.995,0,0,0,0.075,0.9625,13,243,215,4,1
0,0,1,0,0,0,0,0,0,1,0,0,0,1,0,0,75,145,160,0,1
1,0,0,0,0,0,0,0,0,0,1,0,0,0.225,0.8025,0,12,243,193,4,1
1,0,0,0,0,0,0,0,0,0,1,0,0,0,0.0475,0.965,13,243,215,4,1
1,0,0,0,0,0,0,0,0,0,1,0,0,0,0,1,25,226,249,2,1
0,0,0,1,0,0,0,0,0,0,1,0,0,0,0,1,110,210,255,5,1
1,0,0,0,0,0,0,0,0,0,1,0,0,0,0,1,12,228,255,4,1
0,0,1,0,0,0,0,0,0,1,0,0,0,1,0,0,78,149,153,0,1
1,0.2625,0,0,0,0,0,0,0,0,1,0,0,0,0,1,29,211,255,2,1
0,0,1,0,0,0,0,0,0,1,0,0,0,1,0,0,76,145,173,0,1
0,0,0,1,0,0,0,0,0,0,1,0,0,0,0,1,112,221,239,5,1
1,0,0,0,0,0,0,0,0,1,0,0,0,0,0,1,0,176,230,3,1
0.0475,0,0.0375,0.915,0,0,0,1,0,0,0,0,0,0,0,1,90,1,255,1,1
0,0,0,1,0,0,0,1,0,0,0,0,0,0,0,1,107,22,255,1,1
1,0,0,0,0,0,0,0,0,0,1,0,0,0.01,1,0,11,232,186,4,1
0,0,0,1,0,0,0,0,0,0.0325,0.97,0,0,0,0.99,0.0175,112,218,200,5,1
1,0,0,0,0,0,0,0,0,0,1,0,0,0,0,1,26,216,226,2,1
0,0,1,0,0,0,0,0,0,1,0,0,0,1,0,0,77,167,123,0,1
0,0,0,1,0,0,0,0,0,0,1,0,0,0,0.9625,0.0575,112,227,199,5,1
0,0,0.8625,0.1425,0,0,0,0.265,0.0625,0.68,0,0,0,0.7675,0.1025,0.135,76,145,159,0,1
0,0,0,1,0,0,0,0,0,0,1,0,0,1,0,0,112,235,143,5,1
0.9525,0,0,0,0,0.0475,0,0,0,0.7675,0.295,0,0,1,0,0,0,198,159,3,1
0,0,1,0,0,0,0,0,0,1,0,0,0,1,0,0,74,151,155,0,1
0,0,1,0,0,0,0,0,0,1,0,0,0,0.8075,0.315,0,78,135,179,0,1
0,0,0.0025,0.9975,0,0,0,1,0,0,0,0,0,0,0,1,90,10,255,1,1
0,0,0,1,0,0,0,0,0,0,1,0,0,0,0,1,112,221,245,5,1
0.375,0.6675,0.0175,0.21,0,0,0,1,0,0,0,0,0,0,0,1,50,2,255,1,1
1,0,0,0,0,0,0,0,0,0,1,0,0,0,0,1,27,211,255,2,1
0,0,0,1,0,0,0,0,0,0,1,0,0,0,0,1,112,218,244,5,1
0.5925,0,0,0,0,0.4075,0,0,0,1,0,0,0,0,0,1,0,174,231,3,1
1,0,0,0,0,0,0,0,0,0.0925,0.91,0,0,0,0,1,13,228,255,4,1
0.6825,0,0,0,0,0.3175,0,0,0,1,0,0,0,0,0.9975,0.0025,0,180,200,3,1
0,0,0,1,0,0,0,1,0,0,0,0,0,0,1,0,114,45,188,1,1
1,0,0,0,0,0,0,0,0,0.005,0.9975,0,0,0.9425,0.0675,0,11,237,169,4,1
1,0,0,0,0,0,0,0,0,0,1,0,0,0,1,0.0025,12,235,202,4,1
1,0,0,0,0,0,0,0,0,0.09,0.9125,0,0,1,0,0,27,237,153,2,1
0,0,0,1,0,0,0,1,0,0,0,0,0,0,1,0,110,33,195,1,1
0.975,0,0,0,0,0.025,0,0,0,0.97,0.035,0,0,1,0,0,0,192,155,3,1
1,0,0,0,0,0,0,0,0,0.05,0.95,0,0,1,0,0,27,251,139,2,1
0,0,0,1,0,0,0,0,0,0.14,0.8675,0,0,1,0,0,112,231,139,5,1
0,0,0,1,0,0,0,1,0,0,0,0,0,0,0.045,0.9825,111,24,214,1,1
0,0,0,1,0,0,0,1,0,0,0,0,0,0,0,1,114,28,255,1,1
0,0,1,0,0,0,0,0,0,1,0,0,0,1,0,0,78,161,136,0,1
1,0,0,0,0,0,0,0,0,0,1,0,0,0,1,0,26,219,195,2,1
0,0,0,1,0,0,0,1,0,0,0,0,0,0,0,1,111,27,255,1,1
0.7025,0,0,0,0,0.2975,0,0,0,1,0,0,0,1,0,0,0,187,169,3,1
1,0,0,0,0,0,0,0,0,0,1,0,0,0,0.98,0.04,26,223,202,2,1
1,0,0,0,0,0,0,0,0,1,0,0,0,0,1,0,1,182,191,3,1
1,0,0,0,0,0,0,0,0,0.005,0.995,0,0,0,0,1,26,224,224,2,1
0,0,0,1,0,0,0,0,0,0.0125,0.9875,0,0,0.4425,0.6375,0,111,228,184,5,1
0,0,0,1,0,0,0,1,0,0,0,0,0,0.9875,0.025,0,112,37,174,1,2
1,0,0,0,0,0,0,0,0,0.05,0.9525,0,0,0.9925,0.035,0,11,234,172,4,2
1,0,0,0,0,0,0,0,0,0,1,0,0,0.0025,1,0,11,239,192,4,2
1,0,0,0,0,0,0,0,0,0,1,0,0,1,0,0,11,245,153,4,2
1,0,0,0,0,0,0,0,0,0,1,0,0,0.705,0.3675,0,11,242,177,4,2
0,0,1,0,0,0,0,0,0,1,0,0,0,1,0,0,74,162,120,0,2
1,0,0,0,0,0,0,0,0,0,1,0,0,1,0,0,26,248,149,2,2
0.9975,0,0,0,0,0.0025,0,0,0,0,1,0,0,1,0,0,1,212,131,3,2
0,0,0,1,0,0,0,0,0,0,1,0,0,1,0.0125,0,111,233,174,5,2
0,0,0,1,0,0,0,0,0,0,1,0,0,0,0,1,112,227,235,5,2
0,0,0,1,0,0,0,1,0,0,0,0,0,0,0.0025,0.9975,115,46,255,1,2
0,0,1,0,0,0,0,0,0,1,0,0,0,1,0,0,77,155,135,0,2
0.95,0,0,0,0,0.05,0,0,0,1,0,0,0,0,1,0,0,180,190,3,2
1,0,0,0,0,0,0,0,0,0,1,0,0,0,0,1,26,220,232,2,2
0,0,0,1,0,0,0,1,0,0,0,0,0,0,0,1,114,37,244,1,2
0,0,0,1,0,0,0,1,0,0,0,0,0,0,0,1,107,19,255,1,2
0,0,0,1,0,0,0,0,0,0,1,0,0,0,0.88,0.165,111,226,204,5,2
0,0,0,1,0,0,0,0,0,0,1,0,0,0.2625,0.775,0,111,229,185,5,2
0,0,1,0,0,0,0,0,0,1,0,0,0,1,0,0,74,182,94,0,2
0,0,1,0,0,0,0,0,0,1,0,0,0,1,0,0,75,172,110,0,2
0.925,0,0,0,0,0.075,0,0,0,0.525,0.645,0,0,1,0,0,0,199,141,3,2
1,0,0,0,0,0,0,0,0,0,1,0,0,1,0,0,2,218,118,3,2
0,0,0,1,0,0,0,1,0,0,0,0,0,0,1,0,109,30,197,1,2
1,0,0,0,0,0,0,0,0,0,1,0,0,0,1,0,26,229,197,2,2
0,0,0,1,0,0,0,0,0,0.005,0.995,0,0,1,0,0,113,246,107,5,2
1,0,0,0,0,0,0,0,0,0.015,0.9975,0,0,0.8175,0.2375,0,11,246,173,4,2
0,0,0,1,0,0,0,1,0,0,0,0,0,0,0.1975,0.87,116,18,211,1,2
0,0,1,0,0,0,0,0,0,1,0,0,0,1,0,0,76,154,150,0,2
0,0,0,1,0,0,0,1,0,0,0,0,0,0,0,1,113,46,255,1,2
1,0,0,0,0,0,0,0,0,0,1,0,0,0,0.9275,0.09,12,236,202,4,2
0,0,0,1,0,0,0,0,0,0,1,0,0,0,0,1,111,226,226,5,2
0,0,0,1,0,0,0,0,0,0,1,0,0,0,0.6625,0.4375,112,229,209,5,2
0,0,0,1,0,0,0,1,0,0,0,0,0,0,0,1,113,40,240,1,2
1,0,0,0,0,0,0,0,0,1,0,0,0,0,1,0,1,185,197,3,2
1,0,0,0,0,0,0,0,0,1,0,0,0,0.37,0.845,0,1,189,181,3,2
0.9975,0,0,0,0,0.0025,0,0,0,0.655,0.4475,0,0,1,0,0,1,198,166,3,2
1,0,0,0,0,0,0,0,0,0,1,0,0,1,0,0,11,240,154,4,2
1,0,0,0,0,0,0,0,0,0,1,0,0,1,0,0,26,224,168,2,2
0,0,0,1,0,0,0,1,0,0,0,0,0,0,0,1,116,53,247,1,2
1,0,0,0,0,0,0,0,0,0,1,0,0,1,0,0,27,243,151,2,2
0,0,1,0,0,0,0,0,0,1,0,0,0,1,0,0,75,179,108,0,2
0,0,1,0,0,0,0,0,0,1,0,0,0,1,0,0,75,158,130,0,2
1,0,0,0,0,0,0,0,0,0,1,0,0,1,0,0,27,255,143,2,2
0,0.01,0.995,0,0,0,0,0.1475,0.035,0.82,0,0,0,1,0,0,71,172,110,0,2
1,0,0,0,0,0,0,0,0,0,1,0,0,0,0.8225,0.25,26,244,211,2,2
0.0125,0,0,0,0,0.9875,0,0,0,1,0,0,0,0.225,0.8825,0,179,182,181,3,2
0,0,0,1,0,0,0,0,0,0.1975,0.82,0,0,0,0,1,112,228,224,5,2
0,0,1,0,0,0,0,0,0,1,0,0,0,1,0,0,78,160,128,0,2
1,0,0,0,0,0,0,0,0,0,1,0,0,0,0,1,26,221,245,2,2
0.36,0,0,0,0,0.64,0,0,0,1,0,0,0,0.955,0.0975,0,179,189,173,3,2
0,0,0,1,0,0,0,0,0,0,1,0,0,0,1,0.0075,112,228,204,5,2
1,0,0,0,0,0,0,0,0,0,1,0,0,0,0,1,13,246,252,4,2
1,0,0,0,0,0,0,0,0,0,1,0,0,0,0,1,13,244,230,4,2
1,0,0,0,0,0,0,0,0,0,1,0,0,0,0.58,0.52,26,236,209,2,2
0,0,1,0,0,0,0,0,0,0.8925,0.17,0,0,1,0,0,75,190,82,0,3
0.845,0,0,0,0,0.155,0,0,0,0.05,0.96,0,0,1,0,0,0,207,126,3,3
0,0,0,1,0,0,0,0,0,0,1,0,0,0.125,0.925,0,112,232,189,5,3
0,0,1,0,0,0,0,0,0,1,0,0,0,1,0,0,74,187,97,0,3
0,0,0,1,0,0,0,1,0,0,0,0,0,0,0.975,0.0475,110,33,206,1,3
0.9925,0,0,0,0,0.0075,0,0,0,0.83,0.2325,0,0,1,0,0,1,195,153,3,3
0,0,1,0,0,0,0,0,0,0.91,0.115,0,0,1,0,0,71,193,90,0,3
0,0.06,0.9525,0,0,0,0,0.1225,0.0425,0.84,0,0,0,1,0,0,71,166,117,0,3
1,0,0,0,0,0,0,0,0,0.6225,0.4225,0,0,1,0,0,2,201,160,3,3
1,0,0,0,0,0,0,0,0,0,1,0,0,0,0,1,12,233,236,4,3
0,0,0,1,0,0,0,0,0,0.165,0.845,0,0,0,0.345,0.77,113,226,211,5,3
0,0,1,0,0,0,0,0,0,1,0,0,0,1,0,0,78,161,125,0,3
0,0,1,0,0,0,0,0,0,1,0,0,0,1,0,0,75,159,157,0,3
0.685,0,0,0,0,0.315,0,0,0,1,0,0,0,0.91,0.1575,0,0,188,175,3,3
0,0,0,1,0,0,0,0,0,0,1,0,0,0.0175,0.995,0,112,229,187,5,3
0,0,0,1,0,0,0,1,0,0,0,0,0,0,0,1,111,23,255,1,3
1,0,0,0,0,0,0,0,0,0,1,0,0,0,0,1,12,238,228,4,3
1,0,0,0,0,0,0,0,0,0,1,0,0,0,0.81,0.2775,26,231,209,2,3
1,0,0,0,0,0,0,0,0,0,1,0,0,1,0,0,1,218,103,3,3
1,0,0,0,0,0,0,0,0,0,1,0,0,1,0,0,25,233,165,2,3
1,0,0,0,0,0,0,0,0,0,1,0,0,0.03,0.9775,0,11,240,183,4,3
1,0,0,0,0,0,0,0,0,0,1,0,0,1,0,0,26,243,147,2,3
1,0,0,0,0,0,0,0,0,0,1,0,0,1,0,0,11,243,168,4,3
0,0,0,1,0,0,0,0,0,0,1,0,0,1,0,0,112,233,167,5,3
1,0,0,0,0,0,0,0,0,0,1,0,0,1,0,0,26,248,139,2,3
0,0,0,1,0,0,0,1,0,0,0,0,0,0.79,0.3,0,109,12,175,1,3
0,0,0,1,0,0,0,1,0,0,0,0,0,0,0.9475,0.1125,113,20,205,1,3
1,0,0,0,0,0,0,0,0,0,1,0,0,0,0,1,25,215,226,2,3
0,0,0,1,0,0,0,1,0,0,0,0,0,0,0.0225,0.9775,117,46,251,1,3
0,0,0,1,0,0,0,0,0,0.005,0.9975,0,0,0.0075,0.9975,0,112,230,183,5,3
0,0,0,1,0,0,0,1,0,0,0,0,0,0,0,1,114,30,255,1,3
0,0,1,0,0,0,0,0,0,1,0,0,0,1,0,0,75,158,138,0,3
0,0,0,1,0,0,0,1,0,0,0,0,0,0,0,1,114,38,235,1,3
0,0,1,0,0,0,0,0,0,1,0,0,0,1,0,0,73,156,154,0,3
1,0,0,0,0,0,0,0,0,0.025,0.9775,0,0,0,0.0025,1,12,235,228,4,3
0,0,0,1,0,0,0,0,0,0,1,0,0,0.9175,0.1025,0,112,232,174,5,3
1,0,0,0,0,0,0,0,0,0.01,0.9925,0,0,1,0,0,27,225,161,2,3
0,0,0,1,0,0,0,0,0,0,1,0,0,0.99,0.0125,0,112,237,170,5,3
1,0,0,0,0,0,0,0,0,0,1,0,0,0,1,0,12,241,200,4,3
1,0,0,0,0,0,0,0,0,0.0025,1,0,0,1,0,0,27,236,160,2,3
0,0,0,1,0,0,0,0,0,0.025,0.9775,0,0,1,0,0,112,234,167,5,3
1,0,0,0,0,0,0,0,0,0,1,0,0,0,0.8325,0.2275,12,234,206,4,3
0,0,0.0175,0.99,0,0,0,1,0,0,0,0,0,1,0,0,95,18,169,1,3
1,0,0,0,0,0,0,0,0,0.0525,0.9475,0,0,0.6125,0.4275,0,11,245,173,4,3
0,0,0,1,0,0,0,1,0,0,0,0,0,0,0,1,112,28,222,1,3
0,0,0,1,0,0,0,0,0,0,1,0,0,0,0,1,112,226,246,5,3
0.06,0,0,0,0,0.94,0,0,0,1,0,0,0,1,0,0,179,185,164,3,3
1,0,0,0,0,0,0,0,0,0,1,0,0,0,0.8675,0.235,12,236,207,4,3
0,0,1,0,0,0,0,0,0,1,0,0,0,1,0,0,76,155,159,0,3
1,0,0,0,0,0,0,0,0,0,1,0,0,0,0,1,26,228,231,2,3
1,0,0,0,0,0,0,0,0,0,1,0,0,0,0.44,0.6575,27,225,209,2,3
1,0,0,0,0,0,0,0,0,1,0,0,0,0,1,0,0,181,203,3,3
1,0,0,0,0,0,0,0,0,1,0,0,0,0.0025,1,0,1,183,183,3,3
0.985,0,0,0,0,0.015,0,0,0,0.965,0.065,0,0,1,0.0025,0,1,194,167,3,3
0,0,0,1,0,0,0,0,0,0,1,0,0,1,0,0,114,243,107,5,4
1,0,0,0,0,0,0,0,0,0,1,0,0,1,0,0,10,246,143,4,4
1,0,0,0,0,0,0,0,0,0,1,0,0,0.8175,0.23,0,26,233,172,2,4
0,0,0,1,0,0,0,0,0,0,1,0,0,1,0,0,113,234,109,5,4
1,0,0,0,0,0,0,0,0,0,1,0,0,1,0,0,11,245,153,4,4
1,0,0,0,0,0,0,0,0,0.04,0.9675,0,0,0.03,0.99,0,12,241,184,4,4
1,0,0,0,0,0,0,0,0,0,1,0,0,1,0,0,2,232,88,3,4
0,0,0,1,0,0,0,0,0,0.085,0.925,0,0,1,0,0,113,236,121,5,4
0,0,0,1,0,0,0,1,0,0,0,0,0,0,1,0,103,11,192,1,4
0.675,0,0,0,0,0.325,0,0,0,1,0,0,0,0.2525,0.905,0,0,182,182,3,4
0,0,0,1,0,0,0,1,0,0,0,0,0,0,0,1,113,48,255,1,4
1,0,0,0,0,0,0,0,0,0,1,0,0,0,1,0,26,223,204,2,4
1,0,0,0,0,0,0,0,0,0,1,0,0,0,0,1,26,222,240,2,4
0,0,1,0,0,0,0,0,0,1,0,0,0,1,0,0,75,162,143,0,4
0,0,0,1,0,0,0,1,0,0,0,0,0,0,0.0575,0.9575,111,30,225,1,4
1,0,0,0,0,0,0,0,0,1,0,0,0,0,1,0,1,186,191,3,4
0,0,0,1,0,0,0,1,0,0,0,0,0,0,0,1,110,27,244,1,4
0,0,0,1,0,0,0,0,0,0.0175,0.9825,0,0,0.3525,0.725,0,111,229,182,5,4
0,0,0,1,0,0,0,1,0,0,0,0,0,0.99,0.04,0,111,47,176,1,4
0.88,0,0,0,0,0.12,0,0,0,0.025,0.9775,0,0,1,0,0,1,211,109,3,4
1,0,0,0,0,0,0,0,0,0,1,0,0,0.9875,0.0225,0,26,236,169,2,4
1,0,0,0,0,0,0,0,0,0,1,0,0,1,0,0,27,248,145,2,4
0,0,0,1,0,0,0,0,0,0,1,0,0,1,0,0,113,242,142,5,4
0,0,1,0,0,0,0,0,0,1,0,0,0,1,0,0,74,166,115,0,4
0,0,1,0,0,0,0,0,0,0.3925,0.685,0,0.005,1,0,0,72,200,70,0,4
1,0,0,0,0,0,0,0,0,0,1,0,0,1,0,0,2,223,119,3,4
0,0,0,1,0,0,0,0,0,0,1,0,0,1,0,0,112,239,165,5,4
0,0,0,1,0,0,0,0,0,0,1,0,0,0,0,1,112,230,229,5,4
1,0,0,0,0,0,0,0,0,0,1,0,0,0,0.32,0.825,12,237,213,4,4
0,0,1,0,0,0,0,0,0,1,0,0,0,1,0,0,78,161,125,0,4
1,0,0,0,0,0,0,0,0,0,1,0,0,0,0,1,26,225,233,2,4
1,0,0,0,0,0,0,0,0,0,1,0,0,0,0,1,27,229,216,2,4
1,0,0,0,0,0,0,0,0,0,1,0,0,0,0.9575,0.085,12,245,204,4,4
1,0,0,0,0,0,0,0,0,0,1,0,0,0,0,1,13,245,239,4,4
1,0,0,0,0,0,0,0,0,0,1,0,0,0,0,1,27,234,215,2,4
0,0,0,1,0,0,0,1,0,0,0,0,0,0,0,1,107,33,235,1,4
1,0,0,0,0,0,0,0,0,0,1,0,0,1,0.0025,0,10,230,170,4,4
0.34,0,0,0,0,0.66,0,0,0,0.7425,0.3125,0,0,1,0,0,179,192,135,3,4
0,0,0,1,0,0,0,1,0,0,0,0,0,0,0,1,119,43,249,1,4
0,0,1,0,0,0,0,0,0,1,0,0,0,1,0,0,72,184,101,0,4
0,0,0,1,0,0,0,1,0,0,0,0,0,0,0.665,0.415,111,32,206,1,4
0,0,0,1,0,0,0,1,0,0,0,0,0,0,0,1,116,33,237,1,4
0,0,1,0,0,0,0,0,0,0.9225,0.105,0,0,1,0,0,70,193,82,0,4
0,0,0,1,0,0,0,0,0,0,1,0,0,1,0,0,112,234,146,5,4
1,0,0,0,0,0,0,0,0,0.0725,0.935,0,0,0,0.735,0.28,12,244,203,4,4
1,0,0,0,0,0,0,0,0,0,1,0,0,0,0,1,12,228,247,4,4
0,0,1,0,0,0,0,0,0,1,0,0,0,1,0,0,78,154,141,0,4
1,0,0,0,0,0,0,0,0,0,1,0,0,0,0.9975,0.01,26,218,199,2,4
0.9175,0,0,0,0,0.0825,0,0,0,1,0,0,0,0,1,0,0,178,199,3,4
0.7425,0,0,0,0,0.2575,0,0,0,1,0,0,0,0.5525,0.61,0,0,186,181,3,4
0,0,0,1,0,0,0,0,0,0,1,0,0,0,1,0,112,228,194,5,4
0,0,1,0,0,0,0,0,0,1,0,0,0,1,0,0,74,153,163,0,4
0,0.045,0.96,0.015,0,0,0,0.21,0.0525,0.745,0,0,0,0.82,0.1625,0.025,73,153,155,0,4
0.995,0,0,0,0,0.005,0,0,0,1,0,0,0,0.9925,0.01,0,0,188,172,3,4
1,0,0,0,0,0,0,0,0,0,1,0,0,1,0,0,11,240,151,4,5
0.48,0,0,0,0,0.52,0,0,0,0.1625,0.875,0,0,1,0,0,179,207,123,3,5
0.03,0,0,0,0,0.97,0,0,0,0.9975,0.005,0,0,1,0,0,178,190,146,3,5
0,0,0,1,0,0,0,1,0,0,0,0,0,0,1,0,108,45,193,1,5
0.77,0,0,0,0,0.23,0,0,0,0.3125,0.7375,0,0,1,0,0,1,204,131,3,5
1,0,0,0,0,0,0,0,0,0.005,0.995,0,0,0,0.735,0.355,13,244,208,4,5
1,0,0,0,0,0,0,0,0,0,1,0,0,1,0,0,11,253,159,4,5
0,0,0,1,0,0,0,0,0,0,1,0,0,1,0,0,111,236,159,5,5
1,0,0,0,0,0,0,0,0,0.265,0.7925,0,0,1,0,0,1,203,162,3,5
0,0,0,1,0,0,0,0,0,0,1,0,0,0,0,1,112,230,237,5,5
1,0,0,0,0,0,0,0,0,0,1,0,0,0,1,0.0075,27,226,202,2,5
0,0,0,1,0,0,0,0,0,0,1,0,0,0,1,0,112,232,191,5,5
1,0,0,0,0,0,0,0,0,0,1,0,0,0,0,1,26,233,234,2,5
1,0,0,0,0,0,0,0,0,0,1,0,0,0,0.46,0.64,27,237,208,2,5
1,0,0,0,0,0,0,0,0,0.005,0.995,0,0,0,1,0,12,246,194,4,5
1,0,0,0,0,0,0,0,0,0,1,0,0,0,0,1,27,238,232,2,5
1,0,0,0,0,0,0,0,0,0,1,0,0,0,0.01,0.9975,13,249,215,4,5
0,0,1,0,0,0,0,0,0,1,0,0,0,1,0,0,74,165,128,0,5
0,0,0,1,0,0,0,1,0,0,0,0,0,0.125,0.935,0,114,43,185,1,5
0.6625,0,0,0,0,0.3375,0,0,0,0.35,0.74,0,0,1,0,0,0,202,126,3,5
0,0,0,1,0,0,0,0,0,0,1,0,0,1,0,0,113,236,174,5,5
1,0,0,0,0,0,0,0,0,0.0075,0.995,0,0,1,0,0,1,218,109,3,5
0,0,0,1,0,0,0,1,0,0,0,0,0,0,1,0,114,32,193,1,5
0,0,0,1,0,0,0,1,0,0,0,0,0,0,0.2425,0.8025,114,29,214,1,5
1,0,0,0,0,0,0,0,0,0,1,0,0,1,0,0,10,252,158,4,5
0,0,1,0,0,0,0,0,0,1,0,0,0,1,0,0,71,179,108,0,5
0,0,1,0,0,0,0,0,0,1,0,0,0,1,0,0,72,155,125,0,5
1,0,0,0,0,0,0,0,0,0,1,0,0,0,0,1,25,214,238,2,5
1,0,0,0,0,0,0,0,0,0,1,0,0,0,0,1,25,215,217,2,5
0,0,1,0,0,0,0,0,0,1,0,0,0,1,0,0,77,152,124,0,5
0,0.015,0.8275,0.16,0,0,0,0.3575,0.06,0.5875,0,0,0,0.6975,0.235,0.0775,74,150,159,0,5
0,0,1,0,0,0,0,0,0,1,0,0,0,1,0,0,75,157,143,0,5
0,0,0,1,0,0,0,1,0,0,0,0,0,0,0,1,116,40,242,1,5
1,0,0,0,0,0,0,0,0,0,1,0,0,0,0,1,25,219,249,2,5
0,0,0,1,0,0,0,0,0,0,1,0,0,0,1,0.01,112,225,201,5,5
0.985,0,0,0,0,0.015,0,0,0,0.9025,0.1825,0,0,1,0,0,0,196,162,3,5
0,0,1,0,0,0,0,0,0,1,0,0,0,1,0,0,75,183,84,0,5
1,0,0,0,0,0,0,0,0,0,1,0,0,1,0,0,26,225,160,2,5
0,0,0,1,0,0,0,1,0,0,0,0,0,0,0,1,115,49,220,1,5
0,0,1,0,0,0,0,0,0,0.695,0.375,0,0,1,0,0,74,198,90,0,5
0,0,0,1,0,0,0,0,0,0,1,0,0,1,0,0,113,238,152,5,5
0.645,0,0,0,0,0.355,0,0,0,0.9675,0.045,0,0,1,0,0,0,193,144,3,5
0,0.005,0.3125,0.72,0,0,0,1,0,0,0,0,0,1,0,0,87,15,151,1,5
0,0,1,0,0,0,0,0,0,1,0,0,0,1,0,0,71,186,107,0,5
1,0,0,0,0,0,0,0,0,0,1,0,0,0,1,0,25,239,194,2,5
0,0,0,1,0,0,0,0,0,0,1,0,0,0,0,1,112,228,233,5,5
1,0,0,0,0,0,0,0,0,0,1,0,0,0,0.055,0.9775,12,231,216,4,5
1,0,0,0,0,0,0,0,0,0,1,0,0,0,0.9875,0.0225,12,236,205,4,5
0,0,0,1,0,0,0,0,0,0.1375,0.8725,0,0,0,0,1,112,218,225,5,5
1,0,0,0,0,0,0,0,0,0.0075,0.995,0,0,0,0,1,12,235,228,4,5
0,0,0,1,0,0,0,1,0,0,0,0,0,0,0,1,114,40,240,1,5
1,0,0,0,0,0,0,0,0,1,0,0,0,0,1,0,1,185,195,3,5
0,0,0,1,0,0,0,0,0,0.4225,0.58,0,0,0,0.995,0.0125,111,225,202,5,5
0,0,0,1,0,0,0,1,0,0,0,0,0,0,0,1,109,29,235,1,5
1,0,0,0,0,0,0,0,0,0,1,0,0,1,0,0,2,228,103,3,6
0,0,1,0,0,0,0,0,0,1,0,0,0,1,0,0,72,166,92,2,6
1,0,0,0,0,0,0,0,0,0,1,0,0,0.335,0.8325,0,11,240,181,4,6
0,0,1,0,0,0,0,0,0,0.9925,0.0125,0,0,1,0,0,70,194,79,0,6
1,0,0,0,0,0,0,0,0,0,1,0,0,1,0,0,11,250,159,4,6
0.0025,0.2175,0.8225,0,0,0,0,0.295,0.0375,0.6675,0,0,0,0.9375,0.065,0,70,160,119,0,6
0,0,0,1,0,0,0,0,0,0,1,0,0,1,0,0,113,236,94,5,6
1,0,0,0,0,0,0,0.03,0.0325,0.1525,0.795,0,0,1,0,0,2,223,118,3,6
1,0,0,0,0,0,0,0,0,0.005,0.995,0,0,1,0,0,3,214,143,3,6
0,0,1,0,0,0,0,0,0,1,0,0,0,1,0,0,75,151,145,0,6
1,0,0,0,0,0,0,0,0,0,1,0,0,0,0.48,0.685,25,226,210,2,6
0,0,1,0,0,0,0,0,0,1,0,0,0,1,0,0,74,158,118,0,6
0,0,0,1,0,0,0,1,0,0,0,0,0,0,0,1,114,25,246,1,6
0,0,1,0,0,0,0,0,0,1,0,0,0,1,0,0,73,160,137,0,6
0,0,0,1,0,0,0,1,0,0,0,0,0,0,0,1,114,28,225,1,6
0,0,0,1,0,0,0,1,0,0,0,0,0,0,0,1,116,17,246,1,6
0,0,0,1,0,0,0,1,0,0,0,0,0,0,0,1,116,21,236,1,6
1,0,0,0,0,0,0,0,0,0.225,0.84,0,0,1,0,0,1,207,160,3,6
0,0,0,1,0,0,0,0,0,0,1,0,0,1,0,0,113,240,137,5,6
1,0,0,0,0,0,0,0,0,0,1,0,0,1,0,0,11,247,157,4,6
1,0,0,0,0,0,0,0,0,0,1,0,0,0.0225,0.995,0,26,229,189,2,6
1,0,0,0,0,0,0,0,0,0,1,0,0,1,0,0,11,250,151,4,6
0,0,0,1,0,0,0,0,0,0,1,0,0,1,0,0,113,238,150,5,6
1,0,0,0,0,0,0,0,0,0.025,0.975,0,0,0,1,0,12,242,198,4,6
1,0,0,0,0,0,0,0,0,0,1,0,0,1,0,0,26,252,150,2,6
0,0,1,0,0,0,0,0,0,1,0,0,0,1,0,0,72,185,106,0,6
1,0,0,0,0,0,0,0,0,0,1,0,0,0,1,0,12,248,196,4,6
1,0,0,0,0,0,0,0,0,0,1,0,0,0,0,1,13,239,236,4,6
1,0,0,0,0,0,0,0,0,0,1,0,0,0,0.2325,0.855,27,221,213,2,6
0,0,0,1,0,0,0,0,0,0.0125,0.9875,0,0,0,0.935,0.1125,113,230,203,5,6
1,0,0,0,0,0,0,0,0,0,1,0,0,0,0,1,26,224,241,2,6
1,0,0,0,0,0,0,0,0,0,1,0,0,0,0,1,27,232,220,2,6
0.455,0,0,0,0,0.545,0,0,0,1,0,0,0,1,0,0,179,190,154,3,6
0,0,0,1,0,0,0,0,0,0,1,0,0,0,0,1,111,223,225,5,6
0,0,0,1,0,0,0,0,0,0.0725,0.9425,0,0,0,0.82,0.25,111,226,209,5,6
0,0,0,1,0,0,0,1,0,0,0,0,0,0,0,1,108,43,244,1,6
1,0,0,0,0,0,0,0,0,0,1,0,0,1,0,0,27,239,140,2,6
0,0,0,1,0,0,0,0,0,0.18,0.8275,0,0,1,0,0,113,232,146,5,6
0,0,1,0,0,0,0,0,0,1,0,0,0,1,0,0,76,168,112,0,6
1,0,0,0,0,0,0,0,0,0,1,0,0,1,0,0,27,240,159,2,6
0,0,0,1,0,0,0,1,0,0,0,0,0,0,1,0,110,34,195,1,6
0,0,0,1,0,0,0,0,0,0,1,0,0,0.9575,0.11,0,112,234,175,5,6
0,0,0.075,0.93,0,0,0,1,0,0,0,0,0,1,0,0,98,17,160,1,6
0,0,0,1,0,0,0,0,0,0,1,0,0,1,0,0,112,242,139,5,6
1,0,0,0,0,0,0,0,0,0,1,0,0,1,0,0,2,210,145,3,6
1,0,0,0,0,0,0,0,0,0,1,0,0,0,0,1,12,236,236,4,6
0.1625,0,0,0,0,0.8375,0,0,0,1,0,0,0,1,0,0,179,185,164,3,6
0,0,0,1,0,0,0,1,0,0,0,0,0,0,0,1,113,52,255,1,6
0,0,0,1,0,0,0,1,0,0,0,0,0,0,0,1,104,26,255,1,6
0.665,0,0,0,0,0.335,0,0,0,1,0,0,0,0.8975,0.1475,0,0,182,174,3,6
0.795,0,0,0,0,0.205,0,0,0,0.995,0.005,0,0,1,0,0,0,192,156,3,6
1,0,0,0,0,0,0,0,0,0,1,0,0,0,0,1,26,222,249,2,6
1,0,0,0,0,0,0,0,0,0,1,0,0,0,0,1,13,241,234,4,6
0,0,1,0,0,0,0,0,0,1,0,0,0,1,0,0,74,163,138,0,6
0.095,0,0,0,0,0.905,0,0,0,0.9975,0.0225,0,0,1,0,0,179,195,135,3,7
0,0,0,1,0,0,0,0.975,0.075,0,0,0,0,0,0,1,112,56,255,1,7
0,0,0,1,0,0,0,0,0,0,1,0,0,0,0,1,112,229,229,5,7
1,0,0,0,0,0,0,0,0,0,1,0,0,0.1225,0.965,0,27,241,181,2,7
0,0,1,0,0,0,0,0,0,1,0,0,0,1,0,0,78,161,136,0,7
1,0,0,0,0,0,0,0,0,0,1,0,0,0,0,1,13,238,235,4,7
0,0,1,0,0,0,0,0,0,1,0,0,0,1,0,0,72,174,118,0,7
0.99,0,0,0,0,0.01,0,0,0,0.585,0.4625,0,0,1,0,0,1,197,160,3,7
1,0,0,0,0,0,0,0,0,0,1,0,0,0,0,1,26,237,238,2,7
1,0,0,0,0,0,0,0,0,0,1,0,0,0,0,1,13,231,255,4,7
1,0,0,0,0,0,0,0,0,0.0875,0.925,0,0,0,0,1,26,212,255,2,7
0,0,0,1,0,0,0,0,0,0.0425,0.9625,0,0,0,0,1,112,221,255,5,7
0,0,1,0,0,0,0,0,0,1,0,0,0,0,1,0,76,141,186,0,7
1,0,0,0,0,0,0,0,0,0,1,0,0,0,0,1,28,225,255,2,7
0.1725,0,0,0,0,0.8275,0,0,0,1,0,0,0,0,1,0,179,180,188,3,7
0.845,0,0,0,0,0.155,0,0,0,1,0,0,0,0,0,1,0,177,228,3,7
0.6225,0,0,0,0,0.3775,0,0,0,1,0,0,0,0,0.4675,0.7025,0,176,210,3,7
0,0,1,0,0,0,0,0,0,1,0,0,0,1,0,0,76,150,162,0,7
0,0,1,0,0,0,0,0,0,1,0,0,0,1,0,0,77,159,119,0,7
0,0,1,0,0,0,0,0,0,1,0,0,0,1,0,0,78,153,136,0,7
0,0,0,1,0,0,0,1,0,0,0,0,0,0,0,1,116,23,255,1,7
0,0,0,1,0,0,0,0,0,0,1,0,0,0.9525,0.08,0,111,233,173,5,7
0,0,0,1,0,0,0,1,0,0,0,0,0,0,0,1,112,39,248,1,7
1,0,0,0,0,0,0,0,0,0,1,0,0,0,0,1,12,233,240,4,7
0,0,0,1,0,0,0,0,0,0,1,0,0,1,0,0,111,236,146,5,7
0,0,0,1,0,0,0,1,0,0,0,0,0,0,0,1,109,27,227,1,7
0,0,1,0,0,0,0,0,0,1,0,0,0,1,0.0025,0,73,155,152,0,7
1,0,0,0,0,0,0,0,0,0,1,0,0,0,0,1,13,224,255,4,7
0,0,1,0,0,0,0,0,0,1,0,0,0,1,0,0,77,148,164,0,7
0,0,0,1,0,0,0,0,0,0,1,0,0,0,0,1,112,223,236,5,7
0,0,0,1,0,0,0,0,0,0.6375,0.38,0,0,0,0,1,111,209,255,5,7
1,0,0,0,0,0,0,0,0,0.005,0.995,0,0,0,0,1,13,232,255,4,7
0,0,0,1,0,0,0,0,0,0.14,0.8725,0,0,0,0,1,112,219,233,5,7
0.995,0,0,0,0,0.005,0,0,0,1,0,0,0,0,0,1,1,176,231,3,7
0,0,0,1,0,0,0,0,0,0,1,0,0,0,0,1,110,218,254,5,7
1,0,0,0,0,0,0,0,0,0,1,0,0,0,0,1,13,237,255,4,7
0,0,0,1,0,0,0,1,0,0,0,0,0,1,0,0,112,40,173,1,7
0,0,0,1,0,0,0,1,0,0,0,0,0,0,1,0,114,47,191,1,7
1,0,0,0,0,0,0,0,0,0,1,0,0,0.06,0.96,0,26,228,190,2,7
0,0,0.98,0.025,0,0,0,0.0875,0.04,0.7325,0.1525,0,0,1,0,0,73,194,81,0,7
1,0,0,0,0,0,0,0,0,0.1,0.9075,0,0,1,0,0,1,223,119,3,7
1,0,0,0,0,0,0,0,0,0.0125,0.9875,0,0,0,1,0,12,246,194,4,7
0,0,0.31,0.7025,0,0,0,1,0,0,0,0,0,1,0,0,96,9,149,1,7
1,0,0,0,0,0,0,0,0,0,1,0,0,1,0,0,2,225,119,3,7
1,0,0,0,0,0,0,0,0,0,1,0,0,1,0,0,2,212,143,3,7
1,0,0,0,0,0,0,0,0,0,1,0,0,0,0,1,13,240,228,4,7
1,0,0,0,0,0,0,0,0,0,1,0,0,0,0.88,0.185,12,239,205,4,7
1,0,0,0,0,0,0,0,0,0,1,0,0,0,1,0,26,228,186,2,7
1,0,0,0,0,0,0,0,0,0,1,0,0,0,0,1,26,225,231,2,7
0,0,0,1,0,0,0,0,0,0,1,0,0,0,1,0,112,233,196,5,7
1,0,0,0,0,0,0,0,0,0.015,0.99,0,0,0,1,0,27,231,195,2,7
0,0,0,1,0,0,0,1,0,0,0,0,0,0,0,1,109,29,249,1,7
0,0,0,1,0,0,0,1,0,0,0,0,0,0,0,1,110,31,238,1,7
1,0,0,0,0,0,0,0,0,0,1,0,0,0,1,0,26,238,200,2,7
1,0,0,0,0,0,0,0,0,0,1,0,0,1,0,0,26,238,149,2,8
0,0,0,1,0,0,0,1,0,0,0,0,0,0,1,0,114,43,196,1,8
1,0,0,0,0,0,0,0,0,0,1,0,0,0,1,0,11,242,194,4,8
0,0,0,1,0,0,0,1,0,0,0,0,0,1,0.0025,0,110,27,170,1,8
0,0,1,0,0,0,0,0,0,1,0,0,0,1,0,0,72,186,105,0,8
0,0,0,1,0,0,0,1,0,0,0,0,0,0,0.4925,0.5825,111,30,211,1,8
0,0,1,0,0,0,0,0,0,0.885,0.1675,0,0,1,0,0,70,190,79,0,8
1,0,0,0,0,0,0,0,0,0,1,0,0,1,0,0,26,246,170,2,8
0,0,0,1,0,0,0,0,0,0,1,0,0,1,0,0,111,233,167,5,8
0,0,0,1,0,0,0,1,0,0,0,0,0,0,0,1,116,22,255,1,8
0,0,0,1,0,0,0,0,0,0.235,0.7725,0,0,0,0.1575,0.9025,113,224,213,5,8
1,0,0,0,0,0,0,0,0,0,1,0,0,0,0.3875,0.695,12,236,212,4,8
0,0.0125,0.8475,0.15,0,0,0,0.3325,0.0475,0.6225,0,0,0,0.6875,0.2325,0.09,74,148,161,0,8
1,0,0,0,0,0,0,0,0,0,1,0,0,0,0,1,12,238,235,4,8
0,0,1,0,0,0,0,0,0,1,0,0,0,1,0,0,75,162,137,0,8
1,0,0,0,0,0,0,0,0,1,0,0,0,0,1,0,1,183,198,3,8
0,0,0,1,0,0,0,0,0,0.1275,0.885,0,0,0,0.7325,0.37,111,223,208,5,8
0,0,0,1,0,0,0,0,0,0,1,0,0,0,1,0,112,228,187,5,8
1,0,0,0,0,0,0,0,0,0,1,0,0,1,0,0,11,242,153,4,8
0.9725,0,0,0,0,0.0275,0,0,0,0.1575,0.8875,0,0,1,0,0,1,202,120,3,8
1,0,0,0,0,0,0,0,0,0,1,0,0,0,1,0,25,227,190,2,8
1,0,0,0,0,0,0,0,0,0,1,0,0,1,0,0,11,247,153,4,8
0.9775,0,0,0,0,0.0225,0,0,0,0.1075,0.8975,0,0,1,0,0,1,213,130,3,8
1,0,0,0,0,0,0,0,0,0.0275,0.9725,0,0,0,1,0,12,244,202,4,8
0,0,0,1,0,0,0,0,0,0,1,0,0,1,0,0,113,248,116,5,8
1,0,0,0,0,0,0,0,0,0,1,0,0,1,0,0,26,249,169,2,8
1,0,0,0,0,0,0,0,0,0.0075,1,0,0,1,0,0,2,216,144,3,8
0.525,0,0,0,0,0.475,0,0,0,1,0,0,0,0.9375,0.1175,0,0,187,177,3,8
0,0,1,0,0,0,0,0,0,1,0,0,0,1,0,0,78,161,135,0,8
0,0,0,1,0,0,0,1,0,0,0,0,0,0,0,1,115,50,235,1,8
1,0,0,0,0,0,0,0,0,0,1,0,0,0,0,1,26,224,237,2,8
0,0,0,1,0,0,0,1,0,0,0,0,0,0,0,1,115,40,252,1,8
0.825,0,0,0,0,0.175,0,0,0,0.95,0.055,0,0,1,0,0,0,193,151,3,8
0,0,1,0,0,0,0,0,0,1,0,0,0,1,0,0,74,164,154,0,8
0,0,0,1,0,0,0,1,0,0,0,0,0,0,0,1,112,27,244,1,8
1,0,0,0,0,0,0,0,0,0.3325,0.7425,0,0,1,0,0,1,204,157,3,8
0,0,1,0,0,0,0,0,0,1,0,0,0,1,0,0,76,185,87,0,8
0,0,1,0,0,0,0,0,0,1,0,0,0,1,0,0,76,168,108,0,8
1,0,0,0,0,0,0,0,0,0,1,0,0,0,1,0,25,222,199,2,8
0,0,0,1,0,0,0,0,0,0,1,0,0,1,0,0,113,237,140,5,8
1,0,0,0,0,0,0,0,0,0,1,0,0,0.815,0.2625,0,26,235,177,2,8
1,0,0,0,0,0,0,0,0,0,1,0,0,0,1,0,26,228,198,2,8
0,0,0,1,0,0,0,0,0,0,1,0,0,1,0,0,113,240,123,5,8
1,0,0,0,0,0,0,0,0,0,1,0,0,0.8475,0.2075,0,11,246,173,4,8
0,0,0,1,0,0,0,1,0,0,0,0,0,0,0,1,109,28,220,1,8
1,0,0,0,0,0,0,0,0,0,1,0,0,0,0,1,12,231,244,4,8
0.005,0,0,0,0,0.995,0,0,0,1,0,0,0,1,0,0,178,186,169,3,8
0,0,0,1,0,0,0,1,0,0,0,0,0,0,0,1,113,50,255,1,8
0,0,0,1,0,0,0,0,0,0,1,0,0,0,0,1,111,223,243,5,8
0,0,0,1,0,0,0,0,0,0,1,0,0,0,0,1,112,227,222,5,8
1,0,0,0,0,0,0,0,0,0,1,0,0,0,0.3125,0.815,12,238,212,4,8
0,0,1,0,0,0,0,0,0,1,0,0,0,1,0,0,74,155,164,0,8
0.97,0,0,0,0,0.03,0,0,0,1,0,0,0,0.425,0.6925,0,0,186,181,3,8
1,0,0,0,0,0,0,0,0,0,1,0,0,0,0.0275,0.995,26,231,217,2,8
0,0,0,1,0,0,0,0,0,0,1,0,0,1,0,0,113,242,138,5,9
0,0,0,1,0,0,0,0,0,0,1,0,0,1,0,0,112,230,153,5,9
0,0,0,1,0,0,0,0.84,0.51,0,0,0,0,0,0,1,112,60,226,1,9
1,0,0,0,0,0,0,0,0,0,1,0,0,1,0,0,27,250,146,2,9
1,0,0,0,0,0,0,0,0,0.0275,0.975,0,0,0.99,0.0325,0,12,252,169,4,9
0,0,1,0,0,0,0,0,0,1,0,0,0,1,0,0,73,169,118,0,9
1,0,0,0,0,0,0,0,0,0,1,0,0,1,0,0,27,255,147,2,9
0,0,0,1,0,0,0,1,0,0,0,0,0,0.0525,0.965,0,105,28,190,1,9
1,0,0,0,0,0,0,0,0,0,1,0,0,0,1,0,26,250,202,2,9
0,0,0,1,0,0,0,0,0,0,1,0,0,0,0,1,112,230,240,5,9
0.0125,0,0,0,0,0.9875,0,0,0,1,0,0,0,1,0,0,178,190,158,3,9
0,0,0,1,0,0,0,0.99,0.06,0,0,0,0,0,0,1,113,58,255,1,9
1,0,0,0,0,0,0,0,0,0,1,0,0,0,0,1,13,244,240,4,9
0,0,0,1,0,0,0,0,0,0,1,0,0,0,0.1175,0.955,112,231,215,5,9
1,0,0,0,0,0,0,0,0,0,1,0,0,0,0.925,0.105,12,245,205,4,9
1,0,0,0,0,0,0,0,0,0,1,0,0,0,0,1,13,249,243,4,9
1,0,0,0,0,0,0,0,0,0.9675,0.0625,0,0,0.9875,0.05,0,1,192,172,3,9
1,0,0,0,0,0,0,0,0,0,1,0,0,0,0.975,0.05,27,244,201,2,9
1,0,0,0,0,0,0,0,0,0,1,0,0,1,0,0,1,212,106,3,9
0,0,1,0,0,0,0,0,0,1,0,0,0,1,0,0,75,182,98,0,9
0.925,0,0,0,0,0.075,0,0,0,0.0775,0.95,0,0,1,0,0,0,206,134,3,9
0,0,0.9975,0.0025,0,0,0,0.08,0.025,0.8875,0.0175,0,0,1,0,0,73,193,91,0,9
0,0,1,0,0,0,0,0,0,1,0,0,0,1,0,0,72,186,106,0,9
0.9475,0,0,0,0,0.0525,0,0,0,0.6575,0.4125,0,0,1,0,0,1,197,153,3,9
1,0,0,0,0,0,0,0,0,0,1,0,0,1,0,0,26,253,154,2,9
1,0,0,0,0,0,0,0,0,0,1,0,0,1,0.0025,0,26,246,170,2,9
1,0,0,0,0,0,0,0,0,0,1,0,0,0,0.985,0.0325,12,244,207,4,9
0,0,1,0,0,0,0,0,0,1,0,0,0,1,0,0,76,154,150,0,9
0,0,0,1,0,0,0,0,0,0,1,0,0,0,0.67,0.45,112,228,211,5,9
0,0,1,0,0,0,0,0,0,1,0,0,0,1,0,0,77,158,125,0,9
0,0,0,1,0,0,0,1,0,0,0,0,0,0,0,1,117,23,255,1,9
0,0,0,1,0,0,0,1,0,0,0,0,0,0,0,1,116,35,255,1,9
0,0,1,0,0,0,0,0,0,1,0,0,0,1,0,0,75,163,127,0,9
0,0,0,1,0,0,0,1,0,0,0,0,0,0,0,1,116,20,255,1,9
1,0,0,0,0,0,0,0,0,0.0225,0.9775,0,0,0,0,1,12,238,232,4,9
0,0,0,1,0,0,0,0,0,0,1,0,0,0.69,0.44,0,111,232,180,5,9
0,0,0,1,0,0,0,1,0,0,0,0,0,1,0,0,112,41,172,1,9
0,0,0,1,0,0,0,1,0,0,0,0,0,0.21,0.8275,0,114,37,181,1,9
1,0,0,0,0,0,0,0,0,0,1,0,0,0.11,0.96,0,11,230,187,4,9
0.9975,0,0,0,0,0.0025,0,0,0,0.0175,0.99,0,0,1,0,0,1,212,112,3,9
1,0,0,0,0,0,0,0,0,0,1,0,0,1,0,0,26,240,170,2,9
0,0,0,1,0,0,0,0,0,0.325,0.6875,0,0,0.87,0.1875,0,112,234,172,5,9
1,0,0,0,0,0,0,0,0,0,1,0,0,1,0,0,10,250,149,4,9
1,0,0,0,0,0,0,0,0,0,1,0,0,0.9975,0.015,0,26,240,171,2,9
1,0,0,0,0,0,0,0,0,0.015,0.9875,0,0,1,0,0,1,210,146,3,9
0,0,0,1,0,0,0,0,0,0,1,0,0,0,0,1,112,227,236,5,9
0,0,0,1,0,0,0,0,0,0,1,0,0,0,0.375,0.755,112,227,210,5,9
0,0,1,0,0,0,0,0,0,1,0,0,0,1,0,0,78,160,130,0,9
1,0,0,0,0,0,0,0,0,0,1,0,0,0,0,1,12,235,240,4,9
0.835,0,0,0,0,0.165,0,0,0,1,0,0,0,0.8975,0.145,0,0,188,174,3,9
1,0,0,0,0,0,0,0,0,0,1,0,0,0,0.865,0.165,26,223,205,2,9
0,0,1,0,0,0,0,0,0,1,0,0,0,1,0,0,74,160,157,0,9
0,0,0,1,0,0,0,1,0,0,0,0,0,0,0,1,114,32,246,1,9
0.9975,0,0,0,0,0.0025,0,0,0,0.9175,0.15,0,0,1,0,0,1,194,158,3,9
0,0,0,1,0,0,0,0,0,0,1,0,0,1,0,0,113,239,147,5,10
1,0,0,0,0,0,0,0,0,0.06,0.94,0,0,0.0075,0.9925,0,12,242,188,4,10
0,0,0,1,0,0,0,1,0,0,0,0,0,0,0,1,117,41,242,1,10
1,0,0,0,0,0,0,0,0,0,1,0,0,1,0,0,11,246,169,4,10
0,0,0,1,0,0,0,0,0,0,1,0,0,1,0,0,112,235,157,5,10
1,0,0,0,0,0,0,0,0,0.595,0.5475,0,0,1,0,0,1,200,161,3,10
1,0,0,0,0,0,0,0,0,0,1,0,0,1,0,0,25,253,145,2,10
0,0,0.23,0.77,0,0,0,1,0,0,0,0,0,0.435,0.635,0,96,7,181,1,10
0,0,0,1,0,0,0,1,0,0,0,0,0,0,0.29,0.785,109,12,213,1,10
0,0,1,0,0,0,0,0,0,1,0,0,0,1,0,0,76,156,137,0,10
0,0,0,1,0,0,0,1,0,0,0,0,0,0,0,1,117,42,242,1,10
0,0,1,0,0,0,0,0,0,1,0,0,0,1,0,0,74,165,107,0,10
1,0,0,0,0,0,0,0,0,0,1,0,0,0,0,1,25,226,226,2,10
0,0,0,1,0,0,0,1,0,0,0,0,0,0,0,1,116,31,236,1,10
0,0,0,1,0,0,0,0,0,0,1,0,0,1,0,0,113,232,167,5,10
0,0,1,0,0,0,0,0,0,1,0,0,0,1,0,0,73,158,145,0,10
0,0,1,0,0,0,0,0,0.0325,0.9725,0,0,0,1,0,0,72,166,130,0,10
0,0,1,0,0,0,0,0,0,1,0,0,0,1,0,0,71,169,115,0,10
0,0,0,1,0,0,0,1,0,0,0,0,0,0,1,0,111,49,193,1,10
0,0,0,1,0,0,0,0,0,0.185,0.8225,0,0,1,0,0,112,232,157,5,10
0,0,0,1,0,0,0,0,0,0,1,0,0,0.0125,1,0,112,235,190,5,10
0,0,0,1,0,0,0,0,0,0,1,0,0,1,0,0,113,247,124,5,10
1,0,0,0,0,0,0,0,0,0.05,0.95,0,0,0.9975,0.0125,0,27,246,163,2,10
0.7425,0,0,0.05,0.1025,0.115,0,0.15,0.0375,0.6125,0.2675,0,0,0.8975,0.075,0.035,0,199,139,3,10
0,0,0,1,0,0,0,0,0,0,1,0,0,1,0,0,112,248,113,5,10
0,0.0025,0.2625,0.785,0,0,0,1,0,0,0,0,0,0.6925,0.3625,0,95,17,167,1,10
0,0,0,1,0,0,0,1,0,0,0,0,0,0,0.31,0.765,106,31,209,1,10
0.1075,0,0,0,0,0.8925,0,0,0,1,0,0,0,0.9475,0.1175,0,179,187,178,3,10
1,0,0,0,0,0,0,0,0,0,1,0,0,0,0.4075,0.735,12,238,211,4,10
1,0,0,0,0,0,0,0,0,0,1,0,0,0,1,0,12,241,197,4,10
0,0,0,1,0,0,0,0,0,0.1725,0.8525,0,0,0,0,1,111,224,225,5,10
1,0,0,0,0,0,0,0,0,0,1,0,0,0,0,1,13,242,227,4,10
0.9125,0,0,0,0,0.0875,0,0,0,0.9475,0.0925,0,0,1,0,0,0,195,154,3,10
0,0,0,1,0,0,0,0,0,0,1,0,0,0,0.0825,0.9725,111,229,214,5,10
1,0,0,0,0,0,0,0,0,0,1,0,0,0,0,1,26,234,221,2,10
1,0,0,0,0,0,0,0,0,0,1,0,0,0,0.8325,0.2475,12,244,205,4,10
1,0,0,0,0,0,0,0,0,0,1,0,0,1,0,0,10,238,150,4,10
1,0,0,0,0,0,0,0,0,0,1,0,0,1,0,0,26,230,164,2,10
1,0,0,0,0,0,0,0,0,0,1,0,0,0.1375,0.9375,0,26,233,183,2,10
1,0,0,0,0,0,0,0,0,0,1,0,0,1,0,0,27,243,153,2,10
0.9375,0,0,0,0,0.0625,0,0,0,0.2875,0.73,0,0,1,0,0,1,206,129,3,10
0,0,1,0,0,0,0,0,0,1,0,0,0,1,0,0,74,163,117,0,10
1,0,0,0,0,0,0,0,0,0,1,0,0,1,0,0,2,229,101,3,10
0.9975,0,0,0,0,0.0025,0,0,0,0.0975,0.905,0,0,1,0,0,1,221,120,3,10
1,0,0,0,0,0,0,0,0,0.12,0.885,0,0,1,0,0,2,212,147,3,10
1,0,0,0,0,0,0,0,0,0,1,0,0,0,0,1,12,236,228,4,10
0,0,0.875,0.13,0,0,0,0.145,0.0425,0.82,0,0,0,0.96,0.02,0.02,78,159,136,0,10
0.1175,0,0,0,0,0.8825,0,0,0,0.9925,0.015,0,0,1,0,0,179,193,147,3,10
1,0,0,0,0,0,0,0,0,0,1,0,0,0,0,1,12,236,238,4,10
0,0,1,0,0,0,0,0,0,1,0,0,0,1,0,0,76,161,138,0,10
0,0,1,0,0,0,0,0,0,1,0,0,0,1,0,0,76,164,131,0,10
1,0,0,0,0,0,0,0,0,0,1,0,0,0,0,1,26,225,243,2,10
0,0,0,1,0,0,0,1,0,0,0,0,0,0,0,1,110,35,255,1,10
1,0,0,0,0,0,0,0,0,0,1,0,0,0,0.7875,0.335,26,231,206,2,10
0,0,1,0,0,0,0,0,0,1,0,0,0,1,0,0,78,169,110,0,11
0,0,0,1,0,0,0,0,0,0,1,0,0,0,0.9775,0.05,113,231,201,5,11
0,0,0,1,0,0,0,0,0,0,1,0,0,0,0,1,113,229,235,5,11
0.035,0,0,0,0,0.965,0,0,0,0.175,0.87,0,0,1,0,0,179,206,138,3,11
0.0275,0,0,0,0,0.9725,0,0,0,0.995,0.005,0,0,1,0,0,178,195,160,3,11
0,0,0,1,0,0,0,0,0,0.37,0.6525,0,0,0,0,1,113,198,241,5,11
1,0,0,0,0,0,0,0,0,0,1,0,0,0.455,0.5625,0,11,243,188,4,11
0,0,0,1,0,0,0,0,0,0,1,0,0,0,0.9275,0.1125,112,225,199,5,11
1,0,0,0,0,0,0,0,0,0,1,0,0,0,0,1,25,218,243,2,11
0,0,0,0,0.185,0.995,0,0,0,1,0,0,0,0,0,1,176,179,228,3,11
0,0,0,1,0,0,0,0,0,0.3275,0.6775,0,0,0,0,1,111,209,255,5,11
1,0,0,0,0,0,0,0,0,0,1,0,0,0,0,1,11,225,255,4,11
0,0,0,0,0,1,0,0,0,1,0,0,0,0,0,1,177,175,235,3,11
0,0,1,0,0,0,0,0,0,1,0,0,0,0.4075,0.7725,0,78,135,181,0,11
0,0,0.85,0.16,0,0,0,0.15,0.045,0.8075,0,0,0,0.8225,0.085,0.0925,78,136,169,0,11
0,0,1,0,0,0,0,0,0,1,0,0,0,0,0.995,0.015,76,141,205,0,11
0,0,0,0,0,1,0,0,0,1,0,0,0,0,0,1,178,179,228,3,11
0,0,0,1,0,0,0,0,0,0.03,0.9775,0,0,0,0,1,111,214,255,5,11
1,0,0,0,0,0,0,0,0,0.07,0.93,0,0,1,0,0,10,248,142,4,11
1,0,0,0,0,0,0,0,0,0,1,0,0,1,0,0,27,233,152,2,11
0,0,0,1,0,0,0,0,0,0,1,0,0,1,0,0,113,241,162,5,11
1,0,0,0,0,0,0,0,0,0.04,0.96,0,0,1,0,0,11,245,153,4,11
0,0,0,1,0,0,0,0,0,0,1,0,0,1,0,0,113,243,146,5,11
0,0,1,0,0,0,0,0,0,1,0,0,0,1,0,0,73,163,117,0,11
0,0,1,0,0,0,0,0,0,0.31,0.7325,0,0.005,0.995,0,0,69,205,79,0,11
0,0,1,0,0,0,0,0,0,0.9775,0.0325,0,0,1,0,0,72,188,108,0,11
0,0,0,1,0,0,0,1,0,0,0,0,0,0,0,1,112,28,222,1,11
1,0,0,0,0,0,0,0,0,0,1,0,0,0,0,1,26,213,220,2,11
0,0,0,1,0,0,0,1,0,0,0,0,0,0,0,1,115,50,255,1,11
0.1925,0,0,0,0,0.8075,0,0,0,0.94,0.2175,0,0,1,0,0,179,198,142,3,11
1,0,0,0,0,0,0,0,0,0,1,0,0,0,0,1,26,217,231,2,11
0,0,0,1,0,0,0,1,0,0,0,0,0,0,0,1,114,46,255,1,11
0,0,0,1,0,0,0,1,0,0,0,0,0,0,0,1,115,45,236,1,11
1,0,0,0,0,0,0,0,0,1,0,0,0,0,1,0,1,185,189,3,11
1,0,0,0,0,0,0,0,0,0,1,0,0,0,0,1,13,238,222,4,11
0,0,0,1,0,0,0,1,0,0,0,0,0,0,0,1,110,36,237,1,11
0,0,0,1,0,0,0,1,0,0,0,0,0,0.2425,0.8675,0,112,52,182,1,11
1,0,0,0,0,0,0,0,0,0,1,0,0,1,0,0,27,231,161,2,11
1,0,0,0,0,0,0,0,0,0,1,0,0,0,1,0,12,244,193,4,11
1,0,0,0,0,0,0,0,0,0,1,0,0,1,0,0,27,246,147,2,11
1,0,0,0,0,0,0,0,0,0,1,0,0,1,0,0,27,246,166,2,11
0,0,0,1,0,0,0,1,0,0,0,0,0,0,0.06,0.965,116,32,214,1,11
1,0,0,0,0,0,0,0,0,0,1,0,0,1,0,0,27,255,131,2,11
1,0,0,0,0,0,0,0,0,0,1,0,0,1,0,0,11,252,170,4,11
0,0,0,1,0,0,0,0,0,0,1,0,0,0.9675,0.0425,0,111,237,172,5,11
1,0,0,0,0,0,0,0,0,0,1,0,0,0,0,1,26,219,226,2,11
0.11,0,0,0,0,0.89,0,0,0,0.99,0.02,0,0,1,0,0,179,195,151,3,11
0,0,1,0,0,0,0,0,0,1,0,0,0,1,0,0,78,169,117,0,11
1,0,0,0,0,0,0,0,0,0,1,0,0,0,0,1,13,238,240,4,11
1,0,0,0,0,0,0,0,0,0,1,0,0,0,0,1,13,242,218,4,11
0,0,1,0,0,0,0,0,0,1,0,0,0,1,0,0,76,169,127,0,11
0,0,0,1,0,0,0,1,0,0,0,0,0,0,0,1,103,25,255,1,11
0,0,0,1,0,0,0,1,0,0,0,0,0,0,0,1,110,38,255,1,11
0.935,0,0,0,0,0.065,0,0,0,0.89,0.1375,0,0,1,0,0,0,195,157,3,11
1,0,0,0,0,0,0,0,0,0,1,0,0,1,0,0,27,243,146,2,12
0,0,1,0,0,0,0,0,0,1,0,0,0,1,0,0,75,189,100,0,12
1,0,0,0,0,0,0,0,0,0,1,0,0,0,1,0,12,238,199,4,12
1,0,0,0,0,0,0,0,0,0,1,0,0,1,0,0,11,249,160,4,12
0,0,1,0,0,0,0,0,0,1,0,0,0,1,0,0,73,178,109,0,12
0.9925,0,0,0,0,0.0075,0,0,0,0.55,0.54,0,0,1,0,0,1,199,157,3,12
1,0,0,0,0,0,0,0,0,0,1,0,0,1,0,0,26,244,160,2,12
1,0,0,0,0,0,0,0,0,0,1,0,0,0,1,0,26,239,186,2,12
1,0,0,0,0,0,0,0,0,0.8675,0.21,0,0,1,0,0,1,195,168,3,12
0,0,0,1,0,0,0,1,0,0,0,0,0,0,0,1,116,35,255,1,12
1,0,0,0,0,0,0,0,0,0,1,0,0,0,0.865,0.2125,12,240,205,4,12
0,0,1,0,0,0,0,0,0,1,0,0,0,1,0,0,76,164,120,0,12
1,0,0,0,0,0,0,0,0,0,1,0,0,0,0,1,26,228,227,2,12
1,0,0,0,0,0,0,0,0,0,1,0,0,0,0.2525,0.8275,26,230,215,2,12
0,0,1,0,0,0,0,0,0,1,0,0,0,1,0,0,75,167,126,0,12
0,0,0,1,0,0,0,1,0,0,0,0,0,0,0,1,111,27,255,1,12
0,0,0,1,0,0,0,1,0,0,0,0,0,0,0,1,111,36,245,1,12
1,0,0,0,0,0,0,0,0,0.2625,0.82,0,0,1,0,0,1,205,152,3,12
0,0,0,1,0,0,0,0,0,0,1,0,0,1,0,0,113,237,141,5,12
0,0,0,1,0,0,0,0,0,0.1925,0.8125,0,0,1,0,0,113,237,158,5,12
0.625,0,0,0,0,0.375,0,0,0,0.3825,0.785,0,0,1,0,0,0,202,144,3,12
1,0,0,0,0,0,0,0,0,0,1,0,0,0.9925,0.0075,0,26,246,169,2,12
0,0,0,1,0,0,0,1,0,0,0,0,0,0,0.9525,0.0925,112,31,203,1,12
0,0,0,1,0,0,0,1,0,0,0,0,0,0,0.065,0.96,111,28,220,1,12
1,0,0,0,0,0,0,0,0,0,1,0,0,1,0,0,25,250,153,2,12
0,0,0,1,0,0,0,0,0,0,1,0,0,1,0,0,112,236,147,5,12
1,0,0,0,0,0,0,0,0,0.3425,0.7,0,0,1,0,0,1,204,160,3,12
0,0,1,0,0,0,0,0,0,1,0,0,0,1,0,0,77,153,150,0,12
0,0,0,1,0,0,0,0,0,0,1,0,0,0,0.0075,1,112,230,215,5,12
0,0,0,1,0,0,0,0,0,0.015,0.985,0,0,0,0.9775,0.0375,113,231,198,5,12
0,0.01,0.8325,0.1675,0,0,0,0.3675,0.075,0.565,0,0,0,0.6425,0.2725,0.1075,74,146,164,0,12
1,0,0,0,0,0,0,0,0,0,1,0,0,0,0,1,12,237,237,4,12
0.8025,0,0,0,0,0.1975,0,0,0,0.9975,0.065,0,0,1,0.0025,0,0,194,164,3,12
0,0,0,1,0,0,0,0,0,0,1,0,0,0,0,1,111,222,239,5,12
1,0,0,0,0,0,0,0,0,0,1,0,0,0,0,1,12,238,250,4,12
0,0,0,1,0,0,0,1,0,0,0,0,0,0,0,1,112,33,255,1,12
1,0,0,0,0,0,0,0,0,0,1,0,0,1,0,0,10,248,151,4,12
1,0,0,0,0,0,0,0,0,0.035,0.9675,0,0,1,0,0,11,244,166,4,12
0,0,1,0,0,0,0,0,0,1,0,0,0,1,0,0,76,157,119,0,12
0.9825,0,0,0,0,0.0175,0,0,0,0,1,0,0,1,0,0,2,227,109,3,12
0.9925,0,0,0,0,0.0075,0,0,0,0.095,0.915,0,0,1,0,0,1,210,129,3,12
0,0,0,1,0,0,0,0,0,0.0325,0.975,0,0,0.37,0.7225,0,112,230,179,5,12
0,0,0,1,0,0,0,0,0,0,1,0,0,1,0,0,112,248,110,5,12
0,0,0,1,0,0,0,1,0,0,0,0,0,0.015,0.995,0,111,24,191,1,12
1,0,0,0,0,0,0,0,0,0,1,0,0,0,0.2675,0.8225,13,244,215,4,12
1,0,0,0,0,0,0,0,0,0,1,0,0,0,0,1,12,236,230,4,12
0,0,0,1,0,0,0,1,0,0,0,0,0,0,0,1,113,52,255,1,12
1,0,0,0,0,0,0,0,0,0,1,0,0,0,1,0,26,224,197,2,12
0.7775,0,0,0,0,0.2225,0,0,0,1,0,0,0,0,1,0,0,183,185,3,12
0,0,0,1,0,0,0,0,0,0,1,0,0,0,0.6025,0.52,112,233,210,5,12
0,0,1,0,0,0,0,0,0,1,0,0,0,1,0,0,76,169,129,0,12
0,0,0,1,0,0,0,1,0,0,0,0,0,0,0,1,107,18,255,1,12
1,0,0,0,0,0,0,0,0,0,1,0,0,0,0,1,26,230,232,2,12
0,0,1,0,0,0,0,0,0,1,0,0,0,1,0,0,75,164,138,0,12
1,0,0,0,0,0,0,0,0,0,1,0,0,1,0,0,11,243,154,4,13
0,0.0025,0.87,0.13,0,0,0,0.2325,0.035,0.74,0,0,0,1,0,0,75,172,106,0,13
1,0,0,0,0,0,0,0,0,0,1,0,0,0,1,0,25,222,190,2,13
1,0,0,0,0,0,0,0,0,0,1,0,0,1,0,0,26,237,161,2,13
1,0,0,0,0,0,0,0,0,0,1,0,0,0.62,0.44,0,11,242,181,4,13
1,0,0,0,0,0,0,0,0,0.01,0.9925,0,0,0,1,0.0025,26,225,197,2,13
1,0,0,0,0,0,0,0,0,0,1,0,0,1,0,0,2,225,115,3,13
0,0,0,1,0,0,0,0,0,0.1025,0.8975,0,0,1,0,0,112,237,156,5,13
0,0,0,1,0,0,0,1,0,0,0,0,0,0,0,1,111,29,230,1,13
0.1375,0,0,0,0,0.8625,0,0,0,1,0,0,0,0.3675,0.76,0,179,184,181,3,13
1,0,0,0,0,0,0,0,0,0,1,0,0,0,0.05,0.9875,12,235,215,4,13
0,0,0,1,0,0,0,0,0,0,1,0,0,0,1,0,113,233,198,5,13
0,0,0,1,0,0,0,0,0,0,1,0,0,0,0,1,112,228,233,5,13
0,0,1,0,0,0,0,0,0,1,0,0,0,1,0,0,76,159,146,0,13
0,0,0,1,0,0,0,1,0,0,0,0,0,0,0,1,115,45,255,1,13
0,0,1,0,0,0,0,0,0,1,0,0,0,1,0,0,74,155,164,0,13
0.92,0,0,0,0,0.08,0,0,0,1,0,0,0,0.145,0.96,0,0,186,182,3,13
1,0,0,0,0,0,0,0,0,0,1,0,0,0,0,1,12,239,223,4,13
0,0,0,1,0,0,0,0,0,0,1,0,0,1,0,0,113,241,146,5,13
0,0,1,0,0,0,0,0,0,1,0,0,0,1,0,0,78,176,105,0,13
1,0,0,0,0,0,0,0,0,0,1,0,0,0,1,0,26,225,187,2,13
1,0,0,0,0,0,0,0,0,0,1,0,0,1,0,0,11,247,162,4,13
0,0,0,1,0,0,0,0,0,0,1,0,0,1,0,0,113,238,172,5,13
0,0,0,1,0,0,0,0,0,0,1,0,0,0,1,0,112,235,193,5,13
0,0,0,1,0,0,0,0,0,0.01,0.99,0,0,1,0,0,113,247,122,5,13
1,0,0,0,0,0,0,0,0,0,1,0,0,0.54,0.5475,0,26,241,179,2,13
0.98,0,0,0,0,0.02,0,0,0,0.255,0.8,0,0,1,0,0,1,204,148,3,13
0,0,0,1,0,0,0,0,0,0,1,0,0,0,0,1,113,230,239,5,13
1,0,0,0,0,0,0,0,0,0,1,0,0,0,0.0775,0.9625,12,237,214,4,13
1,0,0,0,0,0,0,0,0,0,1,0,0,0,1,0,11,241,199,4,13
0,0,0,1,0,0,0,1,0,0,0,0,0,0,0,1,106,26,255,1,13
1,0,0,0,0,0,0,0,0,0,1,0,0,0,0,1,26,222,224,2,13
0,0,0,1,0,0,0,0,0,0,1,0,0,0,1,0,113,231,202,5,13
0,0,1,0,0,0,0,0,0,1,0,0,0,1,0,0,76,151,165,0,13
0.6875,0,0,0,0,0.3125,0,0,0,1,0,0,0,0.37,0.7425,0,0,191,179,3,13
1,0,0,0,0,0,0,0,0,0,1,0,0,0,0,1,26,228,220,2,13
0,0,0,1,0,0,0,1,0,0,0,0,0,0.02,0.99,0,114,46,188,1,13
0,0,1,0,0,0,0,0,0,1,0,0,0,1,0,0,76,183,103,0,13
0,0,0,1,0,0,0,1,0,0,0,0,0,0,0,1,117,49,243,1,13
0,0,0,1,0,0,0,1,0,0,0,0,0,0.3975,0.6425,0,109,33,186,1,13
0,0,0,1,0,0,0,1,0,0,0,0,0,0,0.9925,0.0225,109,36,198,1,13
1,0,0,0,0,0,0,0,0,0,1,0,0,0,0.9975,0.035,26,226,201,2,13
0,0,1,0,0,0,0,0,0,0.7375,0.305,0,0,1,0,0,71,198,80,0,13
0,0,0,1,0,0,0,1,0,0,0,0,0,0,1,0,105,24,196,1,13
1,0,0,0,0,0,0,0,0,0,1,0,0,0,0.06,0.9825,13,245,214,4,13
0.04,0,0,0,0,0.96,0,0,0,1,0,0,0,0.375,0.7625,0,179,185,181,3,13
1,0,0,0,0,0,0,0,0,0.0675,0.9325,0,0,0,0.0325,0.9775,12,232,218,4,13
0,0,0,1,0,0,0,1,0.0525,0,0,0,0,0,0,1,114,57,255,1,13
0.955,0,0,0,0,0.045,0,0,0,1,0,0,0,0,1,0,0,183,190,3,13
0.2925,0,0,0,0,0.7075,0,0,0,1,0,0,0,0.9875,0.03,0,179,191,174,3,13
0,0,1,0,0,0,0,0,0,1,0,0,0,1,0,0,76,164,132,0,13
1,0,0,0,0,0,0,0,0,0,1,0,0,0,0,1,26,219,255,2,13
1,0,0,0,0,0,0,0,0,1,0,0,0,0.25,0.8625,0,0,187,182,3,13
0,0,1,0,0,0,0,0,0,1,0,0,0,1,0,0,75,164,138,0,13
1,0,0,0,0,0,0,0,0,0,1,0,0,1,0,0,27,242,137,2,14
0.94,0,0,0,0,0.06,0,0,0,0,1,0,0,1,0,0,0,211,109,3,14
0,0,0,1,0,0,0,0,0,0,1,0,0,1,0,0,113,240,168,5,14
0,0,1,0,0,0,0,0,0,0.48,0.5625,0,0,1,0,0,74,201,80,0,14
0,0,1,0,0,0,0,0,0,1,0.0075,0,0,1,0,0,74,191,100,0,14
1,0,0,0,0,0,0,0,0,0,1,0,0,0.025,0.99,0,26,229,187,2,14
0,0,0.005,0.995,0,0,0,1,0,0,0,0,0,1,0,0,98,18,155,1,14
0.99,0,0,0,0,0.01,0,0,0,0,1,0,0,1,0,0,1,216,127,3,14
0,0,1,0,0,0,0,0,0,1,0,0,0,1,0,0,73,173,123,0,14
0,0,0,1,0,0,0,1,0,0,0,0,0,0,0,1,112,39,255,1,14
0,0,0,1,0,0,0,1,0,0,0,0,0,0,0,1,113,52,255,1,14
0,0,0,1,0,0,0,0,0,0,1,0,0,0,1,0,113,239,187,5,14
0,0,0,1,0,0,0,0,0,0,1,0,0,0,0,1,112,231,226,5,14
1,0,0,0,0,0,0,0,0,0,1,0,0,0,0.015,1,27,224,214,2,14
1,0,0,0,0,0,0,0,0,0,1,0,0,0,1,0,12,245,199,4,14
0.9875,0,0,0,0,0.0125,0,0,0,1,0,0,0,0,1,0,0,186,187,3,14
0,0,0,1,0,0,0,0,0,0.0325,0.97,0,0,0,0.8175,0.2825,112,228,205,5,14
1,0,0,0,0,0,0,0,0,0,1,0,0,0,0.8475,0.195,12,245,207,4,14
0,0,0,1,0,0,0,0,0,0,1,0,0,1,0,0,114,243,131,5,14
0.9375,0,0,0,0,0.0625,0,0,0,0,1,0,0,1,0,0,1,213,112,3,14
0,0,1,0,0,0,0,0,0,1,0,0,0,1,0,0,76,168,110,0,14
1,0,0,0,0,0,0,0,0,0.04,0.96,0,0,1,0,0,11,247,157,4,14
0,0,0,1,0,0,0,1,0,0,0,0,0,0,1,0,111,35,198,1,14
0,0,0,1,0,0,0,1,0,0,0,0,0,0,0.155,0.8775,110,30,214,1,14
1,0,0,0,0,0,0,0,0,0,1,0,0,1,0,0,26,250,150,2,14
0,0,1,0,0,0,0,0,0,1,0,0,0,1,0,0,72,181,111,0,14
0,0,0,1,0,0,0,1,0,0,0,0,0,0,0,1,112,25,228,1,14
0.0825,0,0,0,0,0.9175,0,0,0,1,0,0,0,0.635,0.4925,0,179,185,181,3,14
0,0,0,1,0,0,0,1,0,0,0,0,0,0,0,1,115,44,255,1,14
1,0,0,0,0,0,0,0,0,0,1,0,0,0,0.99,0.0175,26,216,205,2,14
0,0.01,0.825,0.1825,0,0,0,0.3375,0.065,0.6075,0,0,0,0.6975,0.22,0.095,75,148,160,0,14
1,0,0,0,0,0,0,0,0,0,1,0,0,0,0,1,12,240,228,4,14
0.5875,0,0,0,0,0.4125,0,0,0,0.9975,0.0225,0,0,1,0,0,0,190,160,3,14
1,0,0,0,0,0,0,0,0,0,1,0,0,0,0,1,13,235,255,4,14
1,0,0,0,0,0,0,0,0,0.0125,0.9875,0,0,0,0,1,26,225,236,2,14
0,0,1,0,0,0,0,0,0,1,0,0,0,1,0,0,74,163,139,0,14
1,0,0,0,0,0,0,0,0,0,1,0,0,1,0,0,11,243,153,4,14
1,0,0,0,0,0,0,0,0,0,1,0,0,1,0.0025,0,27,240,166,2,14
0,0,1,0,0,0,0,0,0,1,0,0,0,1,0,0,77,159,117,0,14
1,0,0,0,0,0,0,0,0,0,1,0,0,1,0,0,27,244,158,2,14
0.945,0,0,0,0,0.055,0,0,0,0.2575,0.7625,0,0,1,0,0,1,210,131,3,14
0,0,0,1,0,0,0,1,0,0,0,0,0,0,0,1,116,38,230,1,14
1,0,0,0,0,0,0,0,0,0,1,0,0,1,0,0,2,233,104,3,14
0,0,0,1,0,0,0,0,0,0,1,0,0,1,0,0,112,238,154,5,14
1,0,0,0,0,0,0,0,0,0.07,0.93,0,0,0,0.5275,0.545,26,240,209,2,14
1,0,0,0,0,0,0,0,0,0,1,0,0,0,0,1,12,238,227,4,14
1,0,0,0,0,0,0,0,0,0,1,0,0,0,0.52,0.59,12,236,213,4,14
0,0,0,1,0,0,0,0,0,0,1,0,0,0,1,0,113,237,196,5,14
1,0,0,0,0,0,0,0,0,0,1,0,0,0,0,1,13,238,241,4,14
0,0,0,1,0,0,0,0,0,0,1,0,0,0,0.035,0.9875,112,233,215,5,14
0,0,1,0,0,0,0,0,0,1,0,0,0,1,0,0,77,166,134,0,14
0.9875,0,0,0,0,0.0125,0,0,0,1,0,0,0,0,1,0,1,184,195,3,14
0,0,0,1,0,0,0,0,0,0.385,0.6225,0,0,0,0.025,0.9875,111,231,215,5,14
0,0,0,1,0,0,0,1,0,0,0,0,0,0,0,1,110,41,249,1,14
1,0,0,0,0,0,0,0,0,0.0275,0.98,0,0,0.45,0.6425,0,11,234,179,4,15
0,0,0.91,0.0975,0,0,0,0.1625,0.0475,0.795,0,0,0,0.995,0.0075,0,78,151,124,0,15
0,0,0,1,0,0,0,0,0,0,1,0,0,0,0.8525,0.25,112,227,207,5,15
0,0,0,1,0,0,0,0,0,0.1175,0.8875,0,0,1,0,0,111,233,161,5,15
0,0,1,0,0,0,0,0,0,1,0,0,0,1,0,0,76,165,127,0,15
0.8875,0,0,0,0,0.1125,0,0,0,1,0,0,0,0.65,0.43,0,0,183,176,3,15
0.995,0,0,0,0,0.005,0,0,0,0,1,0,0,1,0,0,1,217,134,3,15
1,0,0,0,0,0,0,0,0,0.43,0.5975,0,0,1,0,0,1,202,149,3,15
0,0,1,0,0,0,0,0,0,1,0,0,0,1,0,0,74,155,146,0,15
0.01,0,0.0475,0.9775,0,0,0,1,0,0,0,0,0,0,0,1,90,10,255,1,15
1,0,0,0,0,0,0,0,0,0,1,0,0,0,0,1,12,230,244,4,15
1,0,0,0,0,0,0,0,0,0,1,0,0,0,0,1,25,219,232,2,15
0,0,0.215,0.785,0,0,0,1,0,0,0,0,0,0,0,1,90,1,255,1,15
0,0,0,1,0,0,0,1,0,0,0,0,0,0,0,1,90,12,255,1,15
0.635,0,0,0,0,0.365,0,0,0,1,0,0,0,0.0875,0.96,0,0,182,183,3,15
0.98,0,0,0,0,0.02,0,0,0,1,0,0,0,0,0,1,0,177,221,3,15
0,0,0,1,0,0,0,1,0,0,0,0,0,0,0,1,90,10,255,1,15
0,0,1,0,0,0,0,0,0,1,0,0,0,1,0,0,75,151,155,0,15
0,0,0,1,0,0,0,0,0,0,1,0,0,0.885,0.1575,0,112,227,175,5,15
1,0,0,0,0,0,0,0,0,0,1,0,0,0,1,0,12,239,192,4,15
1,0,0,0,0,0,0,0,0,0,1,0,0,0,0.2375,0.815,26,225,213,2,15
0,0,0,1,0,0,0,1,0,0,0,0,0,0,0,1,110,51,220,1,15
1,0,0,0,0,0,0,0,0,0,1,0,0,0,1,0,27,237,195,2,15
1,0,0,0,0,0,0,0,0,0,1,0,0,0,0,1,27,229,215,2,15
0,0,1,0,0,0,0,0,0,1,0,0,0,1,0,0,73,172,108,0,15
0.995,0,0,0,0,0.005,0,0,0,0.175,0.8775,0,0,1,0,0,1,206,145,3,15
1,0,0,0,0,0,0,0,0,0,1,0,0,0,0,1,13,253,225,4,15
0,0,0,1,0,0,0,0,0,0,1,0,0,0,0,1,111,218,255,5,15
0,0,0,1,0,0,0,0,0,0.01,1,0,0,0,0,1,112,217,255,5,15
1,0,0,0,0,0,0,0,0,0,1,0,0,0,0,1,27,219,221,2,15
0,0,0,1,0,0,0,0,0,0,1,0,0,0,0,1,111,213,255,5,15
0.025,0,0,0,0.0225,0.9725,0,0,0,1,0,0,0,0,1,0,178,180,195,3,15
0,0,0,1,0,0,0,0,0,0,1,0,0,0,0,1,112,223,240,5,15
1,0,0,0,0,0,0,0,0,0,1,0,0,0,0,1,28,230,255,2,15
1,0,0,0,0,0,0,0,0,0.0075,0.9925,0,0,0,0,1,27,231,255,2,15
0.7125,0,0,0,0,0.2875,0,0,0,1,0,0,0,0,1,0,0,185,186,3,15
0,0,0,1,0,0,0,1,0,0,0,0,0,0,0.905,0.155,115,47,209,1,15
1,0,0,0,0,0,0,0,0,0,1,0,0,0.09,0.955,0,11,244,183,4,15
0,0,0,1,0,0,0,1,0,0,0,0,0,0,0,1,119,41,255,1,15
0,0,0,1,0,0,0,1,0,0,0,0,0,0,0.8075,0.2725,111,35,209,1,15
1,0,0,0,0,0,0,0,0,0,1,0,0,0,0.985,0.03,12,241,203,4,15
1,0,0,0,0,0,0,0,0,0,1,0,0,0,0,1,25,227,229,2,15
1,0,0,0,0,0,0,0,0,0.06,0.95,0,0,1,0,0,1,213,134,3,15
0,0,1,0,0,0,0,0,0,1,0,0,0,1,0,0,73,171,124,0,15
1,0,0,0,0,0,0,0,0,0.0775,0.925,0,0,0,0,1,13,247,222,4,15
1,0,0,0,0,0,0,0,0,0,1,0,0,0,0,1,13,230,255,4,15
1,0,0,0,0,0,0,0,0,0.015,1,0,0,0,0,1,26,209,248,2,15
0,0,0,1,0,0,0,0,0,0,1,0,0,0,0,1,112,226,238,5,15
1,0,0,0,0,0,0,0,0,0.03,0.9725,0,0,0,0,1,14,228,255,4,15
0,0,0,1,0,0,0,0,0,0,1,0,0,0,0,1,111,221,255,5,15
0,0,1,0,0,0,0,0,0,1,0,0,0,1,0,0,76,152,154,0,15
0,0,1,0,0,0,0,0,0,1,0,0,0,0.6675,0.5275,0,74,147,179,0,15
0,0,1,0,0,0,0,0,0,1,0,0,0,1,0,0,74,152,166,0,15
0,0,0,1,0,0,0,1,0,0,0,0,0,0,0,1,106,29,255,1,15
0,0,0,1,0,0,0,1,0,0,0,0,0,1,0,0,110,32,142,1,16
1,0,0,0,0,0,0,0,0,0.0075,0.9925,0,0,1,0,0,2,227,100,3,16
1,0,0,0,0,0,0,0,0,0,1,0,0,1,0,0,2,228,109,3,16
0,0,1,0,0,0,0,0,0,0.2425,0.88,0,0,1,0,0,69,203,69,0,16
1,0,0,0,0,0,0,0,0,0,1,0,0,1,0,0,11,255,147,4,16
1,0,0,0,0,0,0,0,0,0,1,0,0,1,0,0,26,252,167,2,16
1,0,0,0,0,0,0,0,0,0,1,0,0,1,0,0,26,255,130,2,16
0,0.25,0.755,0.065,0,0,0,1,0,0,0,0,0,1,0,0,66,8,151,1,16
0,0,0,1,0,0,0,0,0,0,1,0,0,1,0,0,112,239,142,5,16
1,0,0,0,0,0,0,0,0,0,1,0,0,0,0.9625,0.1025,25,231,204,2,16
0.8525,0,0,0,0,0.1475,0,0,0,0.13,0.915,0,0,1,0,0,0,204,139,3,16
0,0,1,0,0,0,0,0,0,1,0,0,0,1,0,0,74,173,106,0,16
0,0,0,1,0,0,0,0,0,0,1,0,0,0,1,0,112,232,196,5,16
0,0,0,1,0,0,0,1,0,0,0,0,0,0,0,1,114,36,230,1,16
0.9725,0,0,0,0,0.0275,0,0,0,0.115,0.925,0,0,1,0,0,1,208,137,3,16
0,0,0,1,0,0,0,1,0,0,0,0,0,0,0,1,112,24,244,1,16
0,0,0,1,0,0,0,1,0,0,0,0,0,0,0,1,109,26,230,1,16
0,0,0,1,0,0,0,1,0,0,0,0,0,0,0.1525,0.9,107,24,216,1,16
0,0,1,0,0,0,0,0,0,1,0,0,0,1,0,0,76,165,110,0,16
1,0,0,0,0,0,0,0,0,0,1,0,0,0,1,0,11,234,194,4,16
1,0,0,0,0,0,0,0,0,0,1,0,0,0,0.005,0.9975,12,235,218,4,16
0,0,1,0,0,0,0,0,0,1,0,0,0,1,0,0,75,159,123,0,16
1,0,0,0,0,0,0,0,0,0,1,0,0,0,0.6125,0.46,26,223,211,2,16
0,0,0,1,0,0,0,0,0,0.46,0.5475,0,0,0,0,1,112,223,224,5,16
0,0,0,1,0,0,0,1,0,0,0,0,0,0.17,0.8325,0.0325,109,25,203,1,16
1,0,0,0,0,0,0,0,0,0.005,0.995,0,0,0,0.01,1,12,241,215,4,16
0,0,1,0,0,0,0,0,0,1,0,0,0,1,0,0,74,151,154,0,16
0,0,0,1,0,0,0,0,0,0,1,0,0,0,0,1,111,217,255,5,16
0,0,0.86,0.14,0,0,0,0.1125,0.035,0.8575,0,0,0,0.895,0.0725,0.04,78,143,159,0,16
1,0,0,0,0,0,0,0,0,0,1,0,0,0,0,1,12,235,227,4,16
1,0,0,0,0,0,0,0,0,0,1,0,0,0,0,1,13,230,255,4,16
0,0,1,0,0,0,0,0,0,1,0,0,0,1,0,0,78,149,161,0,16
0,0,0,1,0,0,0,0,0,0,1,0,0,0,0,1,112,227,233,5,16
1,0,0,0,0,0,0,0,0,0,1,0,0,0,0,1,28,213,255,2,16
0.625,0,0,0,0,0.375,0,0,0,1,0,0,0,0,0.845,0.29,0,179,207,3,16
0,0,1,0,0,0,0,0,0,1,0,0,0,1,0,0,76,151,155,0,16
1,0,0,0,0,0,0,0,0,0,1,0,0,1,0,0,11,246,170,4,16
1,0,0,0,0,0,0,0,0,0,1,0,0,0.195,0.8425,0,26,233,186,2,16
0,0,0,0,0,1,0,0,0,1,0,0,0,1,0,0,177,190,157,3,16
0,0,0,1,0,0,0,0,0,0,1,0,0,1,0,0,112,233,169,5,16
0,0,0,1,0,0,0,0,0,0,1,0,0,0.0025,0.9975,0,112,231,191,5,16
1,0,0,0,0,0,0,0,0,0,1,0,0,0,0,1,26,234,226,2,16
0,0,0,1,0,0,0,0,0,0,1,0,0,1,0,0,112,242,138,5,16
0,0,1,0,0,0,0,0,0,1,0,0,0,1,0,0,76,171,133,0,16
1,0,0,0,0,0,0,0,0,1,0.0025,0,0,0.6275,0.4325,0,1,191,176,3,16
0,0,0,1,0,0,0,0,0,0.0175,0.9875,0,0,0,0,1,111,217,255,5,16
0,0,0,1,0,0,0,1,0,0,0,0,0,0,0,1,101,28,255,1,16
1,0,0,0,0,0,0,0,0,0,1,0,0,0,0,1,13,246,227,4,16
1,0,0,0,0,0,0,0,0,0.015,0.9875,0,0,0,0,1,14,238,255,4,16
0.065,0,0,0,0.0175,0.935,0,0,0,1,0,0,0,0,1,0,179,179,195,3,16
1,0,0,0,0,0,0,0,0,0,1,0,0,0,0,1,27,229,231,2,16
1,0.01,0,0,0,0,0,0,0,0,1,0,0,0,0,1,29,227,255,2,16
0.0025,0,0.0425,0.955,0,0,0,1,0,0,0,0,0,0,0,1,90,8,255,1,16
0.5175,0,0,0,0,0.4825,0,0,0,1,0,0,0,0,1,0,0,186,187,3,16
1,0,0,0,0,0,0,0,0,0,1,0,0,1,0,0,26,240,138,2,17
0,0,1,0,0,0,0,0,0,0.9625,0.04,0,0,1,0,0,76,192,89,0,17
0,0,0,1,0,0,0,0,0,0,1,0,0,1,0,0,113,238,166,5,17
1,0,0,0,0,0,0,0,0,0,1,0,0,1,0,0,27,248,145,2,17
0.9675,0,0,0,0,0.0325,0,0,0,0.2025,0.805,0,0,1,0,0,1,216,116,3,17
0,0,0,1,0,0,0,1,0,0,0,0,0,0,0.0625,0.985,114,35,212,1,17
1,0,0,0,0,0,0,0,0,0,1,0,0,1,0,0,27,251,140,2,17
1,0,0,0,0,0,0,0,0,0,1,0,0,1,0,0,26,246,169,2,17
1,0,0,0,0,0,0,0,0,0.1975,0.84,0,0,1,0,0,1,203,149,3,17
0.04,0,0,0,0,0.96,0,0,0,1,0,0,0,1,0,0,179,192,171,3,17
1,0,0,0,0,0,0,0,0,0,1,0,0,0,0.7325,0.375,12,238,207,4,17
0,0,0,1,0,0,0,0,0,0,1,0,0,0,1,0,113,238,185,5,17
0.9025,0,0,0,0,0.0975,0,0,0,1,0,0,0,0.1375,0.93,0,0,185,183,3,17
0,0,1,0,0,0,0,0,0,1,0,0,0,1,0,0,76,164,137,0,17
0,0,0.9525,0.055,0,0,0,0.1025,0.0325,0.8675,0,0,0,1,0,0,75,163,128,0,17
0,0,0,1,0,0,0,1,0,0,0,0,0,0,0,1,111,27,255,1,17
0,0,0,1,0,0,0,0,0,0,1,0,0,0,1,0.0025,111,231,203,5,17
1,0,0,0,0,0,0,0,0,0,1,0,0,0,0.325,0.8075,12,242,213,4,17
1,0,0,0,0,0,0,0,0,0,1,0,0,1,0,0,11,248,150,4,17
0,0,0,1,0,0,0,0,0,0,1,0,0,1,0,0,113,241,144,5,17
0.825,0,0,0,0,0.175,0,0,0,0.08,0.945,0,0,1,0,0,0,206,129,3,17
1,0,0,0,0,0,0,0,0,0,1,0,0,1,0,0,26,243,154,2,17
0,0,0,1,0,0,0,0,0,0,1,0,0,1,0,0,113,235,152,5,17
1,0,0,0,0,0,0,0,0,0,1,0,0,0,0.97,0.0575,12,240,205,4,17
1,0,0,0,0,0,0,0,0,0,1,0,0,1,0,0,10,255,157,4,17
0,0,0,1,0,0,0,0,0,0.075,0.93,0,0,1,0,0,112,236,147,5,17
1,0,0,0,0,0,0,0,0,0.1775,0.835,0,0,1,0,0,2,207,151,3,17
0,0,1,0,0,0,0,0,0,1,0,0,0,1,0,0,77,157,140,0,17
0.195,0,0,0,0,0.805,0,0,0,0.9975,0.0025,0,0,1,0,0,179,195,156,3,17
0,0,0,1,0,0,0,0,0,0.005,0.9975,0,0,0.1375,0.93,0,113,238,183,5,17
0,0,0,1,0,0,0,1,0,0,0,0,0,0,0,1,116,31,255,1,17
0,0,0,1,0,0,0,1,0,0,0,0,0,0,0,1,116,40,252,1,17
0,0,0,1,0,0,0,1,0,0,0,0,0,0,0,1,115,41,232,1,17
0,0,1,0,0,0,0,0,0,1,0,0,0,1,0,0,74,159,156,0,17
1,0,0,0,0,0,0,0,0,0.07,0.93,0,0,0,0,1,12,240,230,4,17
0,0,0,1,0,0,0,1,0,0,0,0,0,0,0,1,112,31,236,1,17
0,0,1,0,0,0,0,0,0,0.9925,0.01,0,0,1,0,0,75,179,85,0,17
0,0,1,0,0,0,0,0,0,1,0,0,0,1,0,0,75,178,104,0,17
0,0,1,0,0,0,0,0,0,1,0,0,0,1,0,0,76,166,117,0,17
1,0,0,0,0,0,0,0,0,0,1,0,0,1,0,0,2,226,107,3,17
1,0,0,0,0,0,0,0,0,0,1,0,0,0.985,0.025,0,26,236,171,2,17
1,0,0,0,0,0,0,0,0,0,1,0,0,0,1,0,12,238,197,4,17
1,0,0,0,0,0,0,0,0,0,1,0,0,1,0,0,26,249,138,2,17
0,0,0,1,0,0,0,0,0,0.13,0.875,0,0,1,0,0,112,233,141,5,17
1,0,0,0,0,0,0,0,0,0,1,0,0,0,0.8875,0.1375,12,244,203,4,17
0,0,0,1,0,0,0,1,0,0,0,0,0,0,0,1,113,38,255,1,17
0.025,0,0,0,0,0.975,0,0,0,1,0,0,0,1,0,0,178,192,154,3,17
0,0,0,1,0,0,0,1,0,0,0,0,0,0,0,1,115,54,238,1,17
0,0,1,0,0,0,0,0,0,1,0,0,0,1,0,0,76,158,148,0,17
1,0,0,0,0,0,0,0,0,0,1,0,0,0,0,1,12,237,215,4,17
1,0,0,0,0,0,0,0,0,0,1,0,0,0,1,0,26,222,195,2,17
1,0,0,0,0,0,0,0,0,0,1,0,0,0,0,1,25,222,246,2,17
0,0,0,1,0,0,0,1,0,0,0,0,0,0,0.0025,0.9975,111,28,244,1,17
0,0,0,1,0,0,0,0,0,0,1,0,0,0,1,0,112,229,185,5,17
0,0,0,1,0,0,0,1,0,0,0,0,0,1,0,0,112,35,160,1,18
0,0,0,1,0,0,0,0,0,0.1675,0.8375,0,0,1,0,0,114,240,133,5,18
1,0,0,0,0,0,0,0,0,0,1,0,0,0,1,0,11,240,193,4,18
1,0,0,0,0,0,0,0,0,0,1,0,0,1,0,0,2,230,101,3,18
1,0,0,0,0,0,0,0,0,0,1,0,0,1,0,0,11,247,160,4,18
1,0,0,0,0,0,0,0,0,0,1,0,0,0.035,0.975,0,12,243,194,4,18
1,0,0,0,0,0,0,0,0,0,1,0,0,1,0,0,11,255,146,4,18
0,0,0.0525,0.9475,0,0,0,1,0,0,0,0,0,0.7975,0.2875,0,96,7,176,1,18
0,0,1,0,0,0,0,0.0075,0.0425,0.9525,0,0,0,1,0,0,71,169,123,0,18
1,0,0,0,0,0,0,0,0,0,1,0,0,0,0,1,25,226,221,2,18
0,0,1,0,0,0,0,0,0,1,0,0,0,1,0,0,77,149,128,0,18
0,0,0,1,0,0,0,0,0,0,1,0,0,0.7975,0.3275,0,113,235,179,5,18
0,0,1,0,0,0,0,0,0,1,0,0,0,1,0,0,74,156,143,0,18
0,0,1,0,0,0,0,0,0,1,0,0,0,1,0,0,74,162,134,0,18
0,0,0,1,0,0,0,1,0,0,0,0,0,0,0,1,114,38,223,1,18
0,0,0,1,0,0,0,1,0,0,0,0,0,0,0,1,112,26,250,1,18
0,0.06,0.9475,0,0,0,0,0.1475,0.0325,0.82,0,0,0,0.935,0.0675,0,73,161,139,0,18
0.9925,0,0,0,0,0.0075,0,0,0,0.365,0.69,0,0,1,0,0,1,203,152,3,18
0,0,1,0,0,0,0,0,0,1,0,0,0,1,0,0,76,178,86,0,18
1,0,0,0,0,0,0,0,0,0,1,0,0,1,0,0,26,225,171,2,18
0,0,0,1,0,0,0,0.88,0.205,0,0,0,0,0,0,1,115,57,234,1,18
1,0,0,0,0,0,0,0,0,0.0025,1,0,0,1,0,0,1,218,116,3,18
0,0,0,1,0,0,0,0,0,0,1,0,0,1,0,0,113,236,161,5,18
0,0,0,1,0,0,0,0,0,0,1,0,0,0.0075,0.9975,0,112,229,184,5,18
1,0,0,0,0,0,0,0,0,0,1,0,0,1,0,0,26,247,161,2,18
0.99,0,0,0,0,0.01,0,0,0,0.19,0.8425,0,0,1,0,0,1,207,138,3,18
0,0,0,1,0,0,0,0,0,0,1,0,0,0.0375,0.9975,0,112,229,187,5,18
0,0,0,1,0,0,0,0,0,0,1,0,0,0,0,1,112,227,243,5,18
1,0,0,0,0,0,0,0,0,0,1,0,0,0,0.0075,0.9975,12,236,215,4,18
0.0475,0,0,0,0,0.9525,0,0,0,0.9675,0.09,0,0,1,0,0,178,196,151,3,18
1,0,0,0,0,0,0,0,0,0,1,0,0,0,0,1,26,220,245,2,18
1,0,0,0,0,0,0,0,0,0,1,0,0,0,0,1,26,224,231,2,18
0,0,0,1,0,0,0,1,0,0,0,0,0,0,0,1,113,45,255,1,18
1,0,0,0,0,0,0,0,0,0,1,0,0,0,0,1,26,223,255,2,18
0,0,0,1,0,0,0,1,0,0,0,0,0,0,0,1,109,29,255,1,18
0,0,0,1,0,0,0,0,0,0.01,0.99,0,0,0,0.635,0.475,112,225,211,5,18
1,0,0,0,0,0,0,0,0,0,1,0,0,1,0,0,11,247,159,4,18
0,0,1,0,0,0,0,0,0,1,0,0,0,1,0,0,76,181,109,0,18
0.6625,0,0,0,0,0.3375,0,0,0,0.1125,0.975,0,0,1,0,0,0,202,139,3,18
1,0,0,0,0,0,0,0,0,0,1,0,0,1,0,0,11,252,163,4,18
0,0,0,1,0,0,0,1,0,0,0,0,0,0,0.5125,0.5975,109,38,211,1,18
1,0,0,0,0,0,0,0,0,0.035,0.965,0,0,0,0.655,0.4525,13,244,211,4,18
0,0,1,0,0,0,0,0,0,0.2675,0.77,0,0,1,0,0,71,205,80,0,18
1,0,0,0,0,0,0,0,0,0,1,0,0,0.6275,0.4525,0,27,248,179,2,18
1,0,0,0,0,0,0,0,0,0,1,0,0,0,0.435,0.7475,13,253,210,4,18
0,0,1,0,0,0,0,0,0,1,0,0,0,1,0,0,78,154,149,0,18
0,0,0,1,0,0,0,0,0,0,1,0,0,0,0,1,112,234,216,5,18
0.1175,0,0,0,0,0.8825,0,0,0,0.515,0.5925,0,0,1,0,0,179,202,147,3,18
1,0,0,0,0,0,0,0,0,0,1,0,0,0,0,1,26,222,250,2,18
0.7375,0,0,0,0,0.2625,0,0,0,1,0,0,0,0.81,0.255,0,0,188,175,3,18
0,0,0,1,0,0,0,0,0,0,1,0,0,0,0.9725,0.0525,112,238,204,5,18
1,0,0,0,0,0,0,0,0,0,1,0,0,0,0,1,26,227,255,2,18
1,0,0,0,0,0,0,0,0,1,0,0,0,0.0025,1,0,1,187,187,3,18
0,0,0,1,0,0,0,1,0,0,0,0,0,0,0,1,110,43,255,1,18
