1,0,0,0,0,0,0,0,0,1,0,0,0,0,1,0,3,178,189,4,0
0.985,0,0,0,0,0.015,0,0,0,1,0,0,0,1,0,0,4,177,71,3,0
0,1,0,0,0,0,0,0,0,1,0,0,0,1,0,0,41,136,173,2,0
0,0,1,0,0,0,0,0,0,1,0,0,0,1,0,0,69,158,118,0,0
0.9425,0,0,0,0,0.0575,0,0,0,1,0,0,0,1,0,0,4,170,73,3,0
0,0,0,1,0,0,0,0,0,0.0025,1,0,0,1,0,0,107,211,109,5,0
0.9425,0,0,0,0,0.0575,0,0,0,1,0,0,0,1,0,0,4,164,76,3,0
0,1,0,0,0,0,0,0,0,1,0,0,0,1,0,0,41,136,172,2,0
1,0,0,0,0,0,0,0,0,1,0,0,0,0,1,0,4,190,202,4,0
0,0,0,1,0,0,0,0,0,0.985,0.015,0,0,1,0,0,108,187,154,5,0
1,0,0,0,0,0,0,0,0,1,0,0,0,0,0,1,4,189,255,4,0
0,1,0,0,0,0,0,0,0,1,0,0,0,0,0,1,39,151,221,2,0
0,0,0,1,0,0,0,1,0,0,0,0,0,0,0,1,110,43,241,1,0
0,0,1,0,0,0,0,0,0,1,0,0,0,1,0,0,67,165,159,0,0
0,0,0,1,0,0,0,1,0,0,0,0,0,0,0,1,114,41,242,1,0
0,1,0,0,0,0,0,0,0,1,0,0,0,0,0,1,40,153,237,2,0
0,1,0,0,0,0,0,0,0,1,0,0,0,0,0,1,39,155,234,2,0
1,0,0,0,0,0,0,0,0,0.9925,0.0275,0,0,0,0,1,4,195,255,4,0
0,0,1,0,0,0,0,0,0,1,0,0,0,1,0,0,69,160,116,0,0
0,1,0,0,0,0,0,0,0,1,0,0,0,0.9925,0.0125,0,41,136,175,2,0
1,0,0,0,0,0,0,0,0,1,0,0,0,0,0.9575,0.0675,3,193,204,4,0
0,0,0,1,0,0,0,0,0,0.54,0.5475,0,0,1,0,0,107,201,114,5,0
0,1,0,0,0,0,0,0,0,1,0,0,0,0.905,0.23,0,41,135,178,2,0
1,0,0,0,0,0,0,0,0,1,0,0,0,0,0.58,0.5025,4,189,212,4,0
0.8425,0,0,0,0.0025,0.1575,0,0,0,1,0,0,0,1,0,0,2,150,79,3,0
0,0,0,1,0,0,0,0,0,0.1425,0.9025,0,0,1,0,0,107,204,115,5,0
0,0,1,0,0,0,0,0,0,1,0,0,0,1,0,0,69,169,118,0,0
0,1,0,0,0,0,0,0,0,1,0,0,0,0,0,1,39,136,231,2,0
0,0,0,1,0,0,0,1,0,0,0,0,0,0,0,1,113,50,242,1,0
1,0,0,0,0,0,0,0,0,0.645,0.37,0,0,1,0,0,3,185,105,3,0
0,1,0,0,0,0,0,0,0,1,0,0,0,0,0,1,39,149,243,2,0
1,0,0,0,0,0,0,0,0,1,0,0,0,0,0,1,4,193,255,4,0
0.9975,0,0,0,0,0.0025,0,0,0,0.685,0.3675,0,0,1,0,0,3,194,109,3,0
1,0,0,0,0,0,0,0,0,0.6275,0.4275,0,0,1,0,0,3,194,108,3,0
0,0,1,0,0,0,0,0,0,1,0,0,0,1,0,0,67,172,160,0,0
0,0,0,1,0,0,0,0,0,0,1,0,0,1,0,0,108,225,155,5,0
0,0,0,1,0,0,0,1,0,0,0,0,0,0.9525,0.0825,0,114,41,174,1,0
1,0,0,0,0,0,0,0,0,0.9775,0.05,0,0,0,0.43,0.58,4,194,223,4,0
0,0,0,1,0,0,0,0,0,0,1,0,0,1,0,0,107,217,108,5,0
0.8825,0,0,0,0,0.1175,0,0,0,1,0,0,0,1,0,0,4,159,77,3,0
0,0,0,1,0,0,0,0,0,0.1575,0.8875,0,0,1,0,0,107,204,111,5,0
0,0,0,1,0,0,0,1,0,0,0,0,0,0.7825,0.29,0,111,39,175,1,0
0,0,1,0,0,0,0,0,0,1,0,0,0,1,0,0,69,156,119,0,0
1,0,0,0,0,0,0,0,0,1,0,0,0,1,0,0,4,166,77,3,0
0,0,1,0,0,0,0,0,0,1,0,0,0,1,0,0,69,164,120,0,0
0,0,0,1,0,0,0,1,0,0,0,0,0,0,0,1,114,40,240,1,0
0,0,1,0,0,0,0,0,0,1,0,0,0,1,0,0,68,154,159,0,0
0,0,0,1,0,0,0,0,0,0,1,0,0,1,0,0,107,221,141,5,0
1,0,0,0,0,0,0,0,0,0.9975,0.005,0,0,0,0,1,4,192,255,4,0
0,0,0,1,0,0,0,1,0,0,0,0,0,0,0,1,110,39,244,1,0
0,0,0,1,0,0,0,0,0,0.085,0.9275,0,0,1,0,0,108,211,155,5,0
0,0,0,1,0,0,0,1,0,0,0,0,0,0,0,1,109,39,242,1,0
0,0,1,0,0,0,0,0,0,1,0,0,0,1,0,0,66,169,164,0,0
0,0,0,1,0,0,0,1,0,0,0,0,0,0,0,1,110,38,241,1,0
0.9725,0,0,0,0,0.0275,0,0,0,1,0,0,0,1,0,0,4,164,75,3,1
0,0,0,1,0,0,0,0.97,0.04,0,0,0,0,0.1,0.9175,0,114,49,187,1,1
0,0,1,0,0,0,0,0,0,1,0,0,0,1,0,0,69,169,118,0,1
0.9325,0,0,0,0,0.0675,0,0,0,1,0,0,0,1,0,0,4,162,76,3,1
1,0,0,0,0,0,0,0,0,1,0,0,0,1,0,0,3,178,76,3,1
0,1,0,0,0,0,0,0,0,1,0,0,0,0.03,0.9875,0,41,141,184,2,1
0,0,0,1,0,0,0,0,0,0.575,0.5425,0,0,1,0,0,107,204,114,5,1
1,0,0,0,0,0,0,0,0,1,0,0,0,0,0.335,0.74,4,187,212,4,1
0,0,0,1,0,0,0,1,0.0075,0,0,0,0,0.0275,0.9925,0,110,49,190,1,1
0,0,0,1,0,0,0,1,0,0,0,0,0,0,0,1,110,44,254,1,1
0,0,1,0,0,0,0,0,0,1,0,0,0,1,0,0,66,164,165,0,1
0,0,1,0,0,0,0,0,0,1,0,0,0,1,0,0,66,171,154,0,1
0,0,0,1,0,0,0,0,0,0,1,0,0,1,0,0,108,211,157,5,1
0,0,0,1,0,0,0,1,0,0,0,0,0,0,0,1,110,41,255,1,1
1,0,0,0,0,0,0,0,0,0.99,0.0225,0,0,0,0.0025,0.9975,4,193,255,4,1
0.9925,0,0,0,0,0.0075,0,0,0,0.705,0.3875,0,0,1,0,0,2,200,112,3,1
1,0,0,0,0,0,0,0,0,0.9575,0.075,0,0,0,0,1,4,195,255,4,1
1,0,0,0,0,0,0,0,0,1,0,0,0,0,0,1,4,188,255,4,1
0,1,0,0,0,0,0,0,0,1,0,0,0,0.995,0.005,0,41,133,174,2,1
0,1,0,0,0,0,0,0,0,1,0,0,0,0.9025,0.1875,0,41,133,178,2,1
0,0,0,1,0,0,0,0.9925,0.0175,0,0,0,0,0.0325,0.9825,0,114,52,186,1,1
1,0,0,0,0,0,0,0,0,1,0,0,0,0,0.5675,0.5,3,185,211,4,1
0,0,1,0,0,0,0,0,0,1,0,0,0,1,0,0,69,162,123,0,1
0,1,0,0,0,0,0,0,0,1,0,0,0,0.19,0.8825,0,41,144,184,2,1
1,0,0,0,0,0,0,0,0,1,0,0,0,0,0.9925,0.0475,4,186,205,4,1
1,0,0,0,0,0,0,0,0,1,0,0,0,1,0,0,2,170,78,3,1
0,1,0,0,0,0,0,0,0,1,0,0,0,0.4775,0.6725,0,41,135,181,2,1
0.9875,0,0,0,0,0.0125,0,0,0,1,0,0,0,1,0,0,3,172,105,3,1
0,0,0,1,0,0,0,0,0,0.11,0.91,0,0,1,0,0,108,208,150,5,1
0,0,1,0,0,0,0,0,0,1,0,0,0,1,0,0,66,161,162,0,1
1,0,0,0,0,0,0,0,0,0.985,0.0225,0,0,1,0,0,3,187,110,3,1
1,0,0,0,0,0,0,0,0,1,0,0,0,0,0,1,4,192,255,4,1
0,0,0,1,0,0,0,0,0,0,1,0,0,1,0,0,108,212,156,5,1
1,0,0,0,0,0,0,0,0,0.9575,0.06,0,0,0,0,1,4,195,255,4,1
0,0,1,0,0,0,0,0,0,1,0,0,0,1,0,0,67,173,169,0,1
0,1,0,0,0,0,0,0,0,1,0,0,0,0,0,1,39,152,255,2,1
0,0,0,1,0,0,0,0,0,0.3,0.735,0,0,1,0,0,107,204,110,5,1
0,0,0,1,0,0,0,0.99,0.02,0,0,0,0,0.49,0.625,0,112,54,180,1,1
1,0,0,0,0,0,0,0,0,0.9975,0.0075,0,0,0,0.7875,0.26,4,192,207,4,1
0,0,1,0,0,0,0,0,0,1,0,0,0,1,0,0,70,156,119,0,1
0,1,0,0,0,0,0,0,0,1,0,0,0,0.725,0.4625,0,41,135,180,2,1
0,0,0,1,0,0,0,0.995,0.005,0,0,0,0,0.0875,0.955,0,109,45,188,1,1
0,0,0,1,0,0,0,0,0,0.7375,0.3525,0,0,1,0,0,107,196,114,5,1
0,0,0,1,0,0,0,0.9975,0.0175,0,0,0,0,0.485,0.59,0,110,48,181,1,1
1,0,0,0,0,0,0,0,0,1,0,0,0,1,0,0,3,179,76,3,1
0,0,0,1,0,0,0,1,0,0,0,0,0,0,0,1,110,45,255,1,1
0,0,0,1,0,0,0,0,0,0.6875,0.3375,0,0,1,0,0,108,192,155,5,1
0,0,1,0,0,0,0,0,0,1,0,0,0,1,0,0,68,168,155,0,1
0,0,1,0,0,0,0,0,0,1,0,0,0,1,0,0,67,165,167,0,1
0,0,0,1,0,0,0,0,0,0,1,0,0,1,0,0,108,211,158,5,1
0,1,0,0,0,0,0,0,0,1,0,0,0,0,0,1,39,152,253,2,1
0,1,0,0,0,0,0,0,0,1,0,0,0,0,0,1,40,155,252,2,1
0.99,0,0,0,0,0.01,0,0,0,0.7875,0.2525,0,0,1,0,0,2,192,110,3,1
0,0,0,1,0,0,0,0,0,0,1,0,0,1,0,0,108,218,157,5,1
0,0,0,1,0,0,0,1,0,0,0,0,0,0,0,1,112,40,237,1,2
0,0,1,0,0,0,0,0,0,1,0,0,0,1,0,0,66,174,151,0,2
1,0,0,0,0,0,0,0,0,0,1,0,0,1,0,0,3,234,95,3,2
0,0,0,1,0,0,0,1,0,0,0,0,0,0,0,1,110,41,249,1,2
0.99,0,0,0,0,0.01,0,0,0,0.9825,0.035,0,0,1,0,0,2,188,111,3,2
1,0,0,0,0,0,0,0,0,0.96,0.06,0,0,0,0,1,5,192,255,4,2
0.9625,0,0,0,0,0.0375,0,0,0,0.14,0.89,0,0,1,0,0,2,210,96,3,2
1,0,0,0,0,0,0,0,0,0.4275,0.605,0,0,1,0,0,3,201,101,3,2
0,0,0,1,0,0,0,0,0,0,1,0,0,1,0,0,108,216,146,5,2
0,1,0,0,0,0,0,0,0,1,0,0,0,0.6275,0.5275,0,40,150,179,2,2
0,1,0,0,0,0,0,0,0,1,0,0,0,0.6875,0.465,0,40,147,178,2,2
0,0,1,0,0,0,0,0,0,1,0,0,0,1,0,0,69,163,115,0,2
0,1,0,0,0,0,0,0,0,1,0,0,0,0.155,0.89,0,41,146,184,2,2
0,0,1,0,0,0,0,0,0,1,0,0,0,1,0,0,68,169,118,0,2
0,1,0,0,0,0,0,0,0,1,0,0,0,0.2275,0.8725,0,41,140,182,2,2
0,0,0,1,0,0,0,0.985,0.025,0,0,0,0,0.005,1,0,110,49,189,1,2
0,0,1,0,0,0,0,0,0,1,0,0,0,1,0,0,68,169,122,0,2
0.94,0,0,0,0,0.06,0,0,0,1,0,0,0,1,0,0,2,178,76,3,2
0,0,0,1,0,0,0,0,0,0,1,0,0,1,0,0,109,235,146,5,2
0,0,0,1,0,0,0,0,0,0,1,0,0,1,0,0,109,236,147,5,2
0,0,1,0,0,0,0,0,0,1,0,0,0,1,0,0,69,181,158,0,2
0.93,0,0,0,0,0.07,0,0,0,0.5225,0.51,0,0,1,0,0,3,198,92,3,2
0,0,0,1,0,0,0,0,0,0,1,0,0,1,0,0,109,214,162,5,2
0,0,0,1,0,0,0,0,0,0.0025,1,0,0,1,0,0,109,215,169,5,2
1,0,0,0,0,0,0,0,0,0.2375,0.85,0,0,0,0,1,3,203,255,4,2
0,0,1,0,0,0,0,0,0,1,0,0,0,1,0,0,67,172,156,0,2
0,1,0,0,0,0,0,0,0,1,0,0,0,0,0,1,41,155,245,2,2
0,1,0,0,0,0,0,0,0,1,0,0,0,0.655,0.505,0,41,142,180,2,2
0,0,0,1,0,0,0,0.0175,0.9075,0.1025,0,0,0,0,0.72,0.32,113,73,205,1,2
1,0,0,0,0,0,0,0,0,0.955,0.08,0,0,0,0.5775,0.5025,3,195,208,4,2
1,0,0,0,0,0,0,0,0,0.845,0.23,0,0,0,0.5775,0.61,3,197,210,4,2
0,0,0,1,0,0,0,0.0075,0.9925,0.01,0,0,0,0,0.7,0.365,112,70,208,1,2
0.975,0,0,0,0,0.025,0,0,0,0.9725,0.0375,0,0,1,0,0,2,190,71,3,2
0,0,0,1,0,0,0,0,0,0,1,0,0,1,0,0,109,228,122,5,2
1,0,0,0,0,0,0,0,0,0.84,0.2425,0,0,0,0.01,0.9925,3,196,219,4,2
0,0,0,1,0,0,0,0.035,0.965,0.04,0,0,0,0,0.0825,0.9475,114,74,213,1,2
0.9725,0,0,0,0,0.0275,0,0,0,0.5875,0.42,0,0,1,0,0,2,181,105,3,2
0,0,0,1,0,0,0,0,0,0,1,0,0,1,0,0,110,232,165,5,2
0,1,0,0,0,0,0,0,0,1,0,0,0,0,0,1,37,147,255,2,2
0,0,0,1,0,0,0,1,0,0,0,0,0,0,0,1,103,33,255,1,2
0,1,0,0,0,0,0,0,0,1,0,0,0,0,0,1,37,141,255,2,2
0,0,1,0,0,0,0,0,0,1,0,0,0,0.1925,0.9175,0,69,175,184,0,2
0,0,0,1,0,0,0,0,0,0,1,0,0,1,0,0,109,237,154,5,2
0.925,0,0,0,0,0.075,0,0,0,0.7675,0.26,0,0,1,0,0,2,198,99,3,2
1,0,0,0,0,0,0,0,0,0.93,0.1125,0,0,0,0,1,4,195,255,4,2
0,0,1,0,0,0,0,0,0,1,0,0,0,1,0,0,70,180,125,0,2
1,0,0,0,0,0,0,0,0,0.015,0.995,0,0,0,0,1,2,206,255,4,2
1,0,0,0,0,0,0,0,0,0.995,0.02,0,0,0,0,1,3,192,221,4,2
0,1,0,0,0,0,0,0,0,1,0,0,0,0,0.9925,0.025,41,143,202,2,2
1,0,0,0,0,0,0,0,0,0.1675,0.89,0,0,0,0,1,3,203,239,4,2
0,0,0,1,0,0,0,0,0.7525,0.2975,0,0,0,0,0,1,115,75,238,1,2
0,0,0,1,0,0,0,0,0.5275,0.545,0,0,0,0,0,1,113,81,239,1,2
0,0,0,1,0,0,0,0,0,0,1,0,0,1,0,0,110,223,130,5,2
0,0,1,0,0,0,0,0,0,1,0,0,0,1,0,0,72,173,132,0,2
0.9975,0,0,0,0,0.0025,0,0,0,0,1,0,0,1,0,0,2,220,101,3,3
0,0,0,1,0,0,0,0,0,0,1,0,0,0.13,0.9075,0,110,237,183,5,3
0,1,0,0,0,0,0,0,0,1,0,0,0,0,0,1,33,134,255,2,3
0.005,0.0025,0.2275,0.785,0,0,0,1,0,0,0,0,0,0,0,1,90,5,255,1,3
1,0,0,0,0,0,0,0,0,1,0,0,0,0,0,1,5,177,255,4,3
1,0,0,0,0,0,0,0,0,1,0,0,0,0,0,1,5,178,255,4,3
0,0,1,0,0,0,0,0,0,0.9525,0.11,0,0,1,0.0075,0,70,191,174,0,3
0,0,0,1,0,0,0,0,0,0,1,0,0,0.5625,0.5175,0,110,231,181,5,3
0,0,1,0,0,0,0,0,0,0.99,0.01,0,0,0.07,0.9475,0,69,190,186,0,3
0,0,0,1,0,0,0,0,0,0,1,0,0,1,0,0,110,232,131,5,3
1,0,0,0,0,0,0,0,0,0.07,0.945,0,0,0,0,1,2,204,255,4,3
0,0,0,1,0,0,0,0,0,0,1,0,0,1,0,0,110,230,136,5,3
0,0,1,0,0,0,0,0,0,0.9975,0.005,0,0,1,0,0,70,185,131,0,3
0,0,0,1,0,0,0,0,0,0,1,0,0,1,0,0,111,230,140,5,3
0,1,0,0,0,0,0,0,0,1,0,0,0,0,0.0175,0.985,41,139,221,2,3
0,1,0,0,0,0,0,0,0,1,0,0,0,0,0.0375,0.9825,43,146,218,2,3
0,0,0,1,0,0,0,0,0,0,1,0,0,1,0,0,110,226,143,5,3
0.465,0,0,0,0.02,0.52,0,0,0,1,0,0,0,1,0,0,1,174,76,3,3
0,1,0,0,0,0,0,0,0,1,0,0,0,0,0,1,37,142,255,2,3
0,0,1,0,0,0,0,0,0,0.97,0.04,0,0,1,0,0,68,190,168,0,3
1,0,0,0,0,0,0,0,0,0,1,0,0,1,0,0,4,233,101,3,3
1,0,0,0,0,0,0,0,0,0.01,0.99,0,0,1,0,0,3,220,104,3,3
0,0,1,0,0,0,0,0,0,1,0,0,0,0.05,0.985,0,68,176,184,0,3
0,0,0,1,0,0,0,0,0,0,1,0,0,0.4075,0.66,0,110,212,183,5,3
1,0,0,0,0,0,0,0,0,0.2375,0.8,0,0,0,0,1,5,205,255,4,3
1,0,0,0,0,0,0,0,0,0.68,0.39,0,0,0,0,1,4,195,255,4,3
1,0,0,0,0,0,0,0,0,0.7925,0.2775,0,0,0,0,1,4,195,255,4,3
0,0,0,1,0,0,0,0.03,0.9675,0.0225,0,0,0,0,0.07,0.95,113,68,216,1,3
0,0,0,1,0,0,0,0.08,0.94,0.015,0,0,0,0,0.025,0.9825,114,71,225,1,3
1,0,0,0,0,0,0,0,0,0.3375,0.75,0,0,0,0,1,3,204,239,4,3
0,1,0,0,0,0,0,0,0,1,0,0,0,0,1,0,41,146,198,2,3
0,0,0,1,0,0,0,0.115,0.9075,0,0,0,0,0,0,1,112,68,223,1,3
0.9075,0,0,0,0,0.0925,0,0,0,0.98,0.02,0,0,1,0,0,2,185,73,3,3
0,0,0,1,0,0,0,0.0375,0.95,0.035,0,0,0,0,0,1,112,69,223,1,3
0.935,0,0,0,0,0.065,0,0,0,0.955,0.0475,0,0,1,0,0,2,190,74,3,3
0,0,0,1,0,0,0,0,0,0,1,0,0,1,0,0,110,216,135,5,3
0,0,1,0,0,0,0,0,0,1,0,0,0,1,0,0,69,180,155,0,3
0,0,0,1,0,0,0,1,0,0,0,0,0,0,0,1,110,41,255,1,3
0,0,0,1,0,0,0,0,0,0,1,0,0,1,0,0,109,233,162,5,3
1,0,0,0,0,0,0,0,0,0.815,0.235,0,0,0,0,1,4,195,255,4,3
0,1,0,0,0,0,0,0,0,1,0,0,0,0,0,1,39,144,255,2,3
0.8775,0,0,0,0,0.1225,0,0,0,0.9825,0.02,0,0,1,0,0,1,182,115,3,3
0.975,0,0,0,0,0.025,0,0,0,0.1025,0.9175,0,0,1,0,0,2,217,94,3,3
0,1,0,0,0,0,0,0,0,1,0,0,0,0,0,1,40,154,254,2,3
0,0,0,1,0,0,0,1,0,0,0,0,0,0,0,1,110,46,255,1,3
0,1,0,0,0,0,0,0,0,1,0,0,0,0,1,0,41,134,186,2,3
0,0,0,1,0,0,0,0.0275,0.845,0.19,0,0,0,0,0.045,0.9725,114,77,221,1,3
0,0,1,0,0,0,0,0,0,1,0,0,0,1,0,0,70,176,121,0,3
0,1,0,0,0,0,0,0,0,1,0,0,0,0,1,0,41,143,194,2,3
0.95,0,0,0,0,0.05,0,0,0,0.83,0.2025,0,0,1,0,0,2,188,68,3,3
0,0,1,0,0,0,0,0,0,1,0,0,0,1,0,0,69,180,126,0,3
1,0,0,0,0,0,0,0,0,0.6325,0.4725,0,0,0,0,1,3,199,224,4,3
0,0,1,0,0,0,0,0,0,1,0,0,0,1,0,0,72,185,121,0,3
0,0,0,1,0,0,0,0,0.78,0.2875,0,0,0,0,0.005,0.995,114,79,232,1,3
0,1,0,0,0,0,0,0,0,1,0,0,0,1,0,0,42,131,164,2,4
0,1,0,0,0,0,0,0,0,1,0,0,0,1,0,0,42,137,168,2,4
0,1,0,0,0,0,0,0,0,1,0,0,0,1,0,0,41,142,171,2,4
0,0,0,1,0,0,0,0,0,0.265,0.8225,0,0,1,0,0,108,203,113,5,4
0,0,0,1,0,0,0,0.3475,0.7275,0,0,0,0,0.0825,0.945,0,112,62,187,1,4
0,0,0,1,0,0,0,0,0,0,1,0,0,1,0,0,108,220,108,5,4
0.8,0,0,0,0.0025,0.2,0,0,0,1,0,0,0,1,0,0,1,171,70,3,4
0,0,1,0,0,0,0,0,0,1,0,0,0,1,0,0,69,172,113,0,4
0.9675,0,0,0,0,0.0325,0,0,0,0.9575,0.0475,0,0,1,0,0,4,188,67,3,4
0,0,0,1,0,0,0,0,0,0.9175,0.11,0,0,0.925,0.095,0,109,194,170,5,4
1,0,0,0,0,0,0,0,0,0.9975,0.005,0,0,0,0,1,3,190,255,4,4
0,0,0,1,0,0,0,0.94,0.12,0,0,0,0,0,0,1,113,56,254,1,4
0,1,0,0,0,0,0,0,0,1,0,0,0,0,0,1,40,149,255,2,4
0,0,1,0,0,0,0,0,0,1,0,0,0,1,0,0,67,172,167,0,4
0,1,0,0,0,0,0,0,0,1,0,0,0,0,0,1,39,152,249,2,4
0,0,1,0,0,0,0,0,0,1,0,0,0,1,0,0,69,175,163,0,4
0,0,0,1,0,0,0,0,0,0,1,0,0,1,0,0,109,224,163,5,4
0,1,0,0,0,0,0,0,0,1,0,0,0,0,0,1,40,152,250,2,4
0,0,1,0,0,0,0,0,0,1,0,0,0,1,0,0,70,167,112,0,4
0.9925,0,0,0,0,0.0075,0,0,0,0.9575,0.0575,0,0,1,0,0,4,188,68,3,4
0,1,0,0,0,0,0,0,0,1,0,0,0,0.9975,0.005,0,41,141,174,2,4
0,0,1,0,0,0,0,0,0,1,0,0,0,1,0,0,70,166,118,0,4
0.9325,0,0,0,0,0.0675,0,0,0,1,0,0,0,1,0,0,4,177,72,3,4
0,0,0,1,0,0,0,0.6425,0.395,0,0,0,0,0.0725,0.9525,0,110,57,185,1,4
0.7225,0,0,0,0.015,0.2775,0,0,0,1,0,0,0,1,0,0,1,147,73,3,4
0,0,0,1,0,0,0,0.6125,0.4625,0,0,0,0,0.065,0.9525,0,112,57,186,1,4
1,0,0,0,0,0,0,0,0,0.955,0.06,0,0,0,0.845,0.1625,4,195,204,4,4
1,0,0,0,0,0,0,0,0,1,0,0,0,0,0,1,4,186,255,4,4
0,0,0,1,0,0,0,0,0,0.6925,0.3575,0,0,1,0,0,109,197,164,5,4
0,0,0,1,0,0,0,1,0,0,0,0,0,0,0,1,112,48,255,1,4
0.99,0,0,0,0,0.01,0,0,0,0.8225,0.195,0,0,1,0,0,2,194,109,3,4
0,1,0,0,0,0,0,0,0,1,0,0,0,0,0,1,39,151,255,2,4
0,0,1,0,0,0,0,0,0,1,0,0,0,1,0,0,67,172,168,0,4
0,0,0,1,0,0,0,0,0,0,1,0,0,1,0,0,109,217,160,5,4
1,0,0,0,0,0,0,0,0,0.95,0.0925,0,0,0,0,1,4,193,255,4,4
0,0,1,0,0,0,0,0,0,1,0,0,0,1,0,0,67,175,166,0,4
1,0,0,0,0,0,0,0,0,1,0.0025,0,0,0,1,0,3,186,193,4,4
0.9525,0,0,0,0,0.0475,0,0,0,0.9675,0.0425,0,0.0125,0.9975,0,0,4,184,66,3,4
0,0,0,1,0,0,0,0,0,0,1,0,0,1,0,0,108,223,110,5,4
0,0,1,0,0,0,0,0,0,1,0,0,0,1,0,0,69,163,117,0,4
0,0,0,1,0,0,0,0,0,0.0025,0.9975,0,0,1,0,0,108,211,110,5,4
0,1,0,0,0,0,0,0,0,1,0,0,0,0.8825,0.2025,0,42,151,179,2,4
0,0,0,1,0,0,0,0,0,0.1625,0.895,0,0,1,0,0,108,207,111,5,4
1,0,0,0,0,0,0,0,0,1,0,0,0,0,1,0,4,192,202,4,4
0,0,1,0,0,0,0,0,0,1,0,0,0,1,0,0,69,174,113,0,4
0,0,0,1,0,0,0,1,0,0,0,0,0,0,0,1,110,43,255,1,4
1,0,0,0,0,0,0,0,0,0.995,0.005,0,0,0,0,1,4,191,255,4,4
0,0,0,1,0,0,0,0.99,0.015,0,0,0,0,0,0,1,112,52,255,1,4
0.965,0,0,0,0,0.035,0,0,0,0.9325,0.0975,0,0,1,0,0,2,189,109,3,4
1,0,0,0,0,0,0,0,0,0.97,0.055,0,0,0,0,1,4,194,255,4,4
0,0,0,1,0,0,0,1,0,0,0,0,0,0,0,1,110,42,255,1,4
1,0,0,0,0,0,0,0,0,0.82,0.2775,0,0,0,0,1,4,195,255,4,4
0,0,0,1,0,0,0,1,0,0,0,0,0,0,0,1,109,42,255,1,4
1,0,0,0,0,0,0,0,0,0.305,0.715,0,0,1,0,0,2,204,105,3,4
0,1,0,0,0,0,0,0,0,1,0,0,0,0.44,0.77,0,41,142,180,2,5
0,0,0,1,0,0,0,0,0,0,1,0,0,1,0,0,108,226,109,5,5
0.9925,0,0,0,0,0.0075,0,0,0,0.275,0.7575,0,0.0875,0.9575,0,0,4,206,64,3,5
0,0,0,1,0,0,0,0,0,0,1,0,0,1,0,0,109,211,119,5,5
1,0,0,0,0,0,0,0,0,0.5725,0.495,0,0,0,0.02,0.99,3,198,221,4,5
0,0,0,1,0,0,0,0.215,0.83,0,0,0,0,0,0.9225,0.135,111,67,205,1,5
0,1,0,0,0,0,0,0,0,1,0,0,0,0,1,0,41,146,188,2,5
0,0,0,1,0,0,0,0.2325,0.82,0.005,0,0,0,0,0.8475,0.22,112,65,208,1,5
0.98,0,0,0,0,0.02,0,0,0,0.755,0.2925,0,0,1,0,0,3,198,70,3,5
0,0,0,1,0,0,0,0,0,0.2775,0.7675,0,0,0.92,0.1125,0,110,207,169,5,5
0,0,1,0,0,0,0,0,0,1,0,0,0,1,0,0,67,180,167,0,5
0,0,0,1,0,0,0,0,0,0,1,0,0,1,0,0,109,234,156,5,5
0,0,0,1,0,0,0,0,0,0,1,0,0,0.9325,0.115,0,109,218,175,5,5
0,0,1,0,0,0,0,0,0,1,0,0,0,0.7,0.485,0,68,179,179,0,5
1,0,0,0,0,0,0,0,0,0.135,0.9,0,0,1,0,0,3,207,114,3,5
0,1,0,0,0,0,0,0,0,1,0,0,0,0,0,1,37,155,255,2,5
0,1,0,0,0,0,0,0,0,1,0,0,0,0,0,1,37,157,255,2,5
1,0,0,0,0,0,0,0,0,0.9975,0.0075,0,0,0,0,1,5,190,255,4,5
1,0,0,0,0,0,0,0,0,0.9975,0.005,0,0,0.37,0.745,0,4,190,181,4,5
1,0,0,0,0,0,0,0,0,0.545,0.485,0,0.2375,0.865,0,0,4,202,62,3,5
0,0,1,0,0,0,0,0,0,1,0,0,0,1,0,0,69,177,103,0,5
0.8925,0,0,0,0.0025,0.1075,0,0,0,1,0,0,0.0275,0.9925,0,0,1,166,68,3,5
0,0,0,1,0,0,0,0.775,0.335,0,0,0,0,0.975,0.0575,0,110,60,176,1,5
1,0,0,0,0,0,0,0,0,0.7475,0.385,0,0,0,1,0,4,200,192,4,5
0,0,0,1,0,0,0,0.9475,0.095,0,0,0,0,0.9925,0.01,0,111,53,173,1,5
0,1,0,0,0,0,0,0,0,1,0,0,0,1,0,0,41,144,167,2,5
0,0,0,1,0,0,0,0.815,0.2625,0,0,0,0,1,0.01,0,108,57,172,1,5
1,0,0,0,0,0,0,0,0,0.995,0.0175,0,0,0,0,1,4,192,255,4,5
0.975,0,0,0,0,0.025,0,0,0,1,0,0,0,1,0,0,3,174,106,3,5
0,0,1,0,0,0,0,0,0,1,0,0,0,1,0,0,68,178,145,0,5
0,0,0,1,0,0,0,1,0,0,0,0,0,0,0,1,107,42,246,1,5
0.9975,0,0,0,0,0.0025,0,0,0,0.845,0.1925,0,0,1,0,0,3,194,106,3,5
0,0,0,1,0,0,0,0,0,0,1,0,0,1,0,0,108,212,150,5,5
1,0,0,0,0,0,0,0,0,0.745,0.32,0,0,0,0,1,4,196,255,4,5
0,0,0,1,0,0,0,1,0,0,0,0,0,0,0,1,110,45,255,1,5
0,0,0,1,0,0,0,1,0,0,0,0,0,0,0,1,110,46,255,1,5
0,0,0,1,0,0,0,0,0,0,1,0,0,1,0,0,107,218,102,5,5
0,1,0,0,0,0,0,0,0,1,0,0,0,1,0,0,41,143,169,2,5
0,0,0,1,0,0,0,0,0,0,1,0,0,1,0,0,108,233,106,5,5
0,0,1,0,0,0,0,0,0,1,0,0,0,1,0,0,71,165,114,0,5
0,0,0,1,0,0,0,0,0,0.0025,1,0,0,1,0,0,108,220,109,5,5
1,0,0,0,0,0,0,0,0,0.4225,0.6775,0,0,0,0.3725,0.6475,3,199,224,4,5
0,1,0,0,0,0,0,0,0,1,0,0,0,1,0,0,42,127,169,2,5
0,1,0,0,0,0,0,0,0,1,0,0,0,0.9925,0.04,0,41,138,177,2,5
0,0,0,1,0,0,0,0.3025,0.7675,0,0,0,0,0.0275,0.985,0,110,63,191,1,5
0.9725,0,0,0,0,0.0275,0,0,0,1,0,0,0,1,0,0,2,153,112,3,5
0,0,1,0,0,0,0,0,0,1,0,0,0,1,0,0,67,163,161,0,5
0,0,1,0,0,0,0,0,0,1,0,0,0,1,0,0,67,172,155,0,5
0,0,1,0,0,0,0,0,0,1,0,0,0,1,0,0,67,175,164,0,5
0,1,0,0,0,0,0,0,0,1,0,0,0,0,0,1,39,150,255,2,5
1,0,0,0,0,0,0,0,0,0.9825,0.0575,0,0,0.0575,0.02,0.9225,4,195,255,4,5
1,0,0,0,0,0,0,0,0,0.3075,0.75,0,0,1,0,0,2,204,106,3,5
1,0,0,0,0,0,0,0,0,0.92,0.1225,0,0,0,0,1,4,193,255,4,5
0,0,1,0,0,0,0,0,0,1,0,0,0,1,0,0,67,175,164,0,5
0,0,1,0,0,0,0,0,0,1,0,0,0,1,0,0,69,180,103,0,6
0,0,1,0,0,0,0,0,0,1,0,0,0,1,0,0,69,183,104,0,6
1,0,0,0,0,0,0,0,0,0.3275,0.815,0,0,0,1,0,4,202,192,4,6
1,0,0,0,0,0,0,0,0,0.9525,0.0725,0,0,0.045,0.8825,0.0875,4,196,196,4,6
0,0,0,1,0,0,0,0,0,0,1,0,0,1,0,0,107,223,99,5,6
1,0,0,0,0,0,0,0,0,0.2125,0.84,0,0.0025,1,0,0,4,206,66,3,6
0,0,1,0,0,0,0,0,0,1,0,0,0,1,0,0,68,168,111,0,6
0,0,0,1,0,0,0,0,0,0,1,0,0,1,0,0,106,216,98,5,6
0,0,1,0,0,0,0,0,0,1,0,0,0,1,0,0,69,181,110,0,6
0,0,0,1,0,0,0,0,0,0.34,0.7025,0,0,1,0,0,108,201,147,5,6
0,0,0,1,0,0,0,1,0,0,0,0,0,0,0,1,110,35,236,1,6
0,1,0,0,0,0,0,0,0,1,0,0,0,0,0,1,39,159,234,2,6
0,1,0,0,0,0,0,0,0,1,0,0,0,0,0,1,39,163,255,2,6
1,0,0,0,0,0,0,0,0,0.48,0.6,0,0,0,0,1,5,202,255,4,6
0,0,0,1,0,0,0,0,0,0,1,0,0,1,0,0,108,221,149,5,6
0,0,0,1,0,0,0,1,0,0,0,0,0,0,0,1,107,37,255,1,6
0,0,0,1,0,0,0,1,0,0,0,0,0,0,0,1,108,42,253,1,6
0.995,0,0,0,0,0.005,0,0,0,0.33,0.7225,0,0,1,0,0,2,204,106,3,6
0,0,0,1,0,0,0,0.8675,0.1725,0,0,0,0,1,0,0,110,53,170,1,6
0,0,1,0,0,0,0,0,0,1,0,0,0,1,0,0,69,175,108,0,6
1,0,0,0,0,0,0,0,0,0.0575,0.95,0,0.185,0.9425,0,0,4,206,62,3,6
0,1,0,0,0,0,0,0,0,1,0,0,0,1,0,0,42,137,168,2,6
0,0,0,1,0,0,0,0.9875,0.02,0,0,0,0,0.9575,0.095,0,112,47,173,1,6
1,0,0,0,0,0,0,0,0,0.345,0.77,0,0,0,0.4775,0.5525,3,200,207,4,6
0,1,0,0,0,0,0,0,0,1,0,0,0,1,0,0,41,144,166,2,6
0.9875,0,0,0,0,0.0125,0,0,0,0.9925,0.0075,0,0.0025,1,0,0,4,185,68,3,6
0,0,1,0,0,0,0,0,0,1,0,0,0,1,0,0,68,178,110,0,6
0,1,0,0,0,0,0,0,0,1,0,0,0,0,0,1,39,151,251,2,6
0,0,0,1,0,0,0,0,0,0.635,0.4075,0,0,1,0,0,109,202,149,5,6
0,0,0,1,0,0,0,0,0,0.0175,0.9875,0,0,1,0,0,108,226,139,5,6
0,0,1,0,0,0,0,0,0,1,0,0,0,1,0,0,67,175,164,0,6
0,0,1,0,0,0,0,0,0,1,0,0,0,1,0,0,67,177,171,0,6
0,0,1,0,0,0,0,0,0,1,0,0,0,1,0,0,67,170,169,0,6
1,0,0,0,0,0,0,0,0,0.145,0.9025,0,0,1,0,0,3,204,106,3,6
1,0,0,0,0,0,0,0,0,0.385,0.7225,0,0,0,0,1,5,202,255,4,6
0,0,0,1,0,0,0,1,0,0,0,0,0,0,0,1,111,36,255,1,6
1,0,0,0,0,0,0,0,0,0.955,0.065,0,0,0.625,0.455,0,4,194,178,4,6
0,1,0,0,0,0,0,0,0,1,0,0,0,1,0,0,41,143,157,2,6
1,0,0,0,0,0,0,0,0,0.395,0.71,0,0,0.0125,0.9925,0,4,203,188,4,6
0.9775,0,0,0,0,0.0225,0,0,0,1,0,0,0.005,1,0,0,5,179,65,3,6
1,0,0,0,0,0,0,0,0,0.9575,0.05,0,0.0075,1,0,0,4,190,64,3,6
1,0,0,0,0,0,0,0,0,0.6275,0.54,0,0,0,1,0,4,200,194,4,6
0,0,0,1,0,0,0,0,0,0.445,0.63,0,0,1,0,0,108,201,99,5,6
0,1,0,0,0,0,0,0,0,1,0,0,0,1,0,0,41,143,162,2,6
0,0,0,1,0,0,0,1,0,0,0,0,0,1,0,0,107,44,164,1,6
0,1,0,0,0,0,0,0,0,1,0,0,0,0,0,1,39,138,240,2,6
1,0,0,0,0,0,0,0,0,0.9975,0.0025,0,0,1,0,0,4,168,103,3,6
1,0,0,0,0,0,0,0,0,0.3975,0.65,0,0,1,0,0,4,198,96,3,6
0,0,0,1,0,0,0,1,0,0,0,0,0,0,0,1,110,40,246,1,6
0,1,0,0,0,0,0,0,0,1,0,0,0,0,0,1,39,153,245,2,6
0,0,0,1,0,0,0,0,0,0.0075,0.9975,0,0,1,0,0,108,215,149,5,6
1,0,0,0,0,0,0,0,0,0.5,0.5925,0,0,0,0,1,4,203,255,4,6
0,0,0,1,0,0,0,1,0,0,0,0,0,0,0,1,110,39,244,1,6
0,0,0,1,0,0,0,0,0,0,1,0,0,1,0,0,108,222,143,5,6
0.97,0,0,0,0.01,0.025,0,0,0,0.975,0.035,0,0.015,1,0,0,4,177,67,3,7
0,0,1,0,0,0,0,0,0,1,0,0,0,1,0,0,69,175,109,0,7
0,0,0,1,0,0,0,0.6975,0.3525,0,0,0,0,0.2925,0.7675,0,110,59,183,1,7
0.8625,0,0,0,0.02,0.13,0,0,0,1,0,0,0,1,0,0,4,165,71,3,7
0,0,0,1,0,0,0,0,0,0.0175,0.995,0,0,1,0,0,108,214,107,5,7
0,1,0,0,0,0,0,0,0,1,0,0,0,0.9375,0.14,0,41,147,177,2,7
0,0,0,1,0,0,0,0,0,0.565,0.5125,0,0,1,0,0,108,204,110,5,7
1,0,0,0,0,0,0,0,0,0.8225,0.2425,0,0,0,0.7575,0.2825,4,193,205,4,7
1,0,0,0,0,0,0,0,0,0.945,0.1,0,0,0,0.8475,0.205,4,196,207,4,7
0,0,0,1,0,0,0,0,0,1,0,0,0,0.5275,0.55,0,109,176,180,5,7
1,0,0,0,0,0,0,0,0,1,0,0,0,0,0,1,5,186,255,4,7
0,0,1,0,0,0,0,0,0,1,0,0,0,1,0,0,66,166,160,0,7
0,0,1,0,0,0,0,0,0,1,0,0,0,1,0,0,67,176,174,0,7
1,0,0,0,0,0,0,0,0,0.8825,0.1775,0,0,0,0,1,5,197,255,4,7
0.9975,0,0,0,0,0.0025,0,0,0,0.6075,0.4425,0,0,1,0,0,4,194,109,3,7
0,1,0,0,0,0,0,0,0,1,0,0,0,0,0,1,39,166,255,2,7
0,0,1,0,0,0,0,0,0,1,0,0,0,0.9825,0.0275,0,67,185,176,0,7
0,0,1,0,0,0,0,0,0,1,0,0,0,1,0,0,67,182,168,0,7
0,1,0,0,0,0,0,0,0,1,0,0,0,1,0,0,41,141,157,2,7
0.97,0,0,0,0,0.03,0,0,0,0.51,0.545,0,0.1825,0.925,0,0,4,202,62,3,7
1,0,0,0,0,0,0,0,0,0.1775,0.8475,0,0.28,0.8525,0,0,4,206,62,3,7
0,0,0,1,0,0,0,0.98,0.0375,0,0,0,0,0.9975,0.0025,0,109,51,169,1,7
0,0,0,1,0,0,0,0.99,0.0125,0,0,0,0,1,0.0025,0,107,50,170,1,7
0,0,0,1,0,0,0,0,0,0,1,0,0,1,0,0,107,220,97,5,7
1,0,0,0,0,0,0,0,0,1,0.005,0,0,0.0175,0.955,0.045,3,191,188,4,7
0,0,0,1,0,0,0,0,0,0.0175,0.99,0,0,1,0,0,107,213,100,5,7
0,1,0,0,0,0,0,0,0,1,0,0,0,1,0,0,41,144,166,2,7
0,0,0,1,0,0,0,1,0,0,0,0,0,0,0,1,114,36,238,1,7
1,0,0,0,0,0,0,0,0,0.9275,0.11,0,0,0,0,1,4,194,255,4,7
0,0,1,0,0,0,0,0,0,1,0,0,0,1,0,0,66,176,151,0,7
0,1,0,0,0,0,0,0,0,1,0,0,0,0,0,1,39,157,244,2,7
0,0,1,0,0,0,0,0,0,1,0,0,0,1,0,0,67,171,165,0,7
0,0,0,1,0,0,0,1,0,0,0,0,0,0,0,1,112,34,252,1,7
1,0,0,0,0,0,0,0,0,0.26,0.8225,0,0,0,0,1,4,202,255,4,7
0,0,0,1,0,0,0,0,0,0,1,0,0,1,0,0,108,221,148,5,7
1,0,0,0,0,0,0,0,0,0.5475,0.565,0,0,0,0,1,4,198,255,4,7
0,0,0,1,0,0,0,0,0,0.01,0.9925,0,0,1,0,0,106,212,89,5,7
0,1,0,0,0,0,0,0,0,1,0,0,0,1,0,0,39,148,159,2,7
0,0,0,1,0,0,0,0.9975,0.005,0,0,0,0,1,0,0,112,41,163,1,7
0,0,0,1,0,0,0,1,0,0,0,0,0,1,0,0,110,37,158,1,7
0.9825,0,0,0,0,0.0175,0,0,0,1,0.0025,0,0.005,1,0,0,4,183,67,3,7
1,0,0,0,0,0,0,0,0,0.5475,0.615,0,0,0,1,0,4,201,195,4,7
0,0,1,0,0,0,0,0,0,1,0,0,0,1,0,0,68,164,105,0,7
0,0,1,0,0,0,0,0,0,1,0,0,0,1,0,0,67,172,109,0,7
0.9975,0,0,0,0,0.0025,0,0,0,0.825,0.1875,0,0,1,0,0,4,190,66,3,7
1,0,0,0,0,0,0,0,0,1,0,0,0,1,0,0,3,153,111,3,7
0,1,0,0,0,0,0,0,0,1,0,0,0,0,0,1,38,150,240,2,7
0,0,0,1,0,0,0,0,0,0,1,0,0,1,0,0,107,226,131,5,7
0,0,0,1,0,0,0,1,0,0,0,0,0,0,0,1,107,29,233,1,7
0,1,0,0,0,0,0,0,0,1,0,0,0,0,0,1,39,153,252,2,7
1,0,0,0,0,0,0,0,0,0.7725,0.245,0,0,1,0,0,2,191,107,3,7
0,1,0,0,0,0,0,0,0,1,0,0,0,0,0,1,39,163,244,2,7
0,0,0,1,0,0,0,0,0,0,1,0,0,1,0,0,108,218,141,5,7
0,0,0,1,0,0,0,1,0,0,0,0,0,0,0,1,113,29,243,1,7
0,1,0,0,0,0,0,0,0,1,0,0,0,1,0,0,41,141,155,2,8
0,0,0,1,0,0,0,0,0,0,1,0,0,1,0,0,107,228,92,5,8
1,0,0,0,0,0,0,0,0,0.395,0.7775,0,0,0,1,0.0025,4,202,191,4,8
0,0,0,1,0,0,0,0,0,0.08,0.9425,0,0,1,0,0,107,203,96,5,8
1,0,0,0,0,0,0,0,0,0.6925,0.4825,0,0,0,1,0,4,200,197,4,8
0,0,0,1,0,0,0,0.9975,0.0025,0,0,0,0,1,0,0,107,44,168,1,8
0,0,1,0,0,0,0,0,0,1,0,0,0,1,0,0,70,168,106,0,8
0,0,1,0,0,0,0,0,0,1,0,0,0,1,0,0,68,175,108,0,8
0,0,0,1,0,0,0,1,0,0,0,0,0,1,0,0,108,46,165,1,8
0,0,0,1,0,0,0,1,0,0,0,0,0,0,0,1,109,35,242,1,8
0,0,0,1,0,0,0,1,0,0,0,0,0,0,0,1,110,33,233,1,8
0,0,0,1,0,0,0,0,0,0,1,0,0,1,0,0,108,228,133,5,8
0,0,1,0,0,0,0,0,0,1,0,0,0,1,0,0,67,175,161,0,8
0,0,1,0,0,0,0,0,0,1,0,0,0,1,0,0,67,177,163,0,8
1,0,0,0,0,0,0,0,0,0.4575,0.635,0,0,0,0,1,5,201,255,4,8
1,0,0,0,0,0,0,0,0,0.0725,0.9475,0,0,1,0,0,3,212,106,3,8
0,0,0,1,0,0,0,1,0,0,0,0,0,0,0,1,105,37,240,1,8
0,0,1,0,0,0,0,0,0,1,0,0,0,1,0,0,67,181,160,0,8
0,0,1,0,0,0,0,0,0,1,0,0,0,1,0,0,67,172,109,0,8
0,1,0,0,0,0,0,0,0,1,0,0,0,1,0,0,40,152,173,2,8
0,0,0,1,0,0,0,0.975,0.0325,0,0,0,0,0.5525,0.515,0,112,45,177,1,8
0.9625,0,0,0,0,0.0375,0,0,0,1,0,0,0,1,0,0,5,170,69,3,8
0,0,0,1,0,0,0,0.9925,0.0075,0,0,0,0,0.89,0.1725,0,109,43,174,1,8
0,0,0,1,0,0,0,0,0,0,1,0,0,1,0,0,108,218,102,5,8
0,0,0,1,0,0,0,0,0,0.41,0.645,0,0,1,0,0,107,198,103,5,8
1,0,0,0,0,0,0,0,0,0.9925,0.0125,0,0,1,0,0,4,182,70,3,8
0,1,0,0,0,0,0,0,0,1,0,0,0,0.3275,0.7725,0,40,152,181,2,8
0.9925,0,0,0,0,0.0075,0,0,0,1,0,0,0,1,0,0,2,147,127,3,8
0,1,0,0,0,0,0,0,0,1,0,0,0,0,0,1,38,157,255,2,8
0,0,0,1,0,0,0,0,0,0.0225,0.9825,0,0,1,0,0,108,215,147,5,8
1,0,0,0,0,0,0,0,0,0.88,0.195,0,0,0,0,1,5,198,255,4,8
1,0,0,0,0,0,0,0,0,0.3625,0.715,0,0,1,0,0,3,204,117,3,8
1,0,0,0,0,0,0,0,0,0.96,0.08,0,0,0,0,1,5,192,255,4,8
1,0,0,0,0,0,0,0,0,0.02,0.9875,0,0,1,0,0,3,212,110,3,8
0,0,1,0,0,0,0,0,0,1,0,0,0,0.995,0.0275,0,65,187,174,0,8
1,0,0,0,0,0,0,0,0,0.0025,1,0,0,1,0,0,3,215,114,3,8
1,0,0,0,0,0,0,0,0,0.795,0.26,0,0,0.49,0.5975,0,4,194,177,4,8
0,1,0,0,0,0,0,0,0,1,0,0,0,1,0,0,41,143,160,2,8
0,0,0,1,0,0,0,0.8725,0.16,0,0,0,0,0.9775,0.0575,0,109,54,168,1,8
0.955,0,0,0,0.01,0.04,0,0,0,0.9975,0.0025,0,0,1,0,0,5,174,68,3,8
0,0,0,1,0,0,0,0,0,0.0125,0.9925,0,0,1,0,0,107,216,98,5,8
0,1,0,0,0,0,0,0,0,1,0,0,0,1,0,0,41,144,167,2,8
0,0,0,1,0,0,0,0,0,0.26,0.795,0,0,1,0,0,108,201,99,5,8
1,0,0,0,0,0,0,0,0,0.9075,0.1725,0,0,0,1,0,4,198,193,4,8
1,0,0,0,0,0,0,0,0,0.7825,0.325,0,0,0,1,0,4,197,194,4,8
1,0,0,0,0,0,0,0,0,1,0,0,0,0,0,1,4,182,255,4,8
1,0,0,0,0,0,0,0,0,1,0,0,0,1,0,0,4,168,110,3,8
0,0,1,0,0,0,0,0,0,1,0,0,0,1,0,0,68,175,152,0,8
0,0,1,0,0,0,0,0,0,1,0,0,0,1,0,0,67,175,160,0,8
0,1,0,0,0,0,0,0,0,1,0,0,0,0,0,1,39,157,255,2,8
0,0,0,1,0,0,0,0,0,0.0025,1,0,0,1,0,0,108,214,154,5,8
0,1,0,0,0,0,0,0,0,1,0,0,0,0,0,1,40,167,254,2,8
0,0,0,1,0,0,0,1,0,0,0,0,0,0,0,1,108,43,254,1,8
0,1,0,0,0,0,0,0,0,1,0,0,0,0,0,1,39,163,254,2,8
0,1,0,0,0,0,0,0,0,1,0,0,0,0,0,1,39,154,250,2,9
0,0,0,1,0,0,0,1,0,0,0,0,0,0,0,1,109,42,255,1,9
0,1,0,0,0,0,0,0,0,1,0,0,0,0,0,1,39,162,255,2,9
0,0,0,1,0,0,0,0,0,0,1,0,0,1,0,0,110,224,165,5,9
0,1,0,0,0,0,0,0,0,1,0,0,0,0,0,1,39,152,255,2,9
0,0,1,0,0,0,0,0,0,1,0,0,0,1,0,0,68,181,168,0,9
0,0,1,0,0,0,0,0,0,1,0,0,0,1,0,0,69,173,147,0,9
0.995,0,0,0,0,0.005,0,0,0,0.0825,0.9325,0,0,1,0,0,4,207,95,3,9
1,0,0,0,0,0,0,0,0,0.185,0.895,0,0,0,0,1,4,202,255,4,9
1,0,0,0,0,0,0,0,0,0.4575,0.665,0,0,0,1,0,3,202,197,4,9
1,0,0,0,0,0,0,0,0,0.75,0.32,0,0,0,0.935,0.075,3,198,198,4,9
0,0,0,1,0,0,0,0,0,0,1,0,0,1,0,0,109,214,106,5,9
0,1,0,0,0,0,0,0,0,1,0,0,0,1,0,0,41,148,171,2,9
0,0,0,1,0,0,0,0,0,0,1,0,0,1,0,0,108,221,107,5,9
0.9225,0,0,0,0,0.0775,0,0,0,0.995,0.005,0,0,1,0,0,3,165,68,3,9
0,0,0,1,0,0,0,0.155,0.8925,0,0,0,0,0.18,0.875,0,110,65,183,1,9
0,1,0,0,0,0,0,0,0,1,0,0,0,1,0,0,42,142,170,2,9
1,0,0,0,0,0,0,0,0,0.9825,0.0525,0,0,0,1,0,3,191,200,4,9
0,0,1,0,0,0,0,0,0,1,0,0,0,1,0,0,68,168,164,0,9
0,0,0,1,0,0,0,1,0,0,0,0,0,0,0,1,111,34,255,1,9
1,0,0,0,0,0,0,0,0,0,1,0,0,1,0,0,3,230,102,3,9
1,0,0,0,0,0,0,0,0,0.33,0.76,0,0,0,0,1,4,204,255,4,9
0,0,1,0,0,0,0,0,0,1,0,0,0,1,0,0,67,179,164,0,9
0,0,1,0,0,0,0,0,0,1,0,0,0,1,0,0,67,180,167,0,9
0,0,0,1,0,0,0,0,0,0,1,0,0,1,0,0,109,214,140,5,9
0,0,0,1,0,0,0,1,0,0,0,0,0,0,0,1,112,39,255,1,9
0,0,0,1,0,0,0,1,0,0,0,0,0,0,0,1,110,44,255,1,9
0,0,0,1,0,0,0,0.935,0.09,0,0,0,0,0.2475,0.7975,0,112,57,185,1,9
0,0,1,0,0,0,0,0,0,1,0,0,0.0025,0.9975,0,0,68,172,113,0,9
0,0,1,0,0,0,0,0,0,1,0,0,0,1,0,0,69,166,115,0,9
0,0,0,1,0,0,0,0.855,0.1825,0,0,0,0,0.535,0.5325,0,110,52,181,1,9
1,0,0,0,0,0,0,0,0,0.6475,0.465,0,0,0.0025,0.525,0.57,3,198,212,4,9
0,0,0,1,0,0,0,0,0,0.1725,0.8725,0,0.005,0.995,0,0,108,210,107,5,9
1,0,0,0,0,0,0,0,0,0.4775,0.635,0,0,0,0.7825,0.235,3,199,201,4,9
0,0,0,1,0,0,0,0,0,0.015,0.9925,0,0,1,0,0,108,213,104,5,9
0,1,0,0,0,0,0,0,0,1,0,0,0,1,0,0,41,139,176,2,9
1,0,0,0,0,0,0,0,0,0.185,0.82,0,0,1,0,0,4,223,96,3,9
0,0,1,0,0,0,0,0,0,0.9975,0.0025,0,0,1,0,0,66,186,168,0,9
1,0,0,0,0,0,0,0,0,0,1,0,0,1,0,0,3,240,100,3,9
1,0,0,0,0,0,0,0,0,0.225,0.83,0,0,0,0,1,4,202,255,4,9
0.9975,0,0,0,0,0.0025,0,0,0,0.1325,0.9025,0,0,1,0,0,3,204,105,3,9
1,0,0,0,0,0,0,0,0,0.6225,0.4825,0,0,0,0,1,5,200,255,4,9
0,0,0,1,0,0,0,0,0,0,1,0,0,1,0,0,109,216,145,5,9
0,1,0,0,0,0,0,0,0,1,0,0,0,0,0,1,39,154,253,2,9
1,0,0,0,0,0,0,0,0,0.4375,0.62,0,0,1,0,0,4,202,97,3,9
0,1,0,0,0,0,0,0,0,1,0,0,0,0.5275,0.6075,0,41,151,181,2,9
0.935,0,0,0,0,0.065,0,0,0,0.97,0.03,0,0,1,0,0,4,188,68,3,9
0,0,0,1,0,0,0,0,0,0.1875,0.855,0,0,1,0,0,109,204,110,5,9
0,0,0,1,0,0,0,0,0,0,1,0,0,1,0,0,108,226,105,5,9
0,0,0,1,0,0,0,0.71,0.3675,0,0,0,0,0.095,0.925,0,110,57,187,1,9
0.9275,0,0,0,0,0.0725,0,0,0,1,0,0,0,1,0,0,4,174,69,3,9
0,0,0,1,0,0,0,0.4375,0.6275,0,0,0,0,0.18,0.865,0,110,57,186,1,9
0,1,0,0,0,0,0,0,0,1,0,0,0,0.875,0.2175,0,42,152,177,2,9
0,0,1,0,0,0,0,0,0,1,0,0,0,1,0,0,69,166,113,0,9
0,0,0,1,0,0,0,1,0,0,0,0,0,0,0,1,101,28,255,1,10
0,0,1,0,0,0,0,0,0,0.9525,0.07,0,0,1,0,0,65,192,172,0,10
0,0,1,0,0,0,0,0,0,0.8125,0.255,0,0,1,0,0,67,197,164,0,10
0,0,0,1,0,0,0,0,0,0,1,0,0,1,0,0,108,228,143,5,10
0,0,0,1,0,0,0,0,0,0,1,0,0,1,0,0,108,226,145,5,10
1,0,0,0,0,0,0,0,0,0.055,0.9675,0,0,0,0,1,5,205,255,4,10
0,0,0,1,0,0,0,0,0,0,1,0,0,1,0,0,108,221,139,5,10
0,0,0,1,0,0,0,0,0,0,1,0,0,1,0,0,108,213,132,5,10
0.9975,0,0,0,0,0.0025,0,0,0,0.3625,0.6975,0,0,1,0,0,4,205,96,3,10
0,0,0.0175,0.985,0,0,0,1,0,0,0,0,0,1,0,0,101,40,135,1,10
1,0,0,0,0,0,0,0,0,0.4475,0.61,0,1,0,0,0,6,204,50,3,10
0,0,1,0,0,0,0,0,0,1,0,0,0,1,0,0,67,173,84,0,10
0,0,0.0025,0.9975,0,0,0,1,0,0,0,0,0,1,0,0,101,41,132,1,10
0,1,0,0,0,0,0,0,0,1,0,0,0,1,0,0,40,143,137,2,10
0,1,0,0,0,0,0,0,0,1,0,0,0,1,0,0,40,143,137,2,10
0,0,0,1,0,0,0,0,0,0,1,0,0.1,0.9425,0,0,106,243,64,5,10
0,0.0025,0.1325,0.8825,0,0,0,0.9975,0.0025,0,0,0,0,1,0,0,90,26,121,1,10
0,0.0025,0.0875,0.9275,0,0,0,1,0,0,0,0,0,1,0,0,101,19,120,1,10
0,0,0,1,0,0,0,0,0,0.0125,0.995,0,0,1,0,0,109,211,154,5,10
1,0,0,0,0,0,0,0,0,0.36,0.7675,0,0,0,0,1,5,200,255,4,10
0,1,0,0,0,0,0,0,0,1,0,0,0,0,0,1,38,173,255,2,10
1,0,0,0,0,0,0,0,0,0.14,0.9375,0,0,0,0.005,0.995,5,204,255,4,10
0,0,0,1,0,0,0,1,0,0,0,0,0,0,0,1,103,29,255,1,10
0,0,0,1,0,0,0,0,0,0,1,0,0,1,0,0,108,220,147,5,10
1,0,0,0,0,0,0,0,0,0.135,0.91,0,0,1,0,0,4,216,98,3,10
0,1,0,0,0,0,0,0,0,1,0,0,0,0,0,1,39,163,245,2,10
1,0,0,0,0,0,0,0,0,0.25,0.7775,0,0,1,0,0,4,207,95,3,10
1,0,0,0,0,0,0,0,0,0.3375,0.74,0,0,1,0,0,4,202,160,4,10
0,0,0.02,0.9925,0,0,0,1,0,0,0,0,0,1,0,0,104,41,136,1,10
0,1,0,0,0,0,0,0,0,1,0,0,0,1,0,0,41,154,136,2,10
1,0,0,0,0,0,0,0,0,0.14,0.87,0,1,0,0,0,6,219,49,3,10
0.9975,0,0,0,0,0.0025,0,0,0,0.915,0.105,0,1,0,0,0,6,194,49,3,10
1,0,0,0,0,0,0,0,0,0.9275,0.085,0,1,0,0,0,8,172,50,3,10
0,0,1,0,0,0,0,0,0,1,0,0,0,1,0,0,67,180,78,0,10
0,0,1,0,0,0,0,0,0,1,0,0,0,1,0,0,68,175,80,0,10
0,0,0,1,0,0,0,0,0,0.71,0.3375,0,0,1,0,0,107,196,70,5,10
0.9925,0,0,0,0,0.0075,0,0,0,0.635,0.415,0,0,1,0,0,3,199,110,3,10
0,1,0,0,0,0,0,0,0,1,0,0,0,0,0,1,38,167,255,2,10
0,0,1,0,0,0,0,0,0,0.9925,0.015,0,0,1,0,0,67,190,159,0,10
1,0,0,0,0,0,0,0,0,0.0025,1,0,0,1,0,0,4,218,100,3,10
1,0,0,0,0,0,0,0,0,0.0275,0.9875,0,0,0,0,1,5,210,255,4,10
0,0,0,1,0,0,0,1,0,0,0,0,0,0,0,1,103,31,242,1,10
1,0,0,0,0,0,0,0,0,0.09,0.9625,0,0,0,0,1,4,204,255,4,10
0,1,0,0,0,0,0,0,0,1,0,0,0,0,0,1,39,164,237,2,10
0,1,0,0,0,0,0,0,0,1,0,0,0,0,0,1,39,165,228,2,10
0,1,0,0,0,0,0,0,0,1,0,0,0,1,0,0,41,150,135,2,10
0,0,0,1,0,0,0,0,0,0.0025,0.9975,0,0,1,0,0,106,219,71,5,10
0,0,0.0425,0.9725,0,0,0,1,0,0,0,0,0,1,0,0,109,38,124,1,10
0,0,1,0,0,0,0,0,0,1,0,0,0,1,0,0,68,183,82,0,10
0,0,1,0,0,0,0,0,0,1,0,0,0,1,0,0,68,171,82,0,10
1,0,0,0,0,0,0,0,0,0.5875,0.4975,0,0,1,0.0025,0,3,197,163,4,10
1,0,0,0,0,0,0,0,0,0.06,0.985,0,0,1,0,0,4,204,146,4,10
0,0,1,0,0,0,0,0,0,1,0,0,0,1,0,0,67,170,78,0,10
1,0,0,0,0,0,0,0,0,0.965,0.06,0,0,1,0,0,5,191,135,4,10
1,0,0,0,0,0,0,0,0,1,0,0,0,0,0.0625,0.945,5,157,226,4,11
0,1,0,0,0,0,0,0,0,1,0,0,0,0.125,0.8775,0,37,119,204,2,11
0,1,0,0,0,0,0,0,0,1,0,0,0,0,1,0,36,122,201,2,11
0,0,0,1,0,0,0,0,0,1,0,0,0,1,0,0,104,158,161,5,11
0,0,0,1,0,0,0,0,0,1,0,0,0,1,0,0,104,167,161,5,11
0,0,0,1,0,0,0,0,0,0.9825,0.0225,0,0,1,0,0,104,188,156,5,11
0,0,0,1,0,0,0,0,0,0.6625,0.37,0,0,1,0,0,103,202,149,5,11
0,0,0,1,0,0,0,0,0,0.8025,0.2125,0,0,1,0,0,103,169,157,5,11
0,0,0,1,0,0,0,0,0,1,0,0,0,1,0,0,104,171,159,5,11
0,0,1,0,0,0,0,0,0,1,0,0,0,1,0,0,68,149,168,0,11
0,0,1,0,0,0,0,0,0,1,0,0,0,1,0,0,66,146,169,0,11
0,0,1,0,0,0,0,0,0,1,0,0,0,1,0,0,67,140,167,0,11
1,0,0,0,0,0,0,0,0,1,0,0,0,0,0,1,5,182,254,4,11
0,1,0,0,0,0,0,0,0,1,0,0,0,0,0,1,37,134,223,2,11
0,1,0,0,0,0,0,0,0,1,0,0,0,0,0,1,37,129,219,2,11
1,0,0,0,0,0,0,0,0,1,0,0,0,0,0,1,5,181,255,4,11
0,1,0,0,0,0,0,0,0,1,0,0,0,0,0,1,37,134,224,2,11
0,1,0,0,0,0,0,0,0,1,0,0,0,0,0,1,37,129,219,2,11
0,0,0,1,0,0,0,0,0,1,0,0,0,0.1375,0.93,0,104,186,182,5,11
0.8375,0,0,0,0,0.1625,0,0,0,1,0,0,0,1,0,0,0,114,157,3,11
0.7475,0,0,0,0,0.2525,0,0,0,1,0,0,0,1,0,0,0,118,159,3,11
0,0,0,1,0,0,0,0,0,0.0975,0.9175,0,0,0.53,0.7225,0,103,211,180,5,11
0,0,0.0975,0.9125,0,0,0,1,0,0,0,0,0,0.0075,0.0675,0.925,96,6,214,1,11
0,0,0.0625,0.945,0,0,0,1,0,0,0,0,0,0,0,1,96,6,218,1,11
0,0,0,1,0,0,0,0,0,1,0,0,0,0,1,0,103,193,185,5,11
0.0025,0,0.1425,0.855,0,0,0,1,0,0,0,0,0,0.0275,0.11,0.8675,96,6,215,1,11
0,0,0.1175,0.885,0,0,0,1,0,0,0,0,0,0,0,1,96,6,219,1,11
0,1,0,0,0,0,0,0,0,1,0,0,0,0,0,1,36,129,233,2,11
0,1,0,0,0,0,0,0,0,1,0,0,0,0,0,1,37,128,237,2,11
0,1,0,0,0,0,0,0,0,1,0,0,0,0,0,1,37,128,236,2,11
1,0,0,0,0,0,0,0,0,1,0,0,0,1,0,0,3,185,151,3,11
1,0,0,0,0,0,0,0,0,1,0,0,0,1,0,0,3,188,155,3,11
1,0,0,0,0,0,0,0,0,1,0,0,0,1,0,0,3,188,154,3,11
1,0,0,0,0,0,0,0,0,1,0,0,0,1,0,0,3,193,153,3,11
1,0,0,0,0,0,0,0,0,1,0,0,0,1,0,0,3,192,155,3,11
1,0,0,0,0,0,0,0,0,1,0,0,0,1,0,0,3,182,154,3,11
0.055,0.06,0.075,0.8625,0,0,0,1,0,0,0,0,0,0.2525,0.1,0.6475,103,9,219,1,11
0,0.0025,0.01,0.9925,0,0,0,1,0,0,0,0,0,0.0225,0.09,0.895,109,9,221,1,11
0,0,0.03,0.9725,0,0,0,1,0,0,0,0,0,0.05,0.23,0.8425,103,10,213,1,11
1,0,0,0,0,0,0,0,0,1,0,0,0,0.04,0.065,0.8975,6,175,255,4,11
1,0,0,0,0,0,0,0,0,1,0,0,0,0,0.03,0.9725,6,172,255,4,11
1,0,0,0,0,0,0,0,0,1,0,0,0,0,0.005,0.995,6,164,255,4,11
1,0,0,0,0,0,0,0,0,1,0,0,0,0,0,1,5,171,255,4,11
1,0,0,0,0,0,0,0,0,1,0,0,0,0,0,1,6,179,255,4,11
1,0,0,0,0,0,0,0,0,1,0,0,0,0,0,1,6,174,255,4,11
1,0,0,0,0,0,0,0,0,1,0,0,0,1,0,0,3,187,154,3,11
0,0,1,0,0,0,0,0,0,1,0,0,0,0,1,0,66,140,186,0,11
0,0,1,0,0,0,0,0,0,1,0,0,0,0,1,0,66,138,186,0,11
0,0,0,1,0,0,0,1,0,0,0,0,0,0,0,1,106,16,234,1,11
0,0,1,0,0,0,0,0,0,1,0,0,0,0,1,0,66,142,190,0,11
0,0,1,0,0,0,0,0,0,1,0,0,0,0,1,0,66,140,190,0,11
0,0,0,1,0,0,0,1,0,0,0,0,0,0,0,1,106,16,235,1,11
0,0,1,0,0,0,0,0,0,1,0,0,0,0,1,0,66,146,191,0,11
0,0,1,0,0,0,0,0,0,1,0,0,0,0,1,0,66,140,191,0,11
0.8925,0,0,0,0,0.1075,0,0,0,1,0,0,0,1,0,0,0,105,162,3,12
1,0,0,0,0,0,0,0,0,1,0,0,0,0,0,1,5,141,255,4,12
1,0,0,0,0,0,0,0,0,1,0,0,0,0,0,1,6,145,255,4,12
0,0,0,1,0,0,0,0,0,1,0,0,0,0,1,0,103,191,190,5,12
0,0,0.0025,0.9975,0,0,0,1,0,0,0,0,0,0,0,1,103,10,225,1,12
1,0,0,0,0,0,0,0,0,1,0,0,0,1,0,0,2,165,159,3,12
0,0,0.005,0.995,0,0,0,1,0,0,0,0,0,0,0,1,103,16,225,1,12
0,0,1,0,0,0,0,0,0,1,0,0,0,0,1,0,66,137,195,0,12
0,0,0,1,0,0,0,1,0,0,0,0,0,0,0,1,103,9,228,1,12
0,1,0,0,0,0,0,0,0,1,0,0,0,0,0,1,38,131,252,2,12
1,0,0,0,0,0,0,0,0,1,0,0,0,1,0,0,3,173,156,3,12
0,1,0,0,0,0,0,0,0,1,0,0,0,0,0,1,37,125,242,2,12
0,0,0,1,0,0,0,0,0,0.2925,0.875,0,0,0,0.145,0.9625,104,202,211,5,12
1,0,0,0,0,0,0,0,0,1,0,0,0,1,0,0,3,183,161,3,12
0,1,0,0,0,0,0,0,0,1,0,0,0,0,0,1,37,131,247,2,12
0,0,0,1,0,0,0,0,0,0.005,0.995,0,0,0,0.0125,1,104,207,213,5,12
1,0,0,0,0,0,0,0,0,1,0,0,0,1,0,0,3,182,160,3,12
0,1,0,0,0,0,0,0,0,1,0,0,0,0,0,1,38,130,248,2,12
0,0,1,0,0,0,0,0,0,1,0,0,0,0.45,0.695,0,65,132,180,0,12
1,0,0,0,0,0,0,0,0,1,0,0,0,0,0,1,5,169,255,4,12
1,0,0,0,0,0,0,0,0,1,0,0,0,0,0,1,6,175,255,4,12
0,0,0.065,0.955,0,0,0,1,0,0,0,0,0,0,0.065,0.9375,90,7,218,1,12
1,0,0,0,0,0,0,0,0,1,0,0,0,0,0,1,6,166,255,4,12
0,0,1,0,0,0,0,0,0,1,0,0,0,0,1,0,66,135,195,0,12
0,0.005,0.165,0.84,0,0,0,1,0,0,0,0,0,0,0,1,90,11,217,1,12
1,0,0,0,0,0,0,0,0,1,0,0,0,0,0,1,6,168,255,4,12
0,0,1,0,0,0,0,0,0,1,0,0,0,0,1,0,66,138,192,0,12
0,0,1,0,0,0,0,0,0,1,0,0,0,0,1,0,66,142,198,0,12
0,1,0,0,0,0,0,0,0,1,0,0,0,0,0,1,37,130,243,2,12
1,0,0,0,0,0,0,0,0,1,0,0,0,1,0,0,3,180,150,3,12
1,0,0,0,0,0,0,0,0,1,0,0,0,1,0,0,3,190,160,3,12
0,0,1,0,0,0,0,0,0,1,0,0,0,0,1,0,66,142,198,0,12
0,1,0,0,0,0,0,0,0,1,0,0,0,0,0,1,37,132,245,2,12
1,0,0,0,0,0,0,0,0,1,0.0025,0,0,1,0,0,3,190,161,3,12
0,0,0,1,0,0,0,1,0,0,0,0,0,0,0,1,108,18,239,1,12
1,0,0,0,0,0,0,0,0,1,0,0,0,0,0,1,6,162,255,4,12
0,0,0.0075,0.9925,0,0,0,1,0,0,0,0,0,0,0,1,103,11,218,1,12
0,0,0,1,0,0,0,0,0,0.9875,0.015,0,0,0.0675,0.97,0,105,155,188,5,12
0,0,0,1,0,0,0,0,0,0.3875,0.6425,0,0,0.1425,0.9525,0,103,206,182,5,12
0,0,1,0,0,0,0,0,0,1,0,0,0,0,1,0,66,141,185,0,12
0,0,0,1,0,0,0,0,0,0.9975,0.0125,0,0,0.0825,0.9775,0,103,191,182,5,12
0,0,0,1,0,0,0,1,0,0,0,0,0,0,0,1,103,9,222,1,12
0,0,1,0,0,0,0,0,0,1,0,0,0,0.3025,0.8875,0,66,152,181,0,12
0,0,0.0225,0.9775,0,0,0,1,0,0,0,0,0,0,0,1,96,6,216,1,12
1,0,0,0,0,0,0,0,0,1,0,0,0,1,0,0,2,172,151,3,12
1,0,0,0,0,0,0,0,0,1,0,0,0,0,0,1,6,167,255,4,12
0,1,0,0,0,0,0,0,0,1,0,0,0,0,0,1,37,126,240,2,12
0,1,0,0,0,0,0,0,0,1,0,0,0,0,0,1,37,126,239,2,12
0,0,1,0,0,0,0,0,0,1,0,0,0,0,1,0,66,143,192,0,12
0,1,0,0,0,0,0,0,0,1,0,0,0,0,0,1,37,130,242,2,12
1,0,0,0,0,0,0,0,0,1,0,0,0,0,0,1,5,164,255,4,12
0,0,0,1,0,0,0,0,0,0.0275,0.985,0,0,0,1,0,104,204,195,5,12
0,0,0,1,0,0,0,0,0,0.4125,0.755,0,0,0,1,0,104,201,197,5,12
0,0,0,1,0,0,0,0,0,0.91,0.1475,0,0,0,1,0,104,195,197,5,12
1,0,0,0,0,0,0,0,0,1,0,0,0,0,0,1,5,160,255,4,13
1,0,0,0,0,0,0,0,0,1,0,0,0,0,0.0375,0.9675,5,167,255,4,13
0,0,0,1,0,0,0,0,0,0.1125,0.9125,0,0,0,1,0,104,208,186,5,13
0,0,0,1,0,0,0,1,0,0,0,0,0,0,0,1,111,17,229,1,13
0,1,0,0,0,0,0,0,0,1,0,0,0,0,0,1,37,125,240,2,13
0.885,0,0,0,0,0.115,0,0,0,1,0,0,0,1,0,0,1,135,162,3,13
1,0,0,0,0,0,0,0,0,1,0,0,0,1,0,0,2,155,155,3,13
1,0,0,0,0,0,0,0,0,1,0,0,0,0,0,1,6,159,255,4,13
0,1,0,0,0,0,0,0,0,1,0,0,0,0,0,1,36,127,241,2,13
0,1,0,0,0,0,0,0,0,1,0,0,0,0,0,1,37,126,248,2,13
1,0,0,0,0,0,0,0,0,1,0,0,0,1,0,0,2,173,153,3,13
0,0,1,0,0,0,0,0,0,1,0,0,0,0,1,0,66,135,195,0,13
0,0,0,1,0,0,0,0,0,0.305,0.865,0,0,0,0.9075,0.4025,105,201,210,5,13
0,0,1,0,0,0,0,0,0,1,0,0,0,0,1,0,66,140,197,0,13
0,1,0,0,0,0,0,0,0,1,0,0,0,0,0,1,37,128,244,2,13
1,0,0,0,0,0,0,0,0,1,0,0,0,0,0,1,6,162,255,4,13
0,1,0,0,0,0,0,0,0,1,0,0,0,0,0.05,0.95,37,131,246,2,13
1,0,0,0,0,0,0,0,0,1,0,0,0,1,0,0,2,172,157,3,13
0,0,0,1,0,0,0,0,0,1,0,0,0,0.1675,0.8725,0,104,183,183,5,13
0,0,1,0,0,0,0,0,0,1,0,0,0,0.5225,0.69,0,66,145,180,0,13
0,0,1,0,0,0,0,0,0,1,0,0,0,0.1425,0.9675,0,66,144,181,0,13
0,0,0,1,0,0,0,0,0,1,0,0,0,0.055,0.96,0,103,194,184,5,13
0,0,0,1,0,0,0,0,0,1,0,0,0,0,1,0,103,185,187,5,13
0,1,0,0,0,0,0,0,0,1,0,0,0,0,0,1,36,123,237,2,13
0,0,0.0425,0.965,0,0,0,1,0,0,0,0,0,0,0,1,103,9,217,1,13
0,0,1,0,0,0,0,0,0,1,0,0,0,0.045,0.97,0,66,141,186,0,13
0,0,0,1,0,0,0,0,0,1,0,0,0,0,1,0,103,191,186,5,13
0,1,0,0,0,0,0,0,0,1,0,0,0,0,0,1,37,126,241,2,13
0,0,0,1,0,0,0,1,0,0,0,0,0,0,0,1,116,18,233,1,13
0,0,1,0,0,0,0,0,0,1,0,0,0,0,1,0,66,138,190,0,13
0,0,0,1,0,0,0,0,0,0.3075,0.84,0,0,0,1,0,104,201,198,5,13
1,0,0,0,0,0,0,0,0,1,0,0,0,1,0,0,3,186,157,3,13
1,0,0,0,0,0,0,0,0,1,0,0,0,1,0,0,3,184,155,3,13
0,1,0,0,0,0,0,0,0,1,0,0,0,0,0,1,37,134,247,2,13
0,0,0,1,0,0,0,1,0,0,0,0,0,0,0,1,113,17,237,1,13
0,0,0,1,0,0,0,0,0,0.6775,0.5,0,0,0,1,0,104,200,199,5,13
0,0,0.0125,0.9875,0,0,0,1,0,0,0,0,0,0,0,1,103,9,218,1,13
0,0,0,1,0,0,0,1,0,0,0,0,0,0,0,1,103,11,217,1,13
0,0,1,0,0,0,0,0,0,1,0,0,0,0.03,0.9975,0,66,144,182,0,13
0,1,0,0,0,0,0,0,0,1,0,0,0,0,0,1,37,130,232,2,13
1,0,0,0,0,0,0,0,0,1,0,0,0,0,0,1,6,167,255,4,13
1,0,0,0,0,0,0,0,0,1,0,0,0,0,0,1,6,163,255,4,13
1,0,0,0,0,0,0,0,0,1,0,0,0,0,0,1,6,176,255,4,13
0,0,1,0,0,0,0,0,0,1,0,0,0,0,1,0,66,143,186,0,13
1,0,0,0,0,0,0,0,0,1,0,0,0,0,0,1,6,166,255,4,13
1,0,0,0,0,0,0,0,0,1,0,0,0,1,0,0,3,192,154,3,13
1,0,0,0,0,0,0,0,0,1,0,0,0,0,0,1,6,165,255,4,13
1,0,0,0,0,0,0,0,0,1,0,0,0,1,0,0,3,181,152,3,13
0,0,0,1,0,0,0,0,0,0.4925,0.615,0,0,0,1,0,104,202,197,5,13
0,0,0,1,0,0,0,1,0,0,0,0,0,0,0,1,111,16,233,1,13
1,0,0,0,0,0,0,0,0,1,0,0,0,1,0,0,3,180,154,3,13
0,0,0,1,0,0,0,1,0,0,0,0,0,0,0,1,106,16,234,1,13
0,0,1,0,0,0,0,0,0,1,0,0,0,0,1,0,66,146,197,0,13
0,0,0,1,0,0,0,1,0,0,0,0,0,0,0,1,113,20,234,1,13
0.995,0,0,0,0,0.005,0,0,0,1,0,0,0,1,0,0,2,173,158,3,14
1,0,0,0,0,0,0,0,0,1,0,0,0,0,0,1,6,166,255,4,14
0.5275,0,0,0,0,0.4725,0,0,0,1,0,0,0,1,0,0,0,119,167,3,14
0,0,0,1,0,0,0,1,0,0,0,0,0,0,0,1,103,9,229,1,14
0,0,1,0,0,0,0,0,0,1,0,0,0,0,1,0,66,133,196,0,14
0,0,1,0,0,0,0,0,0,1,0,0,0,0.02,0.9825,0,67,138,203,0,14
0,1,0,0,0,0,0,0,0,1,0,0,0,0,0,1,37,132,242,2,14
0,0,0,1,0,0,0,0,0,1,0,0,0,0.09,0.9125,0,103,187,192,5,14
0.025,0.075,0.03,0.9,0,0,0,1,0,0,0,0,0,0.1,0.04,0.8675,103,10,237,1,14
0,0,0,1,0,0,0,0,0,0.61,0.57,0,0,0,1,0,104,201,204,5,14
0,0,0,1,0,0,0,0,0,1,0.0025,0,0,0,1,0,104,192,203,5,14
0,1,0,0,0,0,0,0,0,1,0,0,0,0,0,1,37,126,251,2,14
1,0,0,0,0,0,0,0,0,1,0,0,0,1,0,0,3,187,166,3,14
1,0,0,0,0,0,0,0,0,1,0,0,0,1,0,0,3,180,166,3,14
0,0,0,1,0,0,0,1,0,0,0,0,0,0,0,1,111,21,247,1,14
0,0,1,0,0,0,0,0,0,1,0,0,0,0,1,0.0075,67,147,206,0,14
1,0,0,0,0,0,0,0,0,1,0,0,0,1,0,0,3,182,164,3,14
0,0,1,0,0,0,0,0,0,1,0,0,0,0,1,0.0075,67,145,207,0,14
0,0,1,0,0,0,0,0,0,1,0,0,0,0.8025,0.4225,0,65,130,180,0,14
0.995,0,0,0,0,0.005,0,0,0,0.9475,0.06,0,0,1,0,0,1,181,137,3,14
1,0,0,0,0,0,0,0,0,1,0,0,0,0,0,1,5,175,255,4,14
0,0,0,1,0,0,0,0,0,0.9925,0.01,0,0,0.98,0.0975,0,104,197,177,5,14
1,0,0,0,0,0,0,0,0,1,0,0,0,0,0,1,6,172,255,4,14
0,1,0,0,0,0,0,0,0,1,0,0,0,0,0,1,36,119,232,2,14
1,0,0,0,0,0,0,0,0,0.83,0.215,0,0,1,0,0,3,192,143,3,14
0,0,0.135,0.88,0,0,0,1,0,0,0,0,0,0,0.025,0.99,96,7,214,1,14
0,0,0.135,0.885,0,0,0,1,0,0,0,0,0,0,0,1,96,6,214,1,14
0,0,0,1,0,0,0,0,0,0.8875,0.1975,0,0,0,1,0,104,193,187,5,14
1,0,0,0,0,0,0,0,0,1,0,0,0,0,0,1,6,169,255,4,14
1,0,0,0,0,0,0,0,0,1,0,0,0,0,0,1,5,165,255,4,14
1,0,0,0,0,0,0,0,0,1,0,0,0,0,0,1,6,170,255,4,14
0,1,0,0,0,0,0,0,0,1,0,0,0,0,0,1,37,130,237,2,14
0,1,0,0,0,0,0,0,0,1,0,0,0,0,0,1,37,129,242,2,14
1,0,0,0,0,0,0,0,0,1,0,0,0,0,0,1,6,170,255,4,14
0,0,0,1,0,0,0,1,0,0,0,0,0,0,0,1,111,17,229,1,14
1,0,0,0,0,0,0,0,0,1,0,0,0,0,0,1,6,164,255,4,14
0,0,0.0025,1,0,0,0,1,0,0,0,0,0,0,0,1,103,9,219,1,14
0.8775,0,0,0,0,0.1225,0,0,0,1,0,0,0,1,0,0,1,110,156,3,14
0,1,0,0,0,0,0,0,0,1,0,0,0,0,0,1,36,127,227,2,14
0,0,1,0,0,0,0,0,0,1,0,0,0,0.985,0.185,0,66,140,179,0,14
0,0.0025,0.0525,0.9525,0,0,0,1,0,0,0,0,0,0,0,1,103,8,216,1,14
0,0,1,0,0,0,0,0,0,1,0,0,0,0.005,0.9975,0,66,134,185,0,14
0,0,0.0525,0.955,0,0,0,1,0,0,0,0,0,0,0.9225,0.17,96,6,207,1,14
0,1,0,0,0,0,0,0,0,1,0,0,0,0.05,0.085,0.8675,37,130,225,2,14
0,0,1,0,0,0,0,0,0,1,0,0,0,0.9525,0.3025,0,66,150,179,0,14
0,0,0,1,0,0,0,0,0,0.725,0.465,0,0,0,1,0,104,198,191,5,14
0,0,0,1,0,0,0,0,0,0.945,0.0975,0,0,0,1,0,104,196,188,5,14
0,0,0,1,0,0,0,0,0,1,0,0,0,0,1,0,104,191,188,5,14
0,1,0,0,0,0,0,0,0,1,0,0,0,0,0,1,37,133,242,2,14
0,0,0,1,0,0,0,0,0,0.635,0.545,0,0,0,1,0,104,198,191,5,14
0,0,1,0,0,0,0,0,0,1,0,0,0,0,1,0,66,140,189,0,14
1,0,0,0,0,0,0,0,0,0.9925,0.025,0,0,1,0,0,3,192,155,3,14
1,0,0,0,0,0,0,0,0,1,0,0,0,0,0,1,6,168,255,4,14
0,1,0,0,0,0,0,0,0,1,0,0,0,0,0,1,37,131,240,2,14
0.9375,0,0,0,0,0.0625,0,0,0,1,0,0,0,1,0,0,0,108,155,3,15
1,0,0,0,0,0,0,0,0,1,0,0,0,0,0,1,5,171,255,4,15
0,0,0,1,0,0,0,0,0,0.6675,0.3625,0,0,0.49,0.6425,0,103,202,179,5,15
0,0,1,0,0,0,0,0,0,1,0,0,0,0.055,0.98,0,65,137,182,0,15
0,0,0,1,0,0,0,0,0,1,0,0,0,0.0325,0.9775,0,104,181,185,5,15
0,0,0.06,0.9475,0,0,0,1,0,0,0,0,0,0,0,1,96,6,217,1,15
1,0,0,0,0,0,0,0,0,1,0,0,0,0,0,1,6,165,255,4,15
0,0,0.1125,0.8975,0,0,0,1,0,0,0,0,0,0,0,1,96,6,218,1,15
0,0,1,0,0,0,0,0,0,1,0,0,0,0,1,0,65,134,188,0,15
0,0,0,1,0,0,0,1,0,0,0,0,0,0,0,1,113,20,231,1,15
0,1,0,0,0,0,0,0,0,1,0,0,0,0,0,1,37,129,236,2,15
0,0,0,1,0,0,0,1,0,0,0,0,0,0,0,1,108,20,227,1,15
1,0,0,0,0,0,0,0,0,1,0,0,0,0,0,1,6,169,255,4,15
0,0,0,1,0,0,0,1,0,0,0,0,0,0,0,1,111,13,229,1,15
1,0,0,0,0,0,0,0,0,1,0,0,0,0,0,1,6,167,255,4,15
1,0,0,0,0,0,0,0,0,1,0,0,0,0,0,1,6,169,255,4,15
0,0,1,0,0,0,0,0,0,1,0,0,0,0.05,0.95,0,66,143,193,0,15
0,0,0,1,0,0,0,0,0,0.9825,0.035,0,0,0.065,0.94,0,104,195,194,5,15
0,0,1,0,0,0,0,0,0,1,0,0,0,0.8875,0.3825,0,65,125,179,0,15
0,0.01,0.02,0.97,0,0,0,1,0,0,0,0,0,0.05,0.1225,0.85,103,11,218,1,15
0,0,0,1,0,0,0,0,0,0.14,0.8725,0,0,0.9975,0.005,0,103,214,173,5,15
0,0,1,0,0,0,0,0,0,1,0,0,0,0.8875,0.36,0,66,139,180,0,15
0,1,0,0,0,0,0,0,0,1,0,0,0,0,0.05,0.95,36,133,227,2,15
0,0,0,1,0,0,0,0,0,1,0,0,0,0.3375,0.8225,0,104,185,182,5,15
1,0,0,0,0,0,0,0,0,0.1275,0.925,0,0,1,0,0,4,208,138,3,15
0,1,0,0,0,0,0,0,0,1,0,0,0,0,0.085,0.9175,36,134,225,2,15
0,1,0,0,0,0,0,0,0,1,0,0,0,0,0,1,36,135,227,2,15
0,1,0,0,0,0,0,0,0,1,0,0,0,0,0,1,37,131,234,2,15
1,0,0,0,0,0,0,0,0,1,0.0025,0,0,1,0,0,3,193,146,3,15
0,0,0,1,0,0,0,1,0,0,0,0,0,0,0,1,110,20,225,1,15
0,0,0,1,0,0,0,1,0,0,0,0,0,0,0,1,111,11,225,1,15
1,0,0,0,0,0,0,0,0,1,0,0,0,0,0,1,6,171,255,4,15
1,0,0,0,0,0,0,0,0,0.9875,0.0175,0,0,1,0,0,3,193,147,3,15
1,0,0,0,0,0,0,0,0,1,0,0,0,0,0,1,6,173,255,4,15
0,0,0,1,0,0,0,0,0,0.0425,0.9825,0,0,0,1,0,104,205,192,5,15
1,0,0,0,0,0,0,0,0,0.9975,0.015,0,0,1,0,0,3,195,149,3,15
0,0,0,1,0,0,0,1,0,0,0,0,0,0,0,1,111,14,223,1,15
1,0,0,0,0,0,0,0,0,1,0,0,0,0,0,1,5,168,255,4,15
0,0,1,0,0,0,0,0,0,1,0,0,0,0.035,0.9975,0,67,123,191,0,15
0,1,0,0,0,0,0,0,0,1,0,0,0,0,0,1,37,130,227,2,15
1,0,0,0,0,0,0,0,0,1,0,0,0,1,0,0,2,176,148,3,15
0,1,0,0,0,0,0,0,0,1,0,0,0,0,0,1,36,129,232,2,15
1,0,0,0,0,0,0,0,0,0.0575,0.95,0,0,1,0,0,3,207,138,3,15
0,0,1,0,0,0,0,0,0,1,0,0,0,0.1225,0.9475,0,66,144,183,0,15
1,0,0,0,0,0,0,0,0,1,0,0,0,0,0,1,6,166,255,4,15
0,1,0,0,0,0,0,0,0,1,0,0,0,0,0,1,37,126,238,2,15
1,0,0,0,0,0,0,0,0,1,0,0,0,1,0,0,3,177,149,3,15
0,0,1,0,0,0,0,0,0,1,0,0,0,0,1,0,66,136,186,0,15
0,0,0,1,0,0,0,0,0,0.025,0.9925,0,0,0,1,0,104,204,195,5,15
0,0,1,0,0,0,0,0,0,1,0,0,0,0,1,0,66,144,190,0,15
1,0,0,0,0,0,0,0,0,1,0,0,0,1,0,0,3,180,149,3,15
0,0,0,1,0,0,0,0,0,0,1,0,0,0,1,0,104,207,196,5,15
0,0,0,1,0,0,0,0,0,0.17,0.905,0,0,0,1,0,104,203,196,5,15
0,1,0,0,0,0,0,0,0,1,0,0,0,0,0,1,37,130,238,2,15
0,0,1,0,0,0,0,0,0,1,0,0,0,0,1,0,67,119,203,0,16
0,0,0,1,0,0,0,0,0,1,0,0,0,0,1,0,105,160,206,5,16
0,0,0,1,0,0,0,0,0,1,0,0,0,0,1,0.0025,105,161,207,5,16
0,0,0,1,0,0,0,0,0,1,0,0,0,0,1,0,104,178,200,5,16
0,1,0,0,0,0,0,0,0,1,0,0,0,0,0,1,37,130,248,2,16
0,0,0,1,0,0,0,1,0,0,0,0,0,0,0,1,106,12,238,1,16
1,0,0,0,0,0,0,0,0,1,0,0,0,0,0,1,6,158,255,4,16
0,0,0,1,0,0,0,0,0,1,0,0,0,0,1,0,104,178,202,5,16
0,0,1,0,0,0,0,0,0,1,0,0,0,0,1,0,66,136,206,0,16
0,1,0,0,0,0,0,0,0,1,0,0,0,0,0,1,37,128,253,2,16
1,0,0,0,0,0,0,0,0,1,0,0,0,0,0,1,6,160,255,4,16
1,0,0,0,0,0,0,0,0,1,0,0,0,1,0,0,3,165,158,3,16
1,0,0,0,0,0,0,0,0,1,0,0,0,1,0,0,3,183,167,3,16
0,0,1,0,0,0,0,0,0,1,0,0,0,0,1,0,66,141,205,0,16
0,0,0,1,0,0,0,1,0,0,0,0,0,0,0,1,111,21,242,1,16
1,0,0,0,0,0,0,0,0,1,0,0,0,1,0,0,3,186,167,3,16
1,0,0,0,0,0,0,0,0,1,0,0,0,1,0,0,3,180,166,3,16
1,0,0,0,0,0,0,0,0,1,0,0,0,1,0,0,3,175,162,3,16
1,0,0,0,0,0,0,0,0,1,0,0,0,0,0,1,5,173,255,4,16
0,1,0,0,0,0,0,0,0,1,0,0,0,0,0,1,37,124,232,2,16
0,0,0,1,0,0,0,1,0,0,0,0,0,0,0,1,113,17,227,1,16
0,0,1,0,0,0,0,0,0,1,0,0,0,0.0775,0.945,0,65,134,186,0,16
0,0,0,1,0,0,0,0,0,1,0,0,0,0,1,0,103,194,186,5,16
0,0,0,1,0,0,0,1,0,0,0,0,0,0,0,1,111,11,227,1,16
0,0,1,0,0,0,0,0,0,1,0,0,0,0.01,0.995,0,66,144,185,0,16
0,0,1,0,0,0,0,0,0,1,0,0,0,0,1,0,66,140,189,0,16
0,1,0,0,0,0,0,0,0,1,0,0,0,0,0,1,37,129,239,2,16
0,0,0,1,0,0,0,0,0,0.34,0.8,0,0,0,1,0,104,201,200,5,16
1,0,0,0,0,0,0,0,0,1,0,0,0,0,0,1,5,164,255,4,16
0,1,0,0,0,0,0,0,0,1,0,0,0,0,0,1,37,126,240,2,16
0,0,0,1,0,0,0,0,0,0.1875,0.9025,0,0,0,1,0,104,203,201,5,16
1,0,0,0,0,0,0,0,0,1,0,0,0,1,0,0,3,182,157,3,16
0,1,0,0,0,0,0,0,0,1,0,0,0,0,0,1,37,130,243,2,16
1,0,0,0,0,0,0,0,0,1,0,0,0,0,0,1,6,167,255,4,16
0,1,0,0,0,0,0,0,0,1,0,0,0,0,0,1,37,132,246,2,16
0,0,0,1,0,0,0,0,0,0.6875,0.485,0,0,0,1,0,104,198,203,5,16
0,0.0025,0.075,0.9425,0,0,0,1,0,0,0,0,0,0,0.0625,0.985,103,11,214,1,16
0,0,0,1,0,0,0,1,0,0,0,0,0,0,0.0225,0.995,103,8,217,1,16
1,0,0,0,0,0,0,0,0,0.4,0.645,0,0,1,0,0,3,204,141,3,16
1,0,0,0,0,0,0,0,0,1,0,0,0,1,0,0,2,172,144,3,16
1,0,0,0,0,0,0,0,0,1,0,0,0,0,0,1,6,171,255,4,16
0,1,0,0,0,0,0,0,0,1,0,0,0,0,0,1,36,129,233,2,16
1,0,0,0,0,0,0,0,0,1,0,0,0,0,0,1,6,173,255,4,16
0,0,1,0,0,0,0,0,0,1,0,0,0,0.685,0.5775,0,66,148,180,0,16
0,0,0,1,0,0,0,0,0,1,0,0,0,0.6,0.63,0,103,194,179,5,16
0,0,0,1,0,0,0,1,0,0,0,0,0,0,0,1,112,17,228,1,16
1,0,0,0,0,0,0,0,0,1,0,0,0,1,0,0,3,187,148,3,16
0,0,1,0,0,0,0,0,0,1,0,0,0,0,1,0,66,138,188,0,16
1,0,0,0,0,0,0,0,0,1,0,0,0,0,0,1,6,171,255,4,16
0,0,0,1,0,0,0,1,0,0,0,0,0,0,0,1,111,14,229,1,16
0,0,1,0,0,0,0,0,0,1,0,0,0,0,1,0,66,141,191,0,16
0,1,0,0,0,0,0,0,0,1,0,0,0,0,0,1,37,134,240,2,16
1,0,0,0,0,0,0,0,0,1,0,0,0,0,0,1,6,169,255,4,16
0,0,0,1,0,0,0,1,0,0,0,0,0,0,0,1,110,20,232,1,16
0,1,0,0,0,0,0,0,0,1,0,0,0,0,0,1,37,118,236,2,17
0.7525,0,0,0,0,0.2475,0,0,0,1,0,0,0,1,0,0,0,110,163,3,17
0,1,0,0,0,0,0,0,0,1,0,0,0,0,0,1,37,128,234,2,17
1,0,0,0,0,0,0,0,0,1,0,0,0,0,0,1,6,163,255,4,17
0,0,1,0,0,0,0,0,0,1,0,0,0,0,1,0,66,138,190,0,17
1,0,0,0,0,0,0,0,0,1,0,0,0,0,0,1,5,145,255,4,17
1,0,0,0,0,0,0,0,0,1,0,0,0,1,0,0,3,180,151,3,17
0,0,1,0,0,0,0,0,0,1,0,0,0,0,1,0,66,135,193,0,17
0,0,0.0025,0.9975,0,0,0,1,0,0,0,0,0,0,0,1,103,10,225,1,17
1,0,0,0,0,0,0,0,0,1,0,0,0,0,0,1,6,164,255,4,17
0,0,0,1,0,0,0,0,0,0.9825,0.035,0,0,0,1,0,104,194,201,5,17
0,0,0,1,0,0,0,0,0,0.995,0.005,0,0,0,1,0,105,193,203,5,17
0,1,0,0,0,0,0,0,0,1,0,0,0,0,0,1,37,133,247,2,17
1,0,0,0,0,0,0,0,0,1,0,0,0,1,0,0,3,181,162,3,17
1,0,0,0,0,0,0,0,0,1,0,0,0,0,0,1,6,161,255,4,17
1,0,0,0,0,0,0,0,0,1,0,0,0,1,0,0,3,185,162,3,17
0,1,0,0,0,0,0,0,0,1,0,0,0,0,0,1,37,132,249,2,17
0,1,0,0,0,0,0,0,0,1,0,0,0,0,0,1,38,131,251,2,17
0.985,0,0,0,0,0.015,0,0,0,1,0,0,0,1,0,0,2,180,143,3,17
0,0,0.0025,0.9975,0,0,0,1,0,0,0,0,0,0,0,1,103,10,226,1,17
0,0,0,1,0,0,0,0,0,0.185,0.875,0,0,0.005,0.9975,0,103,208,186,5,17
1,0,0,0,0,0,0,0,0,1,0,0,0,1,0,0,3,180,149,3,17
1,0,0,0,0,0,0,0,0,1,0,0,0,0,0,1,6,161,255,4,17
0.98,0,0,0,0,0.02,0,0,0,1,0,0,0,1,0,0,2,135,157,3,17
0,0,1,0,0,0,0,0,0,1,0,0,0,0.01,0.9975,0,65,139,184,0,17
0,0.01,0.0675,0.9475,0,0,0,1,0,0,0,0,0,0,0,1,103,8,219,1,17
0,0,0.1375,0.8775,0,0,0,1,0,0,0,0,0,0,0,1,103,7,221,1,17
0,0,0,1,0,0,0,1,0,0,0,0,0,0,0,1,111,19,237,1,17
1,0,0,0,0,0,0,0,0,1,0,0,0,0,0,1,6,163,255,4,17
0,0,1,0,0,0,0,0,0,1,0,0,0,0,1,0,66,136,191,0,17
0,0,0,1,0,0,0,0,0,0.52,0.6475,0,0,0,1,0,104,199,200,5,17
0,1,0,0,0,0,0,0,0,1,0,0,0,0,0,1,37,132,245,2,17
1,0,0,0,0,0,0,0,0,1,0,0,0,1,0,0,2,173,155,3,17
0,0,1,0,0,0,0,0,0,1,0,0,0,0,1,0,66,145,199,0,17
0,0,0,1,0,0,0,0,0,0.865,0.235,0,0,0,1,0,104,198,201,5,17
1,0,0,0,0,0,0,0,0,1,0,0,0,1,0,0,2,185,157,3,17
0,0,0,1,0,0,0,0,0,1,0.0025,0,0,0.13,0.9225,0,104,153,186,5,17
0,0,0,1,0,0,0,1,0,0,0,0,0,0,0,1,106,14,219,1,17
1,0,0,0,0,0,0,0,0,1,0,0,0,0,0,1,5,149,255,4,17
0,0,1,0,0,0,0,0,0,1,0,0,0,0.0425,0.9925,0,65,132,183,0,17
0,0,0.0175,0.9825,0,0,0,1,0,0,0,0,0,0,0,1,103,9,218,1,17
0,1,0,0,0,0,0,0,0,1,0,0,0,0,0,1,36,127,235,2,17
0,0,0,1,0,0,0,0,0,0.2525,0.8225,0,0,0.9875,0.0225,0,103,203,175,5,17
0,0,0.0275,0.9725,0,0,0,1,0,0,0,0,0,0,0,1,103,8,217,1,17
0,0,0,1,0,0,0,1,0,0,0,0,0,0,0,1,103,9,220,1,17
0,1,0,0,0,0,0,0,0,1,0,0,0,0,0,1,37,130,237,2,17
0,0,1,0,0,0,0,0,0,1,0,0,0,0,1,0,66,140,188,0,17
1,0,0,0,0,0,0,0,0,1,0,0,0,0,0,1,5,166,255,4,17
0,0,1,0,0,0,0,0,0,1,0,0,0,0,1,0,66,146,191,0,17
0,0,0,1,0,0,0,0,0,0.4775,0.6075,0,0,0,1,0,104,202,194,5,17
0,1,0,0,0,0,0,0,0,1,0,0,0,0,0,1,37,128,239,2,17
1,0,0,0,0,0,0,0,0,1,0,0,0,0,0,1,6,171,255,4,17
0,0,0,1,0,0,0,0,0,0.7125,0.4525,0,0,0,1,0,104,200,195,5,17
0,0,1,0,0,0,0,0,0,1,0,0,0,0,1,0,66,141,190,0,17
0,0,0,1,0,0,0,1,0,0,0,0,0,0,0,1,108,19,236,1,18
0,0,1,0,0,0,0,0,0,1,0,0,0,0,1,0,66,122,195,0,18
0.9925,0,0,0,0,0.0075,0,0,0,1,0,0,0,1,0,0,2,142,165,3,18
0,0,0,1,0,0,0,0,0,1,0,0,0,0,1,0,103,186,194,5,18
1,0,0,0,0,0,0,0,0,1,0,0,0,1,0,0,2,181,160,3,18
0,0,0.0125,0.9975,0,0,0,1,0,0,0,0,0,0,0,1,103,9,234,1,18
0,0,0,1,0,0,0,0,0,1,0,0,0,0,1,0,103,183,192,5,18
0,1,0,0,0,0,0,0,0,1,0,0,0,0,0,1,37,129,243,2,18
0,0,0,1,0,0,0,0,0,0.6575,0.38,0,0,0,1,0,104,203,199,5,18
0,0,1,0,0,0,0,0,0,1,0,0,0,0,1,0,66,141,194,0,18
0,0,0,1,0,0,0,0,0,0.9975,0.0175,0,0,0,1,0,104,194,195,5,18
0,0,0,1,0,0,0,1,0,0,0,0,0,0,0,1,107,20,230,1,18
0,0,1,0,0,0,0,0,0,1,0,0,0,0,1,0,66,144,199,0,18
0,1,0,0,0,0,0,0,0,1,0,0,0,0,0,1,37,133,245,2,18
1,0,0,0,0,0,0,0,0,1,0,0,0,0,0,1,6,162,255,4,18
1,0,0,0,0,0,0,0,0,1,0,0,0,0,0,1,7,166,255,4,18
1,0,0,0,0,0,0,0,0,1,0,0,0,1,0,0,3,186,159,3,18
0,0,1,0,0,0,0,0,0,1,0,0,0,0,1,0,66,135,196,0,18
0,0,1,0,0,0,0,0,0,1,0,0,0,0.8275,0.3325,0,66,142,178,0,18
1,0,0,0,0,0,0,0,0,1,0,0,0,0,0,1,5,173,255,4,18
1,0,0,0,0,0,0,0,0,1,0,0,0,0,0,1,5,166,255,4,18
0,1,0,0,0,0,0,0,0,1,0,0,0,0,0,1,36,131,228,2,18
0,0,0.055,0.9525,0,0,0,1,0,0,0,0,0,0,0,1,103,9,218,1,18
0,0,1,0,0,0,0,0,0,1,0,0,0,0,1,0,66,138,189,0,18
0,1,0,0,0,0,0,0,0,1,0,0,0,0,0,1,36,130,231,2,18
0,0,0,1,0,0,0,1,0,0,0,0,0,0,0,1,101,9,221,1,18
0,0,0,1,0,0,0,0,0,1,0,0,0,0,1,0,103,190,188,5,18
0,0,0,1,0,0,0,1,0,0,0,0,0,0,0,1,111,20,232,1,18
0,0,0,1,0,0,0,0,0,0.89,0.2175,0,0,0,1,0,104,198,193,5,18
0,1,0,0,0,0,0,0,0,1,0,0,0,0,0,1,37,128,238,2,18
1,0,0,0,0,0,0,0,0,0.945,0.0825,0,0,1,0,0,3,195,154,3,18
0,0,1,0,0,0,0,0,0,1,0,0,0,0,1,0,66,143,193,0,18
0,1,0,0,0,0,0,0,0,1,0,0,0,0,0,1,37,131,242,2,18
0,1,0,0,0,0,0,0,0,1,0,0,0,0,0,1,37,135,244,2,18
1,0,0,0,0,0,0,0,0,1,0,0,0,0,0,1,6,169,255,4,18
1,0,0,0,0,0,0,0,0,1,0.0025,0,0,1,0,0,3,189,155,3,18
1,0,0,0,0,0,0,0,0,1,0,0,0,0,0,1,5,161,255,4,18
1,0,0,0,0,0,0,0,0,1,0,0,0,0,0,1,5,146,255,4,18
0,0,1,0,0,0,0,0,0,1,0,0,0,0.7,0.545,0,66,147,179,0,18
0,1,0,0,0,0,0,0,0,1,0,0,0,0,0,1,37,130,232,2,18
0,0,0,1,0,0,0,0,0,1,0,0,0,0.18,0.925,0,103,191,182,5,18
0,0,0.04,0.98,0,0,0,1,0,0,0,0,0,0,0.01,0.9975,103,9,223,1,18
0,1,0,0,0,0,0,0,0,1,0,0,0,0,0,1,37,133,229,2,18
1,0,0,0,0,0,0,0,0,0.975,0.04,0,0,1,0,0,3,187,150,3,18
0,0,0,1,0,0,0,0,0,1,0,0,0,0.0725,0.995,0,103,189,182,5,18
1,0,0,0,0,0,0,0,0,1,0,0,0,0,0,1,6,170,255,4,18
1,0,0,0,0,0,0,0,0,1,0,0,0,1,0,0,3,187,151,3,18
1,0,0,0,0,0,0,0,0,1,0,0,0,1,0,0,3,181,149,3,18
0,0,0,1,0,0,0,0,0,0.465,0.6475,0,0,0,1,0,104,202,191,5,18
1,0,0,0,0,0,0,0,0,1,0,0,0,0,0,1,6,168,255,4,18
0,0,0,1,0,0,0,1,0,0,0,0,0,0,0,1,113,18,232,1,18
1,0,0,0,0,0,0,0,0,0.9875,0.015,0,0,1,0,0,3,192,154,3,18
0,0,1,0,0,0,0,0,0,1,0,0,0,0,1,0,66,145,195,0,18
0,0,0,1,0,0,0,1,0,0,0,0,0,0,0,1,110,20,233,1,18
0,0,1,0,0,0,0,0,0,1,0,0,0,0.0325,0.9825,0,66,125,187,0,19
0,0,1,0,0,0,0,0,0,1,0,0,0,0.22,0.85,0,66,144,182,0,19
0,0,1,0,0,0,0,0,0,1,0,0,0,0.0525,0.97,0,66,146,183,0,19
1,0,0,0,0,0,0,0,0,1,0,0,0,1,0,0,4,136,156,3,19
0,1,0,0,0,0,0,0,0,1,0,0,0,0,0.05,0.95,37,128,234,2,19
0,0,0.045,0.96,0,0,0,1,0,0,0,0,0,0,0,1,103,9,219,1,19
0,0,1,0,0,0,0,0,0,1,0,0,0,0,1,0,64,123,190,0,19
1,0,0,0,0,0,0,0,0,1,0,0,0,0,0,1,6,171,255,4,19
0,1,0,0,0,0,0,0,0,1,0,0,0,0,0,1,37,134,234,2,19
1,0,0,0,0,0,0,0,0,1,0,0,0,0,0,1,6,170,255,4,19
1,0,0,0,0,0,0,0,0,1,0,0,0,1,0,0,3,184,152,3,19
0,0,0,1,0,0,0,1,0,0,0,0,0,0,0,1,111,22,239,1,19
0,0,0,1,0,0,0,0,0,0.1725,0.9075,0,0,0,1,0,104,203,196,5,19
0,0,1,0,0,0,0,0,0,1,0,0,0,0,1,0,66,143,195,0,19
0,0,0,1,0,0,0,0,0,0.3275,0.76,0,0,0,0.995,0.0275,104,201,207,5,19
1,0,0,0,0,0,0,0,0,1,0.005,0,0,1,0,0,3,192,158,3,19
0,1,0,0,0,0,0,0,0,1,0,0,0,0,0.0225,0.9775,37,135,245,2,19
0,1,0,0,0,0,0,0,0,1,0,0,0,0,0,1,38,132,252,2,19
0,0,0,1,0,0,0,1,0,0,0,0,0,0,0,1,106,12,227,1,19
0,0,0,1,0,0,0,0,0,1,0,0,0,0,1,0,105,147,196,5,19
0,1,0,0,0,0,0,0,0,1,0,0,0,0,0,1,36,131,235,2,19
1,0,0,0,0,0,0,0,0,1,0,0,0,1,0,0,2,161,149,3,19
0,0,0,1,0,0,0,0,0,1,0,0,0,0,1,0,104,183,188,5,19
0,1,0,0,0,0,0,0,0,1,0,0,0,0,0,1,36,128,240,2,19
1,0,0,0,0,0,0,0,0,0.4425,0.6175,0,0,1,0,0,3,202,146,3,19
1,0,0,0,0,0,0,0,0,1,0,0,0,0,0,1,6,171,255,4,19
1,0,0,0,0,0,0,0,0,1,0,0,0,0,0,1,6,167,255,4,19
1,0,0,0,0,0,0,0,0,1,0,0,0,1,0,0,3,190,154,3,19
0,0,0,1,0,0,0,1,0,0,0,0,0,0,0,1,110,19,236,1,19
0,0,0,1,0,0,0,0,0,1,0,0,0,0,1,0,104,192,199,5,19
0,0,1,0,0,0,0,0,0,1,0,0,0,0,1,0,66,145,199,0,19
1,0,0,0,0,0,0,0,0,1,0,0,0,1,0,0,3,183,160,3,19
1,0,0,0,0,0,0,0,0,1,0,0,0,1,0,0,3,179,158,3,19
0,0,0,1,0,0,0,1,0,0,0,0,0,0,0,1,106,16,234,1,19
0,0,0,1,0,0,0,0,0,0.9475,0.14,0,0,0,1,0,104,198,202,5,19
1,0,0,0,0,0,0,0,0,1,0,0,0,0,0,1,6,162,255,4,19
0.9125,0,0,0,0,0.0875,0,0,0,1,0,0,0,1,0,0,0,105,154,3,19
0,0,0,1,0,0,0,1,0,0,0,0,0,0,0.0125,0.9975,103,8,217,1,19
0,0,0,1,0,0,0,0,0,1,0,0,0,0,1,0,104,162,188,5,19
1,0,0,0,0,0,0,0,0,1,0,0,0,0,0,1,5,171,255,4,19
1,0,0,0,0,0,0,0,0,1,0,0,0,0,0,1,6,170,255,4,19
0,0,0.1,0.9,0,0,0,1,0,0,0,0,0,0,0.015,0.99,96,6,215,1,19
0,1,0,0,0,0,0,0,0,1,0,0,0,0.05,0.075,0.885,37,134,223,2,19
0,0,1,0,0,0,0,0,0,1,0,0,0,0.7025,0.455,0,66,145,179,0,19
1,0,0,0,0,0,0,0,0,1,0,0,0,0,0,1,6,172,255,4,19
0,0,0,1,0,0,0,1,0,0,0,0,0,0,0,1,113,18,231,1,19
0,1,0,0,0,0,0,0,0,1,0,0,0,0,0,1,37,129,235,2,19
0,0,1,0,0,0,0,0,0,1,0,0,0,0,1,0,66,136,186,0,19
0,0,1,0,0,0,0,0,0,1,0,0,0,0,1,0,66,146,192,0,19
0,0,0,1,0,0,0,1,0,0,0,0,0,0,0,1,113,17,229,1,19
1,0,0,0,0,0,0,0,0,1,0,0,0,0,0,1,6,168,255,4,19
0,0,0,1,0,0,0,0,0,0.0025,1,0,0,0,1,0,104,208,195,5,19
0,1,0,0,0,0,0,0,0,1,0,0,0,0,0,1,37,134,239,2,19
0,0,0,1,0,0,0,0,0,0.81,0.285,0,0,0,1,0,104,196,189,5,19
0,0,0.005,0.995,0,0,0,1,0,0,0,0,0,0,0,1,103,13,217,1,20
0,1,0,0,0,0,0,0,0,1,0,0,0,0,0,1,37,129,235,2,20
0,0,1,0,0,0,0,0,0,1,0,0,0,0,1,0,66,138,195,0,20
0,0,1,0,0,0,0,0,0,1,0,0,0,0.0275,0.985,0,65,128,195,0,20
0,0,1,0,0,0,0,0,0,1,0,0,0,0,1,0,65,138,191,0,20
0,0,0,1,0,0,0,0,0,1,0,0,0,0,1,0,104,182,189,5,20
1,0,0,0,0,0,0,0,0,1,0,0,0,0,0,1,6,166,255,4,20
0,0,0.0225,0.98,0,0,0,1,0,0,0,0,0,0,0,1,90,9,223,1,20
0,0,0,1,0,0,0,0,0,0.0525,0.965,0,0,0,1,0,103,206,187,5,20
0,0,0,1,0,0,0,1,0,0,0,0,0,0,0,1,111,19,240,1,20
0,0,1,0,0,0,0,0,0,1,0,0,0,0,1,0,66,140,199,0,20
1,0,0,0,0,0,0,0,0,1,0,0,0,1,0,0,4,184,156,3,20
1,0,0,0,0,0,0,0,0,1,0,0,0,0,0,1,7,166,255,4,20
1,0,0,0,0,0,0,0,0,1,0,0,0,1,0,0,3,185,164,3,20
0,0,0,1,0,0,0,1,0,0,0,0,0,0,0,1,110,19,240,1,20
1,0,0,0,0,0,0,0,0,1,0,0,0,0,0,1,7,166,255,4,20
1,0,0,0,0,0,0,0,0,1,0,0,0,1,0,0,3,190,162,3,20
0,0,0,1,0,0,0,0,0,0.89,0.245,0,0,0,0.9975,0.0275,104,199,204,5,20
1,0,0,0,0,0,0,0,0,1,0,0,0,0,0.05,0.95,6,164,255,4,20
0.9625,0,0,0,0,0.0375,0,0,0,1,0,0,0,1,0,0,2,141,146,3,20
0,1,0,0,0,0,0,0,0,1,0,0,0,0,0,1,36,129,234,2,20
0,0,1,0,0,0,0,0,0,1,0,0,0,0.1525,0.85,0,66,138,189,0,20
1,0,0,0,0,0,0,0,0,1,0,0,0,0,0.02,0.9875,6,167,255,4,20
1,0,0,0,0,0,0,0,0,1,0,0,0,0,0,1,6,162,255,4,20
0,0,0,1,0,0,0,0,0,0.99,0.0275,0,0,0.0275,0.975,0,103,194,187,5,20
0,0,0.005,0.995,0,0,0,1,0,0,0,0,0,0.0175,0.085,0.9,103,9,223,1,20
1,0,0,0,0,0,0,0,0,1,0,0,0,1,0,0,3,171,156,3,20
0,0,1,0,0,0,0,0,0,1,0,0,0,0,1,0,66,139,189,0,20
0,0,0,1,0,0,0,0,0,0.9475,0.1075,0,0,0,1,0,104,196,198,5,20
0,1,0,0,0,0,0,0,0,1,0,0,0,0,0,1,37,129,243,2,20
0,0,1,0,0,0,0,0,0,1,0,0,0,0,1,0,66,143,192,0,20
0,1,0,0,0,0,0,0,0,1,0,0,0,0,0,1,37,133,247,2,20
0,1,0,0,0,0,0,0,0,1,0,0,0,0,0,1,37,133,247,2,20
0,0,1,0,0,0,0,0,0,1,0,0,0,0,1,0,66,148,194,0,20
1,0,0,0,0,0,0,0,0,1,0,0,0,1,0,0,3,190,158,3,20
1,0,0,0,0,0,0,0,0,1,0,0,0,1,0,0,3,186,159,3,20
0,0,0,1,0,0,0,0,0,1,0,0,0,0,1,0,105,149,193,5,20
0,0,0.005,0.995,0,0,0,1,0,0,0,0,0,0,0,1,111,11,226,1,20
0,0,0,1,0,0,0,1,0,0,0,0,0,0,0,1,111,14,221,1,20
0,0,0,1,0,0,0,0,0,1,0,0,0,0.305,0.8975,0,103,193,181,5,20
0,0,0.0075,0.9925,0,0,0,1,0,0,0,0,0,0,0,1,103,8,218,1,20
1,0,0,0,0,0,0,0,0,1,0,0,0,0,0,1,6,164,255,4,20
1,0,0,0,0,0,0,0,0,1,0,0,0,0,0,1,6,172,255,4,20
0,1,0,0,0,0,0,0,0,1,0,0,0,0,0.01,0.99,36,133,228,2,20
0,1,0,0,0,0,0,0,0,1,0,0,0,0,0,1,36,130,231,2,20
1,0,0,0,0,0,0,0,0,1,0,0,0,1,0,0,2,185,153,3,20
1,0,0,0,0,0,0,0,0,1,0,0,0,1,0,0,3,177,150,3,20
0,0,0,1,0,0,0,1,0,0,0,0,0,0,0,1,111,22,232,1,20
0,1,0,0,0,0,0,0,0,1,0,0,0,0,0,1,37,134,244,2,20
0,0,0,1,0,0,0,0,0,0.84,0.2525,0,0,0,1,0,104,198,196,5,20
0,0,0,1,0,0,0,0,0,0.96,0.085,0,0,0,1,0,104,198,194,5,20
0,0,1,0,0,0,0,0,0,1,0,0,0,0,1,0,66,146,197,0,20
1,0,0,0,0,0,0,0,0,1,0,0,0,0,0,1,6,167,255,4,20
0,1,0,0,0,0,0,0,0,1,0,0,0,0,0,1,37,131,241,2,20
0,0,0,1,0,0,0,0,0,1,0,0,0,0,1,0,104,182,190,5,21
1,0,0,0,0,0,0,0,0,1,0,0,0,0,0,1,5,144,255,4,21
0,0,0,1,0,0,0,1,0,0,0,0,0,0,0,1,106,17,225,1,21
1,0,0,0,0,0,0,0,0,0.92,0.0975,0,0,1,0,0,3,199,146,3,21
0,0,0,1,0,0,0,0,0,0.995,0.0125,0,0,0.015,0.995,0,103,185,184,5,21
0,1,0,0,0,0,0,0,0,1,0,0,0,0,0,1,37,130,236,2,21
0,0,0.0075,0.9925,0,0,0,1,0,0,0,0,0,0,0,1,98,13,221,1,21
1,0,0,0,0,0,0,0,0,1,0,0,0,1,0,0,2,171,152,3,21
0,0,1,0,0,0,0,0,0,1,0,0,0,0,1,0,66,138,190,0,21
1,0,0,0,0,0,0,0,0,1,0,0,0,1,0,0,3,187,154,3,21
0,0,1,0,0,0,0,0,0,1,0,0,0,0,1,0,66,139,192,0,21
0,0,1,0,0,0,0,0,0,1,0,0,0,0,1,0,66,138,189,0,21
0,0,1,0,0,0,0,0,0,1,0,0,0,0,1,0,66,146,199,0,21
0,1,0,0,0,0,0,0,0,1,0,0,0,0,0,1,37,130,244,2,21
0,0,0,1,0,0,0,0,0,0.945,0.1325,0,0,0,1,0,104,196,196,5,21
0,0,0,1,0,0,0,1,0,0,0,0,0,0,0,1,110,19,238,1,21
0,1,0,0,0,0,0,0,0,1,0,0,0,0,0,1,38,132,245,2,21
0,1,0,0,0,0,0,0,0,1,0,0,0,0,0,1,37,131,243,2,21
0,1,0,0,0,0,0,0,0,1,0,0,0,0,0.0575,0.945,37,130,226,2,21
0,0,1,0,0,0,0,0,0,1,0,0,0,0.12,0.89,0,66,134,185,0,21
1,0,0,0,0,0,0,0,0,1,0,0,0,0,0,1,6,176,255,4,21
0,1,0,0,0,0,0,0,0,1,0,0,0,0,0.05,0.95,36,130,231,2,21
0.0025,0.01,0.06,0.9325,0,0,0,1,0,0,0,0,0,0,0.0375,0.9675,103,9,218,1,21
0,0,0,1,0,0,0,0,0,1,0,0,0,0,1,0,104,184,187,5,21
0,0,1,0,0,0,0,0,0,1,0,0,0,0.56,0.7775,0,66,153,180,0,21
0,0.0025,0.175,0.8475,0,0,0,1,0,0,0,0,0,0,0,1,90,7,215,1,21
0,0,0,1,0,0,0,0,0,1,0,0,0,0.0025,1,0,103,188,184,5,21
0,0,1,0,0,0,0,0,0,1,0,0,0,0,1,0,67,146,198,0,21
0,0,0,1,0,0,0,0,0,0.8825,0.2,0,0,0,1,0,104,197,190,5,21
1,0,0,0,0,0,0,0,0,1,0,0,0,1,0,0,3,177,149,3,21
0,1,0,0,0,0,0,0,0,1,0,0,0,0,0,1,37,134,250,2,21
1,0,0,0,0,0,0,0,0,0.9975,0.005,0,0,1,0,0,3,188,155,3,21
1,0,0,0,0,0,0,0,0,1,0,0,0,1,0,0,3,185,153,3,21
0,0,0,1,0,0,0,1,0,0,0,0,0,0,0,1,108,19,240,1,21
1,0,0,0,0,0,0,0,0,0.9975,0.0075,0,0,1,0,0,3,192,155,3,21
1,0,0,0,0,0,0,0,0,1,0,0,0,0,0,1,6,164,255,4,21
1,0,0,0,0,0,0,0,0,1,0,0,0,1,0,0,3,169,144,3,21
1,0,0,0,0,0,0,0,0,1,0,0,0,0,0,1,5,171,255,4,21
0,1,0,0,0,0,0,0,0,1,0,0,0,0,0,1,36,131,228,2,21
0,0,0.03,0.9775,0,0,0,1,0,0,0,0,0,0,0,1,90,11,216,1,21
1,0,0,0,0,0,0,0,0,1,0,0,0,0,0,1,6,166,255,4,21
0,0,0,1,0,0,0,0,0,1,0,0,0,0,1,0,104,175,188,5,21
0,0,0,1,0,0,0,0,0,0.195,0.855,0,0,0.9975,0.0125,0,103,203,176,5,21
1,0,0,0,0,0,0,0,0,1,0,0,0,0,0,1,6,167,255,4,21
0,1,0,0,0,0,0,0,0,1,0,0,0,0,0,1,36,133,235,2,21
1,0,0,0,0,0,0,0,0,0.9825,0.0275,0,0,1,0,0,3,193,148,3,21
0,0,1,0,0,0,0,0,0,1,0,0,0,0,1,0,66,139,191,0,21
1,0,0,0,0,0,0,0,0,1,0,0,0,0,0,1,6,167,255,4,21
1,0,0,0,0,0,0,0,0,1,0,0,0,0,0,1,6,170,255,4,21
0,0,1,0,0,0,0,0,0,1,0,0,0,0.0025,1,0,66,141,196,0,21
0,0,0,1,0,0,0,1,0,0,0,0,0,0,0,1,113,20,232,1,21
1,0,0,0,0,0,0,0,0,1,0,0,0,0,0,1,6,171,255,4,21
0,0,0,1,0,0,0,1,0,0,0,0,0,0,0,1,106,16,234,1,21
0,0,0,1,0,0,0,0,0,1,0.005,0,0,0,1,0,104,194,197,5,21
0,0,1,0,0,0,0,0,0,1,0,0,0,0,1,0,65,123,190,0,22
0,0,0,1,0,0,0,1,0,0,0,0,0,0,0,1,113,18,232,1,22
1,0,0,0,0,0,0,0,0,1,0,0,0,0,0,1,5,164,255,4,22
1,0,0,0,0,0,0,0,0,1,0,0,0,0,0,1,5,163,255,4,22
0,1,0,0,0,0,0,0,0,1,0,0,0,0,0,1,37,128,239,2,22
0,1,0,0,0,0,0,0,0,1,0,0,0,0,0,1,36,125,241,2,22
1,0,0,0,0,0,0,0,0,1,0,0,0,1,0,0,3,177,151,3,22
0,0,0.0125,0.9925,0,0,0,1,0,0,0,0,0,0,0.03,0.9725,111,9,226,1,22
0,1,0,0,0,0,0,0,0,1,0,0,0,0,0,1,36,130,242,2,22
0,0,0,1,0,0,0,0,0,0.7075,0.36,0,0,0.0475,0.9575,0,104,198,196,5,22
0,1,0,0,0,0,0,0,0,1,0,0,0,0,0,1,37,129,242,2,22
0,0,1,0,0,0,0,0,0,1,0,0,0,0,1,0,67,139,197,0,22
0,0,1,0,0,0,0,0,0,1,0,0,0,0,1,0,66,142,197,0,22
1,0,0,0,0,0,0,0,0,1,0,0,0,1,0,0,2,181,158,3,22
0,0,0,1,0,0,0,0,0,0.985,0.045,0,0,0,0.9975,0.015,105,196,204,5,22
1,0,0,0,0,0,0,0,0,1,0,0,0,0,0,1,6,167,255,4,22
1,0,0,0,0,0,0,0,0,1,0,0,0,1,0,0,2,181,159,3,22
1,0,0,0,0,0,0,0,0,1,0,0,0,1,0,0,2,180,160,3,22
0.8725,0,0,0,0,0.1275,0,0,0,1,0,0,0,1,0,0,0,107,157,3,22
0,0,1,0,0,0,0,0,0,1,0,0,0,0,1,0,66,140,184,0,22
0,0,0,1,0,0,0,0,0,0.37,0.6525,0,0,0.005,1,0,103,209,183,5,22
0,0,0,1,0,0,0,1,0,0,0,0,0,0,0,1,103,9,220,1,22
1,0,0,0,0,0,0,0,0,1,0,0,0,0,0,1,6,169,255,4,22
0,0,0.0375,0.97,0,0,0,1,0,0,0,0,0,0,0.03,0.97,101,9,221,1,22
1,0,0,0,0,0,0,0,0,1,0,0,0,0,0,1,6,172,255,4,22
1,0,0,0,0,0,0,0,0,1,0,0,0,0.05,0.05,0.9,6,176,255,4,22
0.9975,0,0,0,0,0.0025,0,0,0,1,0,0,0,1,0,0,3,180,152,3,22
0,0,0,1,0,0,0,1,0,0,0,0,0,0,0,1,111,22,235,1,22
0,0,1,0,0,0,0,0,0,1,0,0,0,0,1,0,66,138,191,0,22
0,0,1,0,0,0,0,0,0,1,0,0,0,0,1,0,66,136,191,0,22
1,0,0,0,0,0,0,0,0,1,0,0,0,0,0,1,6,168,255,4,22
0,0,0,1,0,0,0,0,0,0.6025,0.53,0,0,0,1,0,104,201,197,5,22
0,1,0,0,0,0,0,0,0,1,0,0,0,0,0,1,37,133,243,2,22
0,0,0,1,0,0,0,0,0,0.0075,0.995,0,0,0,1,0,104,206,199,5,22
1,0,0,0,0,0,0,0,0,1,0,0,0,1,0,0,3,184,156,3,22
0,0,0,1,0,0,0,1,0,0,0,0,0,0,0,1,111,22,236,1,22
0,1,0,0,0,0,0,0,0,1,0,0,0,0,0,1,37,126,224,2,22
0.955,0,0,0,0,0.045,0,0,0,1,0,0,0,1,0,0,1,107,140,3,22
0,0,0,1,0,0,0,1,0,0,0,0,0,0,0,1,106,12,227,1,22
0,0,0,1,0,0,0,0,0,1,0,0,0,0.6025,0.63,0,104,179,180,5,22
0,0,1,0,0,0,0,0,0,1,0,0,0,0,1,0,66,134,187,0,22
0,0,0,1,0,0,0,0,0,1,0,0,0,0.0375,0.975,0,104,185,187,5,22
0,1,0,0,0,0,0,0,0,1,0,0,0,0,0,1,37,133,225,2,22
0,0,0,1,0,0,0,0,0,0.3775,0.705,0,0,0.9575,0.13,0,103,202,178,5,22
1,0,0,0,0,0,0,0,0,1,0,0,0,0,0,1,6,169,255,4,22
0,0,0,1,0,0,0,0,0,0.3375,0.75,0,0,0,1,0,104,202,196,5,22
0,1,0,0,0,0,0,0,0,1,0,0,0,0,0,1,37,129,240,2,22
0,1,0,0,0,0,0,0,0,1,0,0,0,0,0,1,37,128,236,2,22
1,0,0,0,0,0,0,0,0,1,0,0,0,0,0,1,6,168,255,4,22
0,0,0,1,0,0,0,1,0,0,0,0,0,0,0,1,113,16,233,1,22
0,0,1,0,0,0,0,0,0,1,0,0,0,0,1,0,66,140,191,0,22
0,0,0,1,0,0,0,1,0,0,0,0,0,0,0,1,108,18,236,1,22
1,0,0,0,0,0,0,0,0,1,0,0,0,1,0,0,3,188,156,3,22
0,0,1,0,0,0,0,0,0,1,0,0,0,0,1,0,66,143,193,0,22
0,0,0,1,0,0,0,1,0,0,0,0,0,0,0,1,108,19,244,1,23
0,0,1,0,0,0,0,0,0,1,0,0,0,0,0.9975,0.02,67,118,207,0,23
0,0,1,0,0,0,0,0,0,1,0,0,0,0,1,0,67,141,196,0,23
1,0,0,0,0,0,0,0,0,1,0,0,0,0,0,1,6,158,255,4,23
0,0,0,1,0,0,0,0,0,1,0,0,0,0,1,0,104,186,199,5,23
0.9975,0,0,0,0,0.0025,0,0,0,1,0,0,0,1,0,0,2,172,162,3,23
0,0,1,0,0,0,0,0,0,1,0,0,0,0,1,0,66,140,197,0,23
0,1,0,0,0,0,0,0,0,1,0,0,0,0,0,1,37,132,249,2,23
0,0,0,1,0,0,0,0,0,1,0,0,0,0,1,0,104,185,198,5,23
1,0,0,0,0,0,0,0,0,1,0,0,0,1,0,0,3,183,160,3,23
1,0,0,0,0,0,0,0,0,1,0,0,0,0,0,1,6,161,255,4,23
1,0,0,0,0,0,0,0,0,1,0,0,0,0,0,1,6,160,255,4,23
0,0,0,1,0,0,0,0,0,0.575,0.605,0,0,0,0.9025,0.2625,104,201,206,5,23
0,0,0,1,0,0,0,1,0,0,0,0,0,0,0,1,111,20,248,1,23
0,0,1,0,0,0,0,0,0,1,0,0,0,0,1,0,66,138,201,0,23
1,0,0,0,0,0,0,0,0,1,0,0,0,0,0,1,7,164,255,4,23
0,0,1,0,0,0,0,0,0,1,0,0,0,0,0.7,0.7225,67,146,210,0,23
0,0,0,1,0,0,0,1,0,0,0,0,0,0,0,1,111,19,244,1,23
0,0,0,1,0,0,0,0,0,0.9725,0.0425,0,0,0.2875,0.8025,0,104,197,183,5,23
0,0,0,1,0,0,0,1,0,0,0,0,0,0,0,1,112,17,223,1,23
0,0,0,1,0,0,0,1,0,0,0,0,0,0,0,1,116,17,224,1,23
0,1,0,0,0,0,0,0,0,1,0,0,0,0,0.0075,0.995,36,129,227,2,23
0,1,0,0,0,0,0,0,0,1,0,0,0,0.035,0.0675,0.9,36,129,232,2,23
1,0,0,0,0,0,0,0,0,1,0,0,0,0,0,1,5,162,255,4,23
1,0,0,0,0,0,0,0,0,1,0,0,0,1,0,0,3,185,143,3,23
0,0,0.005,0.995,0,0,0,1,0,0,0,0,0,0,0,1,103,9,220,1,23
0,0,0,1,0,0,0,0,0,1,0,0,0,0,1,0,103,187,187,5,23
1,0,0,0,0,0,0,0,0,1,0,0,0,0,0,1,6,166,255,4,23
0,0,0,1,0,0,0,0,0,0.99,0.105,0,0,0,1,0,104,197,194,5,23
0,1,0,0,0,0,0,0,0,1,0,0,0,0,0,1,37,126,234,2,23
0,0,1,0,0,0,0,0,0,1,0,0,0,0,1,0,67,145,195,0,23
1,0,0,0,0,0,0,0,0,1,0,0,0,0,0,1,6,167,255,4,23
1,0,0,0,0,0,0,0,0,1,0,0,0,1,0,0,3,181,151,3,23
0,1,0,0,0,0,0,0,0,1,0,0,0,0,0,1,37,135,245,2,23
0,1,0,0,0,0,0,0,0,1,0,0,0,0,0,1,37,132,244,2,23
0,0,0,1,0,0,0,0,0,0.9225,0.1175,0,0,0,1,0,105,197,198,5,23
1,0,0,0,0,0,0,0,0,1,0,0,0,1,0,0,2,160,142,3,23
0.97,0,0,0,0,0.03,0,0,0,1,0,0,0,1,0,0,2,118,156,3,23
0,0,1,0,0,0,0,0,0,1,0,0,0,0.9425,0.185,0,67,148,179,0,23
0,0,0.01,1,0,0,0,1,0,0,0,0,0,0,0,1,101,7,215,1,23
0.995,0,0,0,0,0.005,0,0,0,1,0,0,0,1,0,0,3,184,146,3,23
0,0,0.0275,0.9725,0,0,0,1,0,0,0,0,0,0,0,1,103,9,219,1,23
0,0.0025,0.0825,0.92,0,0,0,1,0,0,0,0,0,0,0.105,0.9675,103,11,214,1,23
0,0,0,1,0,0,0,0,0,1,0,0,0,0.2875,0.86,0,103,191,182,5,23
0,0,1,0,0,0,0,0,0,1,0,0,0,0,1,0,65,136,186,0,23
0,1,0,0,0,0,0,0,0,1,0,0,0,0,0,1,37,129,235,2,23
1,0,0,0,0,0,0,0,0,1,0,0,0,1,0,0,3,180,148,3,23
1,0,0,0,0,0,0,0,0,1,0,0,0,1,0,0,3,179,147,3,23
0,0,0,1,0,0,0,0,0,0.4075,0.69,0,0,0,1,0,104,203,192,5,23
0,0,1,0,0,0,0,0,0,1,0,0,0,0,1,0,66,143,191,0,23
1,0,0,0,0,0,0,0,0,1,0,0,0,0,0,1,5,166,255,4,23
0,1,0,0,0,0,0,0,0,1,0,0,0,0,0,1,37,133,243,2,23
0,1,0,0,0,0,0,0,0,1,0,0,0,0,0,1,37,131,242,2,23
1,0,0,0,0,0,0,0,0,1,0,0,0,0,0,1,6,167,255,4,23
0,1,0,0,0,0,0,0,0,1,0,0,0,0,0,1,37,128,236,2,24
1,0,0,0,0,0,0,0,0,1,0,0,0,1,0,0,2,179,147,3,24
0,1,0,0,0,0,0,0,0,1,0,0,0,0,0,1,37,119,246,2,24
0,0,0,1,0,0,0,1,0,0,0,0,0,0,0.0375,0.9725,98,15,224,1,24
0,0,1,0,0,0,0,0,0,1,0,0,0,0.03,0.975,0,66,135,194,0,24
0,0,0,1,0,0,0,0,0,1,0.0025,0,0,0,1,0,103,192,193,5,24
1,0,0,0,0,0,0,0,0,1,0,0,0,0,0,1,6,169,255,4,24
1,0,0,0,0,0,0,0,0,0.61,0.4525,0,0,1,0,0,3,199,150,3,24
0,0,0,1,0,0,0,0,0,0.335,0.7725,0,0,0,1,0,103,202,197,5,24
0,0,0,1,0,0,0,0,0,0.4275,0.795,0,0,0,0.965,0.2,104,200,208,5,24
0,0,1,0,0,0,0,0,0,1,0,0,0,0,1,0,67,140,198,0,24
1,0,0,0,0,0,0,0,0,1,0,0,0,0,0,1,6,164,255,4,24
1,0,0,0,0,0,0,0,0,1,0,0,0,0,0,1,7,165,255,4,24
1,0,0,0,0,0,0,0,0,1,0,0,0,0,0,1,7,166,255,4,24
0,0,0,1,0,0,0,0,0,0.94,0.1975,0,0,0,0.995,0.065,104,197,206,5,24
0,0,0,1,0,0,0,1,0,0,0,0,0,0,0,1,110,19,245,1,24
1,0,0,0,0,0,0,0,0,1,0,0,0,1,0,0,3,187,164,3,24
0,1,0,0,0,0,0,0,0,1,0,0,0,0,0,1,38,132,253,2,24
0,0,1,0,0,0,0,0,0,1,0,0,0,0.84,0.5225,0,65,132,180,0,24
0,0,0,1,0,0,0,0,0,0.565,0.4675,0,0,0.73,0.305,0,103,203,175,5,24
0,1,0,0,0,0,0,0,0,1,0,0,0,0,0,1,37,130,224,2,24
1,0,0,0,0,0,0,0,0,1,0,0,0,1,0,0,3,174,141,3,24
1,0,0,0,0,0,0,0,0,0.9675,0.0625,0,0,1,0,0,3,194,143,3,24
0,0,1,0,0,0,0,0,0,1,0,0,0,0,1,0,66,134,186,0,24
1,0,0,0,0,0,0,0,0,0.025,0.9825,0,0,1,0,0,3,211,138,3,24
0,0,0.1525,0.875,0,0,0,1,0,0,0,0,0,0.0575,0.67,0.445,96,7,209,1,24
0,0,1,0,0,0,0,0,0,1,0,0,0,0.075,0.9725,0,66,142,183,0,24
0,0,1,0,0,0,0,0,0,1,0,0,0,0,1,0,66,143,186,0,24
0,0,0,1,0,0,0,1,0,0,0,0,0,0,0,1,113,17,226,1,24
1,0,0,0,0,0,0,0,0,1,0,0,0,0,0,1,6,169,255,4,24
0,1,0,0,0,0,0,0,0,1,0,0,0,0,0,1,37,133,237,2,24
0,0,0,1,0,0,0,1,0,0,0,0,0,0,0,1,108,19,229,1,24
0,0,1,0,0,0,0,0,0,1,0,0,0,0,1,0,66,142,189,0,24
0,0,0,1,0,0,0,1,0,0,0,0,0,0,0,1,108,19,229,1,24
0,1,0,0,0,0,0,0,0,1,0,0,0,0,0,1,37,133,239,2,24
1,0,0,0,0,0,0,0,0,1,0,0,0,0,0,1,6,168,255,4,24
0.91,0,0,0,0,0.09,0,0,0,1,0,0,0,1,0,0,0,107,153,3,24
0,1,0,0,0,0,0,0,0,1,0,0,0,0,0,1,37,117,224,2,24
0,0,0,1,0,0,0,0,0,0.585,0.4325,0,0,0.4525,0.7125,0,103,203,180,5,24
0,0,0,1,0,0,0,0,0,1,0,0,0,0.935,0.12,0,103,191,178,5,24
0,1,0,0,0,0,0,0,0,1,0,0,0,0,0,1,36,130,228,2,24
0,0,0.1325,0.8675,0,0,0,1,0,0,0,0,0,0,0,1,96,6,215,1,24
1,0,0,0,0,0,0,0,0,1,0.0025,0,0,1,0,0,3,189,142,3,24
1,0,0,0,0,0,0,0,0,1,0,0,0,0,0,1,6,177,255,4,24
0,0.0025,0.31,0.705,0,0,0,1,0,0,0,0,0,0,0.0225,1,96,6,213,1,24
0,0,0,1,0,0,0,1,0,0,0,0,0,0,0,1,113,18,232,1,24
0,0,1,0,0,0,0,0,0,1,0,0,0,0,1,0,66,140,188,0,24
1,0,0,0,0,0,0,0,0,1,0,0,0,1,0,0,3,178,147,3,24
1,0,0,0,0,0,0,0,0,1,0,0,0,0,0,1,6,169,255,4,24
0,0,0,1,0,0,0,0,0,0.645,0.53,0,0,0.0125,0.995,0,104,198,193,5,24
1,0,0,0,0,0,0,0,0,1,0,0,0,0,0,1,6,167,255,4,24
0,0,1,0,0,0,0,0,0,1,0,0,0,0,1,0,66,150,195,0,24
0,1,0,0,0,0,0,0,0,1,0,0,0,0,0,1,37,134,241,2,24
0,0,0,1,0,0,0,0,0,0.7875,0.3825,0,0,0,1,0,104,198,193,5,24
