1,0,0,0,0,0,0,0,0,1,0,0,0,0,0,1,7,163,255,4,0
0,1,0,0,0,0,0,0,0,1,0,0,0,0,0,1,38,141,239,2,0
0,0,0.6425,0.745,0,0,0,1,0,0,0,0,0,0,0,1,85,14,221,1,0
0,0,1,0,0,0,0,0,0,1,0,0,0,0,1,0,67,165,185,0,0
0,0,1,0,0,0,0,0,0,1,0,0,0,0,1,0,67,160,186,0,0
0,0,1,0,0,0,0,0,0,1,0,0,0,0,1,0,66,152,189,0,0
1,0,0,0,0,0,0,0,0,1,0,0,0,0,0,1,6,180,255,4,0
0,0,0,1,0,0,0,0,0,0,1,0,0,1,0,0,103,227,171,5,0
0,1,0,0,0,0,0,0,0,1,0,0,0,0,0,1,38,140,234,2,0
0,0,0,1,0,0,0,0,0,0.02,0.9975,0,0,1,0,0,104,204,164,5,0
0,0,0,1,0,0,0,1,0,0,0,0,0,0,1,0,95,14,204,1,0
1,0,0,0,0,0,0,0,0,1,0,0,0,1,0,0,2,187,134,3,0
0,1,0,0,0,0,0,0,0,1,0,0,0,0,0,1,38,133,218,2,0
0,0,0.005,1,0,0,0,1,0,0,0,0,0,0,1,0,95,15,202,1,0
1,0,0,0,0,0,0,0,0,1,0,0,0,1,0,0,2,188,132,3,0
0,0,0,1,0,0,0,0,0,0,1,0,0,1,0,0,104,209,160,5,0
0,0,0,1,0,0,0,0,0,0.075,0.9475,0,0,1,0,0,104,207,161,5,0
0,0,0,1,0,0,0,1,0,0,0,0,0,0,1,0,105,19,201,1,0
0,0,1,0,0,0,0,0,0,1,0,0,0,0,1,0,65,142,190,0,0
0,0,0.7775,0.6575,0,0,0,1,0,0,0,0,0,0,0,1,85,14,221,1,0
0,0,1,0,0,0,0,0,0,1,0,0,0,0,1,0,68,171,187,0,0
0,1,0,0,0,0,0,0,0,1,0,0,0,0,0,1,38,141,237,2,0
0,1,0,0,0,0,0,0,0,1,0,0,0,0,0,1,38,137,239,2,0
1,0,0,0,0,0,0,0,0,0.935,0.0975,0,0,1,0,0,4,184,154,3,0
0,1,0,0,0,0,0,0,0,1,0,0,0,0,0,1,38,144,232,2,0
0,0,0,1,0,0,0,0,0,0,1,0,0,1,0,0,103,225,168,5,0
0,0,1,0,0,0,0,0,0,1,0,0,0,0.0475,0.9625,0,66,157,183,0,0
0,0,0.005,1,0,0,0,1,0,0,0,0,0,0,0.9825,0.1225,95,15,208,1,0
1,0,0,0,0,0,0,0,0,1,0,0,0,0,0,1,6,172,243,4,0
1,0,0,0,0,0,0,0,0,1,0,0,0,0,0,1,5,166,241,4,0
0,0,0,1,0,0,0,0,0,0,1,0,0,1,0,0,104,207,161,5,0
0.9975,0,0,0,0,0.0025,0,0,0,0.885,0.155,0,0,1,0,0,2,196,132,3,0
0,0,0.0025,0.9975,0,0,0,1,0,0,0,0,0,0,1,0,104,16,203,1,0
1,0,0,0,0,0,0,0,0,0.935,0.0975,0,0,1,0,0,2,192,130,3,0
1,0,0,0,0,0,0,0,0,1,0,0,0,0,0,1,5,177,255,4,0
1,0,0,0,0,0,0,0,0,1,0,0,0,1,0,0,2,189,127,3,0
0,1,0,0,0,0,0,0,0,1,0,0,0,0,0,1,38,130,240,2,0
1,0,0,0,0,0,0,0,0,0.99,0.01,0.0025,0.0025,0.0275,0.015,0.9525,7,174,255,4,0
0,0,0,1,0,0,0,0,0,0,1,0,0,0.965,0.065,0,103,233,176,5,0
1,0,0,0,0,0,0,0,0,0.0525,0.965,0,0,1,0,0,2,209,151,3,0
1,0,0,0,0,0,0,0,0,1,0,0,0,0,0,1,7,172,255,4,0
1,0,0,0,0,0,0,0,0,0.9425,0.1,0,0,1,0,0,4,197,155,3,0
1,0,0,0,0,0,0,0,0,1,0,0,0,0,0,1,7,177,255,4,0
1,0,0,0,0,0,0,0,0,1,0,0,0,0,0,1,7,179,255,4,0
0,0,1,0,0,0,0,0,0,1,0,0,0,0.02,0.995,0,67,164,184,0,0
1,0,0,0,0,0,0,0,0,1,0.0025,0,0,1,0,0,3,189,137,3,0
0,1,0,0,0,0,0,0,0,1,0,0,0,0,0,1,38,133,218,2,0
0,1,0,0,0,0,0,0,0,1,0,0,0,0,0,1,38,130,216,2,0
0,0,1,0,0,0,0,0,0,1,0,0,0,1,0,0,66,160,172,0,0
0,0,0,1,0,0,0,0,0,0,1,0,0,1,0,0,104,209,161,5,0
0,0,1,0,0,0,0,0,0,1,0,0,0,1,0,0,66,153,168,0,0
0,0,0,1,0,0,0,1,0,0,0,0,0,0,1,0,95,15,203,1,0
0,0,0.0025,1,0,0,0,1,0,0,0,0,0,0,1,0,95,14,199,1,0
0,0,0,1,0,0,0,0,0,0.1575,0.8875,0,0,1,0,0,105,205,159,5,0
0,1,0,0,0,0,0,0,0,1,0,0,0,0,0,1,37,139,253,2,1
1,0,0,0,0,0,0,0,0,0.9925,0.0075,0,0.0025,0.0175,0.0125,0.9725,8,178,255,4,1
0,0,0,1,0,0,0,0,0,0,1,0,0,0,1,0,104,227,190,5,1
1,0,0,0,0,0,0,0,0,0,1,0,0,1,0,0,3,219,164,3,1
1,0,0,0,0,0,0,0,0,1,0,0,0,0,0,1,8,178,255,4,1
1,0,0,0,0,0,0,0,0,0.9225,0.12,0,0,1,0,0,3,186,169,3,1
1,0,0,0,0,0,0,0,0,1,0,0,0,0,0,1,8,179,255,4,1
1,0,0,0,0,0,0,0,0,1,0,0,0,0,0,1,9,181,255,4,1
0,0,1,0,0,0,0,0,0,1,0,0,0,0,1,0,64,145,200,0,1
1,0,0,0,0,0,0,0,0,0.3725,0.6775,0,0,1,0,0,3,204,120,3,1
0,1,0,0,0,0,0,0,0,1,0,0,0,0,1,0,38,131,201,2,1
0,1,0,0,0,0,0,0,0,1,0,0,0,0,1,0,38,127,201,2,1
0,0,1,0,0,0,0,0,0,1,0,0,0,1,0,0,66,157,159,0,1
0,0,0,1,0,0,0,0,0,0.0825,0.96,0,0,1,0,0,105,205,153,5,1
0,0,1,0,0,0,0,0,0,1,0,0,0,1,0,0,67,149,157,0,1
0,0,0,1,0,0,0,1,0,0,0,0,0,0,1,0,104,25,193,1,1
0,0,0.0025,1,0,0,0,1,0,0,0,0,0,0,1,0,101,23,191,1,1
0,0,0,1,0,0,0,0,0,0.685,0.5075,0,0,1,0,0,106,200,153,5,1
1,0,0,0,0,0,0,0,0,1,0,0,0,0,0,1,8,165,255,4,1
0,1,0,0,0,0,0,0,0,1,0,0,0,0,0.005,0.995,36,153,255,2,1
0,0.0825,0.9875,0,0,0,0,1,0,0,0,0,0,0,0,1,66,11,236,1,1
0,0,1,0,0,0,0,0,0,1,0,0,0,0,1,0,64,152,202,0,1
0,0,1,0,0,0,0,0,0,1,0,0,0,0,1,0,64,148,202,0,1
0,0,1,0,0,0,0,0,0,1,0,0,0,0,1,0,64,146,202,0,1
1,0,0,0,0,0,0,0,0,1,0,0,0,0,0,1,9,181,255,4,1
0,0,0,1,0,0,0,0,0,0.0075,0.995,0,0,0.015,0.9875,0,104,216,191,5,1
0,1,0,0,0,0,0,0,0,1,0,0,0,0,0,1,36,150,253,2,1
0,0,0,1,0,0,0,0,0,0.1325,0.9225,0,0,1,0,0,105,205,157,5,1
0,0,0.0025,0.9975,0,0,0,1,0,0,0,0,0,0,1,0,101,22,196,1,1
1,0,0,0,0,0,0,0,0,0.9975,0.0025,0,0,1,0,0,2,182,122,3,1
0,1,0,0,0,0,0,0,0,1,0,0,0,0,1,0,38,136,205,2,1
0,0,0.0025,1,0,0,0,1,0,0,0,0,0,0,1,0,101,22,195,1,1
1,0,0,0,0,0,0,0,0,0.995,0.0125,0,0,1,0,0,2,188,121,3,1
0,0,0,1,0,0,0,0,0,0.0275,0.9825,0,0,1,0,0,105,206,154,5,1
0,0,0,1,0,0,0,0,0,0.2725,0.7875,0,0,1,0,0,106,204,154,5,1
0,0,0,1,0,0,0,1,0,0,0,0,0,0,1,0,102,31,191,1,1
0,0,1,0,0,0,0,0,0,1,0,0,0,0,1,0,63,142,205,0,1
0,0.1275,0.95,0.01,0,0,0,1,0,0,0,0,0,0,0,1,66,11,237,1,1
0,0,1,0,0,0,0,0,0,1,0,0,0,0,1,0,64,158,199,0,1
0,1,0,0,0,0,0,0,0,1,0,0,0,0,0,1,36,152,255,2,1
0,1,0,0,0,0,0,0,0,1,0,0,0,0,0,1,36,145,255,2,1
1,0,0,0,0,0,0,0,0,0.7,0.35,0,0,1,0,0,4,194,167,3,1
0,1,0,0,0,0,0,0,0,1,0,0,0,0,0,1,36,155,255,2,1
0,0,0,1,0,0,0,0,0,0,1,0,0,0,1,0,104,221,194,5,1
0,0,1,0,0,0,0,0,0,1,0,0,0,0,1,0,63,146,201,0,1
0,0,0.0025,1,0,0,0,1,0,0,0,0,0,0,1,0,95,22,195,1,1
1,0,0,0,0,0,0,0,0,1,0,0,0,0,0,1,7,175,225,4,1
1,0,0,0,0,0,0,0,0,1,0,0,0,0,0,1,6,168,217,4,1
0,0,0,1,0,0,0,0,0,0.0275,0.9825,0,0,1,0,0,105,208,155,5,1
1,0,0,0,0,0,0,0,0,0.8475,0.2075,0,0,1,0,0,2,196,122,3,1
0,0,0.005,1,0,0,0,1,0,0,0,0,0,0,1,0,98,20,193,1,1
1,0,0,0,0,0,0,0,0,0.885,0.2225,0,0,1,0,0,3,198,120,3,1
1,0,0,0,0,0,0,0,0,1,0,0,0,0,0,1,6,184,236,4,1
0.9775,0,0,0,0,0.0225,0,0,0,0.9525,0.0625,0,0,1,0,0,2,190,114,3,1
0,1,0,0,0,0,0,0,0,1,0,0,0,0,0,1,37,144,254,2,2
1,0,0,0,0,0,0,0,0,1,0,0,0,0,0,1,9,178,255,4,2
0,0,0,1,0,0,0,0,0,0,1,0,0,0,1,0,104,226,192,5,2
1,0,0,0,0,0,0,0,0,0,1,0,0,1,0,0,3,216,168,3,2
1,0,0,0,0,0,0,0,0,1,0,0,0,0,0,1,9,176,255,4,2
1,0,0,0,0,0,0,0,0,0.655,0.38,0,0,1,0,0,4,194,170,3,2
1,0,0,0,0,0,0,0,0,1,0,0,0,0,0,1,9,181,255,4,2
1,0,0,0,0,0,0,0,0,1,0,0,0,0,0,1,9,181,255,4,2
0,0,1,0,0,0,0,0,0,1,0,0,0,0,1,0,63,148,201,0,2
1,0,0,0,0,0,0,0,0,0.9675,0.0375,0,0,1,0,0,3,195,125,3,2
0,1,0,0,0,0,0,0,0,1,0,0,0,0,1,0,38,134,205,2,2
0,1,0,0,0,0,0,0,0,1,0,0,0,0,1,0,38,129,201,2,2
0,0,1,0,0,0,0,0,0,1,0,0,0,1,0,0,66,157,161,0,2
0,0,0,1,0,0,0,0,0,0.06,0.965,0,0,1,0,0,105,207,156,5,2
0,0,1,0,0,0,0,0,0,1,0,0,0,1,0,0,66,149,158,0,2
0,0,0,1,0,0,0,1,0,0,0,0,0,0,1,0,95,20,190,1,2
0,0,0,1,0,0,0,1,0,0,0,0,0,0,1,0,104,25,194,1,2
0,0,0,1,0,0,0,0,0,0.7675,0.405,0,0,1,0,0,106,198,152,5,2
1,0,0,0,0,0,0,0,0,1,0,0,0,0,0.0275,0.9725,6,172,255,4,2
0,1,0,0,0,0,0,0,0,1,0,0,0,0,0,1,38,143,230,2,2
0,0,0,1,0,0,0,1,0,0,0,0,0,0,0,1,102,26,223,1,2
0,0,1,0,0,0,0,0,0,1,0,0,0,0.975,0.1425,0,67,170,178,0,2
0,0,1,0,0,0,0,0,0,1,0,0,0,0.405,0.7475,0,67,155,181,0,2
0,0,1,0,0,0,0,0,0,1,0,0,0,0.01,1,0,67,152,184,0,2
1,0,0,0,0,0,0,0,0,1,0,0,0,0,0,1,7,186,246,4,2
0,0,0,1,0,0,0,0,0,0,1,0,0,1,0,0,104,225,170,5,2
0,1,0,0,0,0,0,0,0,1,0,0,0,0,0,1,38,136,228,2,2
0,0,0,1,0,0,0,0,0,0.26,0.86,0,0,0.055,0.9825,0,104,204,183,5,2
0.0125,1,0,0,0,0,0,1,0,0,0,0,0,0,0,1,38,12,230,1,2
1,0,0,0,0,0,0,0,0,0.095,0.97,0,0,1,0,0,3,206,157,3,2
0,1,0,0,0,0,0,0,0,1,0,0,0,0,0,1,35,153,253,2,2
0,1,0,0,0,0,0,1,0,0,0,0,0,0,0,1,35,15,231,1,2
1,0,0,0,0,0,0,0,0,0.4025,0.7725,0,0,1,0,0,3,200,158,3,2
0,0,0,1,0,0,0,0,0,0.005,1,0,0,0,1,0,104,206,187,5,2
0,0,0,1,0,0,0,0,0,0.3925,0.7325,0,0,0.0425,0.9925,0,104,204,183,5,2
0.01,0.99,0.0025,0,0,0,0,1,0,0,0,0,0,0,0,1,35,9,229,1,2
0,0,1,0,0,0,0,0,0,1,0,0,0,0.3,0.8,0,66,146,182,0,2
0,0,0,1,0,0,0,1,0,0,0,0,0,0,0.0025,1,95,18,215,1,2
0,0,1,0,0,0,0,0,0,1,0,0,0,0.8125,0.405,0,68,169,179,0,2
0,1,0,0,0,0,0,0,0,1,0,0,0,0,0,1,39,138,229,2,2
0,1,0,0,0,0,0,0,0,1,0,0,0,0,0,1,39,137,230,2,2
0.9925,0,0,0,0,0.0075,0,0,0,0.9875,0.015,0,0,1,0,0,2,185,144,3,2
0,1,0,0,0,0,0,0,0,1,0,0,0,0,0,1,38,141,224,2,2
0,0,0,1,0,0,0,0,0,0,1,0,0,1,0,0,104,223,171,5,2
0,0,1,0,0,0,0,0,0,1,0,0,0,0.815,0.355,0,67,160,178,0,2
0,1,0,0,0,0,0,1,0,0,0,0,0,0,0,1,51,8,229,1,2
1,0,0,0,0,0,0,0,0,1,0,0,0,0,0,1,7,176,255,4,2
1,0,0,0,0,0,0,0,0,1,0,0,0,0,0,1,7,176,255,4,2
0,0,0,1,0,0,0,0,0,0.05,0.985,0,0,0.9925,0.035,0,104,207,177,5,2
1,0,0,0,0,0,0,0,0,0.005,1,0,0,1,0,0,3,210,156,3,2
0.075,0.9825,0.0125,0,0,0,0,1,0,0,0,0,0,0,0,1,42,6,222,1,2
1,0,0,0,0,0,0,0,0,0.02,0.9925,0,0,1,0,0,4,208,159,3,2
1,0,0,0,0,0,0,0,0,1,0,0,0,0,0,1,7,182,255,4,2
1,0,0,0,0,0,0,0,0,0.0175,0.99,0,0,1,0,0,3,208,151,3,2
0,0,1,0,0,0,0,0,0,1,0,0,0,0.8975,0.3075,0,64,129,179,0,3
0,0,0.5625,0.4525,0,0,0,1,0,0,0,0,0,0,0,1,83,5,218,1,3
0,0,0,1,0,0,0,0,0,0.965,0.055,0,0,0.9175,0.2125,0,105,194,178,5,3
1,0,0,0,0,0,0,0,0,1,0,0,0,1,0,0,2,181,141,3,3
0,0,0,1,0,0,0,0,0,0.985,0.0575,0,0,1,0,0,105,196,174,5,3
0,0.07,0.855,0.1025,0,0,0,1,0,0,0,0,0,0,0,1,83,5,216,1,3
0,0,1,0,0,0,0,0,0,1,0,0,0,1,0,0,65,133,174,0,3
1,0,0,0,0,0,0,0,0,1,0,0,0,0,0,1,6,176,253,4,3
1,0,0,0,0,0,0,0,0,0.85,0.1975,0,0,1,0,0,3,192,145,3,3
0,1,0,0,0,0,0,0,0,1,0,0,0,0,0,1,39,129,237,2,3
0,0,0,1,0,0,0,0,0,0.0175,0.985,0,0,0,1,0,106,220,195,5,3
0,0,0,1,0,0,0,1,0,0,0,0,0,0,0,1,108,40,239,1,3
1,0,0,0,0,0,0,0,0,1,0,0,0,0,0,1,6,173,255,4,3
1,0,0,0,0,0,0,0,0,1,0,0,0,0,0,1,5,169,255,4,3
0.9775,0,0,0,0,0.0225,0,0,0,0.8275,0.25,0,0,1,0,0,1,193,147,3,3
0,0,1,0,0,0,0,0,0,1,0,0,0,0,1,0,68,153,190,0,3
0,0,1,0,0,0,0,0,0,1,0,0,0,0,1,0,67,150,191,0,3
0,0,0,1,0,0,0,0,0,0,1,0,0,0,1,0,105,221,194,5,3
1,0,0,0,0,0,0,0,0,1,0,0,0,0,0,1,7,168,255,4,3
1,0,0,0,0,0,0,0,0,0.965,0.0575,0,0,1,0,0,3,192,169,3,3
0,1,0,0,0,0,0,0,0,1,0,0,0,0,0,1,34,134,255,2,3
1,0,0,0,0,0,0,0,0,1,0,0,0,1,0,0,3,190,163,3,3
0,0.2375,0.8025,0.0125,0,0,0,1,0,0,0,0,0,0,0,1,83,4,238,1,3
0,0,1,0,0,0,0,0,0,1,0,0,0,0,1,0,65,133,201,0,3
1,0,0,0,0,0,0,0,0,1,0,0,0,0,0,1,7,167,255,4,3
0,0.055,0.9825,0.0075,0,0,0,1,0,0,0,0,0,0,0,1,83,4,236,1,3
1,0,0,0,0,0,0,0,0,1,0,0,0,0,0,1,7,171,255,4,3
0.975,0,0,0,0,0.025,0,0,0,0.205,0.835,0,0,1,0,0,1,203,135,3,3
0,0,0,1,0,0,0,0,0,0,1,0,0,0,1,0,106,222,193,5,3
0,1,0,0,0,0,0,0,0,1,0,0,0,0,0,1,40,126,236,2,3
0,1,0,0,0,0,0,0,0,1,0,0,0,0,0,1,40,126,237,2,3
0,0,1,0,0,0,0,0,0,1,0,0,0,0,1,0,67,146,188,0,3
0,0,1,0,0,0,0,0,0,1,0,0,0,0,1,0,67,145,189,0,3
0,0,0,1,0,0,0,0,0,0,1,0,0,0,1,0,106,211,199,5,3
0,1,0,0,0,0,0,0,0,1,0,0,0,0,0,1,40,133,240,2,3
0.9775,0,0,0,0,0.0225,0,0,0,0.0075,0.9975,0,0,1,0,0,1,216,139,3,3
0,1,0,0,0,0,0,0,0,1,0,0,0,0,0.85,0.5575,36,121,210,2,3
0,0,0,1,0,0,0,0,0,1,0,0,0,1,0,0,105,177,166,5,3
0,0,0,1,0,0,0,1,0,0,0,0,0,0,0.8275,0.315,109,10,209,1,3
0,0,1,0,0,0,0,0,0,1,0,0,0,1,0,0,64,131,169,0,3
1,0,0,0,0,0,0,0,0,1,0,0,0,1,0,0,3,181,137,3,3
1,0,0,0,0,0,0,0,0,1,0,0,0,0,0,1,6,173,242,4,3
0,0,1,0,0,0,0,0,0,1,0,0,0,1,0,0,66,124,168,0,3
0,1,0,0,0,0,0,0,0,1,0,0,0,0,0,1,37,133,215,2,3
1,0,0,0,0,0,0,0,0,1,0,0,0,1,0,0,2,181,137,3,3
1,0,0,0,0,0,0,0,0,1,0,0,0,0,0,1,5,172,255,4,3
0,1,0,0,0,0,0,0,0,1,0,0,0,0,0,1,38,131,237,2,3
0,0,0,1,0,0,0,1,0,0,0,0,0,0,0,1,110,38,244,1,3
0,0,0,1,0,0,0,0,0,0,1,0,0,0,1,0,106,208,195,5,3
0,1,0,0,0,0,0,0,0,1,0,0,0,0,0,1,39,129,241,2,3
0,0,0,1,0,0,0,1,0,0,0,0,0,0,0,1,110,36,244,1,3
0,0,0,1,0,0,0,0,0,0,1,0,0,0,1,0,105,214,195,5,3
1,0,0,0,0,0,0,0,0,1,0,0,0,0,0,1,6,172,255,4,3
0,0,0,1,0,0,0,1,0,0,0,0,0,0,0,1,107,36,244,1,3
0.9825,1,0,0,0,0,0,0,0.025,0.985,0,0,0,0,0,1,30,88,255,2,4
0,0,0,1,0,0,0,0,0,1,0,0,0,0,0,1,107,193,243,5,4
1,1,0,0,0,0,0,1,0,0,0,0,0,0,0,1,30,2,255,1,4
0,0.2875,0.9775,0,0,0,0,0,0,1,0,0,0,0,0,1,61,130,232,0,4
1,0,0,0,0,0,0,0,0,0,1,0,0,0,1,0.005,4,217,206,3,4
1,0,0,0,0,0,0,0,0,1,0,0,0,0,0,1,13,156,255,4,4
0,0,1,0,0,0,0,0,0,1,0,0,0,0,0,1,62,131,216,0,4
1,1,0,0,0,0,0,0,0,1,0,0,0,0,0,1,30,126,255,2,4
1,0,0,0,0,0,0,0,0,0,1,0,0,0,1,0,4,220,197,3,4
1,0,0,0,0,0,0,0,0,1,0,0,0,0,0,1,7,186,255,4,4
0,1,0,0,0,0,0,0,0,1,0,0,0,0,0,1,37,134,228,2,4
0,0,0,1,0,0,0,1,0,0,0,0,0,0,0,1,109,28,220,1,4
0,0,0,1,0,0,0,0,0,0,1,0,0,0.0025,1,0,106,217,187,5,4
0,1,0,0,0,0,0,0,0,1,0,0,0,0,0,1,38,134,228,2,4
0,0,0,1,0,0,0,1,0,0,0,0,0,0,0,1,109,28,220,1,4
0,0,0,1,0,0,0,0,0,0,1,0,0,0.005,0.9975,0,105,222,184,5,4
1,0,0,0,0,0,0,0,0,0.9875,0.0375,0,0,0,0,1,6,195,255,4,4
0,0,0,1,0,0,0,1,0,0,0,0,0,0,0,1,106,26,219,1,4
0,0.01,1,0,0,0,0,0,0,1,0,0,0,0,0,1,62,125,239,0,4
0.9775,0.93,0.005,0.01,0.0075,0,0,1,0,0,0,0,0,0,0,1,30,2,255,1,4
0,0,0,1,0,0,0,0,0,0.975,0.1875,0,0,0,0,1,106,198,245,5,4
1,0,0,0,0,0,0,0,0,0.145,0.96,0,0,0,1,0,4,203,201,3,4
0,0,0,1,0,0,0,0,0,1,0.0025,0,0,0,0,1,106,195,234,5,4
1,0.9625,0,0,0,0,0,1,0,0,0,0,0,0,0,1,30,2,255,1,4
0,0,1,0,0,0,0,0,0,1,0,0,0,0,0,1,62,129,223,0,4
1,0,0,0,0,0,0,0,0,1,0,0,0,0,0,1,11,158,255,4,4
1,0,0,0,0,0,0,0,0,0,1,0,0,0,1,0,4,219,205,3,4
0,1,0,0,0,0,0,0,0,1,0,0,0,0,0,1,36,131,233,2,4
0,0,0,1,0,0,0,0,0,0,1,0,0,0.89,0.225,0,106,228,177,5,4
0,0,0,1,0,0,0,1,0,0,0,0,0,0,0,1,109,28,216,1,4
1,0,0,0,0,0,0,0,0,1,0,0,0,0,0,1,7,191,255,4,4
1,0,0,0,0,0,0,0,0,1,0,0,0,0,0,1,6,192,249,4,4
1,0,0,0,0,0,0,0,0,0,1,0,0,1,0,0,1,213,130,3,4
0,0,1,0,0,0,0,0,0,1,0,0,0,0.8725,0.3875,0,67,152,179,0,4
0,0,1,0,0,0,0,0,0,1,0,0,0,1,0,0,67,154,174,0,4
0,0,0,1,0,0,0,0,0,0,1,0,0,1,0,0,106,234,170,5,4
1,0,0,0,0,0,0,0,0,1,0,0,0,0,0,1,11,147,255,4,4
1,0,0,0,0,0,0,0,0,0.04,0.96,0,0,0,0.785,0.45,4,215,209,3,4
0.9125,0.7825,0,0,0,0,0,0.8525,0.645,0,0,0,0,0,0,1,30,60,255,2,4
1,0,0,0,0,0,0,0,0,0.3025,0.8025,0,0,0,1,0,3,201,199,3,4
0.975,0.9825,0.005,0,0,0,0,1,0,0,0,0,0,0,0,1,30,2,255,1,4
0,0.0125,1,0,0,0,0,0,0,1,0,0,0,0,0,1,62,132,238,0,4
1,0,0,0,0,0,0,0,0,1,0,0,0,0,0,1,10,155,255,4,4
1,1,0,0,0,0,0,1,0,0,0,0,0,0,0,1,30,2,255,1,4
1,0,0,0,0,0,0,0,0,1,0,0,0,0,0,1,12,159,255,4,4
1,0,0,0,0,0,0,0,0,0,1,0,0,1,0,0,2,227,136,3,4
0,0,0,1,0,0,0,0,0,0,1,0,0,0.9875,0.0225,0,106,229,175,5,4
0,1,0,0,0,0,0,0,0,1,0,0,0,0,0,1,38,132,214,2,4
0,1,0,0,0,0,0,0,0,1,0,0,0,0,0,1,37,135,230,2,4
0,0,1,0,0,0,0,0,0,1,0,0,0,1,0,0,67,154,171,0,4
0,0,1,0,0,0,0,0,0,1,0,0,0,1,0,0,67,152,169,0,4
0,0,0,1,0,0,0,0,0,0,1,0,0,0.085,0.98,0,106,223,182,5,4
0,1,0,0,0,0,0,0,0,1,0,0,0,0,0,1,38,139,220,2,4
1,0,0,0,0,0,0,0,0,0,1,0,0,1,0,0,2,236,121,3,4
1,0,0,0,0,0,0,0,0,0.5925,0.6,0,0,1,0,0,6,199,132,4,5
1,0,0,0,0,0,0,0,0,0,1,0,0.955,0.305,0,0,4,216,59,3,5
0,1,0,0,0,0,0,0,0,1,0,0,0,1,0,0,38,143,129,2,5
1,0,0,0,0,0,0,0,0,0.33,0.7125,0,0.035,0.985,0,0,4,202,63,3,5
0,0,0.025,0.99,0,0,0,1,0,0,0,0,0,1,0,0,95,24,127,1,5
0,0,1,0,0,0,0,0,0,1,0,0,0,1,0,0,67,179,99,0,5
1,0,0,0,0,0,0,0,0,1,0,0,0,1,0,0,7,179,137,4,5
0,0,0.01,1,0,0,0,1,0,0,0,0,0,1,0,0,93,24,129,1,5
1,0,0,0,0,0,0,0,0,0.9375,0.085,0,0,1,0,0,6,189,140,4,5
1,0,0,0,0,0,0,0,0,0,1,0,0,0,0,1,4,223,217,3,5
0,0,0,1,0,0,0,0,0,0.1125,0.9275,0,0,0,0,1,106,203,250,5,5
0.9575,0.995,0,0,0,0,0,1,0,0,0,0,0,0,0,1,30,52,255,2,5
0.985,0.92,0,0,0,0,0,0.275,0.9075,0,0,0,0,0,0,1,30,64,255,2,5
0,0,1,0,0,0,0,0,0,1,0,0,0,0,0,1,62,137,251,0,5
0,0.005,1,0,0,0,0,0,0,1,0,0,0,0,0,1,61,133,249,0,5
0,0,0,1,0,0,0,0,0,0,1,0,0,0,0,1,105,206,237,5,5
0.5975,1,0,0,0,0,0,0,1,0,0,0,0,0,0,1,30,73,255,2,5
1,0,0,0,0,0,0,0,0,0,1,0,0,0,0.635,0.6,4,231,210,3,5
0,1,0,0,0,0,0,0,0,1,0,0,0,1,0,0,39,132,120,2,5
0,0,0,1,0,0,0,0,0,0,1,0,0,1,0,0,109,226,88,5,5
0,0,0,1,0,0,0,1,0,0,0,0,0,1,0,0,105,39,125,1,5
0,0,1,0,0,0,0,0,0,1,0,0,0,1,0,0,67,172,92,0,5
1,0,0,0,0,0,0,0,0,0.0225,0.9875,0,1,0.0025,0,0,4,218,55,3,5
1,0,0,0,0,0,0,0,0,0.245,0.8225,0,0,1,0,0,6,203,127,4,5
0,0,1,0,0,0,0,0,0,1,0,0,0,1,0,0,69,162,96,0,5
0,1,0,0,0,0,0,0,0,1,0,0,0,1,0,0,40,142,129,2,5
1,0,0,0,0,0,0,0,0,0.0925,0.9425,0,1,0.015,0,0,4,210,57,3,5
1,0,0,0,0,0,0,0,0,1,0,0,0,0,0,1,12,143,255,4,5
0.99,0.535,0,0,0,0,0,0.965,0.385,0,0,0,0,0,0,1,30,58,255,2,5
1,1,0,0,0,0,0,1,0,0,0,0,0,0,0,1,30,2,255,1,5
0,0,0,1,0,0,0,0,0,0.3325,0.7925,0,0,0,0,1,107,202,250,5,5
0.95,0.535,0,0,0,0,0,1,0.29,0,0,0,0,0,0,1,30,58,255,2,5
0.985,0.9825,0.005,0.01,0,0,0,1,0,0,0,0,0,0,0,1,30,2,255,1,5
0,0,0,1,0,0,0,0,0,0,1,0,0,0,0,1,106,207,242,5,5
1,0,0,0,0,0,0,0,0,1,0,0,0,0,0,1,12,146,255,4,5
0.94,0.9275,0.0175,0.0125,0.0175,0,0,1,0,0,0,0,0,0,0,1,30,2,255,1,5
0,0,1,0,0,0,0,0,0,1,0,0,0,1,0,0,66,172,105,0,5
0,0,0,1,0,0,0,1,0,0,0,0,0,1,0,0,102,41,137,1,5
0,0,0,1,0,0,0,0,0,0,1,0,0,1,0,0,108,222,100,5,5
1,0,0,0,0,0,0,0,0,0.7975,0.2375,0,0,1,0,0,4,196,66,3,5
0,0,0,1,0,0,0,0,0,0,1,0,0,1,0,0,108,219,105,5,5
0,0,0.04,0.995,0,0,0,1,0,0,0,0,0,1,0,0,90,25,131,1,5
0,0,1,0,0,0,0,0,0,1,0,0,0,1,0,0,66,151,109,0,5
1,0,0,0,0,0,0,0,0,1,0,0,0,1,0,0,6,184,144,4,5
1,0,0,0,0,0,0,0,0,0.8125,0.205,0,0,1,0,0,4,194,67,3,5
1,0.9375,0,0,0,0,0,1,0,0,0,0,0,0,0,1,30,2,255,2,5
0,0,0,1,0,0,0,0,0,1,0,0,0,0,0,1,105,194,255,5,5
1,1,0,0,0,0,0,1,0,0,0,0,0,0,0,1,30,2,255,1,5
1,0,0,0,0,0,0,0,0,1,0,0,0,0,0,1,18,133,255,4,5
1,0,0,0,0,0,0,0,0,1,0,0,0,0,0,1,17,130,255,4,5
1,0,0,0,0,0,0,0,0,0,1,0,0,0,0,1,4,225,235,3,5
0,0,1,0,0,0,0,0,0,1,0,0,0,0,0,1,63,132,255,0,5
0,0,1,0,0,0,0,0,0,1,0,0,0,0,0,1,62,130,255,0,5
0,0,0,1,0,0,0,0,0,0.0575,0.9825,0,0,0,0,1,105,202,255,5,5
0,0,0,1,0,0,0,1,0,0,0,0,0,0,1,0,104,22,187,1,6
0,0,0,1,0,0,0,1,0,0,0,0,0,0,1,0,105,24,193,1,6
0,1,0,0,0,0,0,0,0,1,0,0,0,0,1,0,39,118,197,2,6
0,0,0,1,0,0,0,0,0,0.9975,0.0075,0,0,1,0,0,105,190,149,5,6
0,1,0,0,0,0,0,0,0,1,0,0,0,0,1,0,39,124,201,2,6
0,0,0,1,0,0,0,0,0,0.41,0.695,0,0,1,0,0,105,201,155,5,6
0,1,0,0,0,0,0,0,0,1,0,0,0,0,1,0,39,120,196,2,6
0.9325,0,0,0,0,0.0675,0,0,0,1,0,0,0,1,0,0,2,165,124,3,6
0,0,0,1,0,0,0,1,0,0,0,0,0,0,1,0,95,22,192,1,6
0,0,1,0,0,0,0,0,0,1,0,0,0,0.035,0.995,0,67,151,184,0,6
1,0,0,0,0,0,0,0,0,0,1,0,0,1,0,0,2,216,145,3,6
0,0,0,1,0,0,0,1,0,0,0,0,0,0,0,1,109,28,238,1,6
0,1,0,0,0,0,0,0,0,1,0,0,0,0,0,1,39,134,246,2,6
1,0,0,0,0,0,0,0,0,0.9075,0.1375,0,0,1,0,0,3,195,152,3,6
0,0,0,1,0,0,0,0,0,0,1,0,0,0,1,0,105,209,194,5,6
1,0,0,0,0,0,0,0,0,0.2175,0.845,0,0,1,0,0,2,205,152,3,6
1,0,0,0,0,0,0,0,0,0.345,0.8175,0,0,1,0,0,3,200,153,3,6
0,1,0,0,0,0,0,0,0,1,0,0,0,0,0,1,39,136,248,2,6
0.9925,0,0,0,0,0.0075,0,0,0,1,0,0,0,1,0,0,2,145,129,3,6
0,0,1,0,0,0,0,0,0,1,0,0,0,1,0,0,67,137,169,0,6
0.995,0,0,0,0,0.005,0,0,0,1,0,0,0,1,0,0,2,173,132,3,6
1,0,0,0,0,0,0,0,0,1,0,0,0,0,0,1,5,162,238,4,6
0,0,1,0,0,0,0,0,0,1,0,0,0,1,0,0,68,143,170,0,6
1,0,0,0,0,0,0,0,0,1,0,0,0,1,0,0,2,173,134,3,6
1,0,0,0,0,0,0,0,0,1,0,0,0,0,0,1,5,158,239,4,6
0,0,0,1,0,0,0,0,0,1,0,0,0,1,0,0,105,180,167,5,6
1,0,0,0,0,0,0,0,0,1,0,0,0,0,0,1,5,164,242,4,6
0,0,1,0,0,0,0,0,0,1,0,0,0,0,1,0,67,149,199,0,6
0,0,1,0,0,0,0,0,0,1,0,0,0,0,1,0,66,153,201,0,6
0,0,1,0,0,0,0,0,0,1,0,0,0,0,1,0,66,151,201,0,6
0,1,0,0,0,0,0,0,0,1,0,0,0,0,0,1,38,139,255,2,6
0,0,0,1,0,0,0,1,0,0,0,0,0,0,0,1,105,24,250,1,6
1,0,0,0,0,0,0,0,0,1,0,0,0,0,0,1,6,158,255,4,6
0,0,0,1,0,0,0,0,0,0.0025,1,0,0,0,1,0.0025,105,205,206,5,6
0,0,0,1,0,0,0,1,0,0,0,0,0,0,0,1,102,23,251,1,6
1,0,0,0,0,0,0,0,0,0.5775,0.58,0,0,1,0,0,2,200,166,3,6
0,0,0,1,0,0,0,0,0,1,0,0,0,1,0,0,105,179,158,5,6
1,0,0,0,0,0,0,0,0,1,0,0,0,0,0,1,5,161,226,4,6
1,0,0,0,0,0,0,0,0,1,0,0,0,0,0,1,5,162,226,4,6
1,0,0,0,0,0,0,0,0,1,0,0,0,0,0.005,0.995,4,164,244,4,6
1,0,0,0,0,0,0,0,0,1,0,0,0,0,0,1,5,164,231,4,6
0,0,1,0,0,0,0,0,0,1,0,0,0,1,0,0,68,148,165,0,6
0,1,0,0,0,0,0,0,0,1,0,0,0,0,1,0,39,116,205,2,6
0,0,0,1,0,0,0,1,0,0,0,0,0,0,1,0,101,24,203,1,6
1,0,0,0,0,0,0,0,0,1,0,0,0,0,0,1,5,165,235,4,6
0,0,0,1,0,0,0,0,0,0,1,0,0,0,1,0,105,214,197,5,6
0,0,1,0,0,0,0,0,0,1,0,0,0,0,1,0,66,153,197,0,6
0,0,1,0,0,0,0,0,0,1,0,0,0,0,1,0,67,151,193,0,6
0,1,0,0,0,0,0,0,0,1,0,0,0,0,0,1,38,133,252,2,6
0,0,0,1,0,0,0,0,0,0.015,0.995,0,0,0,1,0,105,207,201,5,6
0,0,0,1,0,0,0,1,0,0,0,0,0,0,0,1,109,25,245,1,6
0,0,0,1,0,0,0,1,0,0,0,0,0,0,0,1,103,26,245,1,6
0,1,0,0,0,0,0,0,0,1,0,0,0,0,0,1,39,136,255,2,6
0,0,0,1,0,0,0,0,0,0,1,0,0,0,1,0,105,211,201,5,6
0,0,0,1,0,0,0,1,0,0,0,0,0,0,1,0,95,18,195,1,7
0,0,0,1,0,0,0,1,0,0,0,0,0,0,1,0,105,19,201,1,7
0,1,0,0,0,0,0,0,0,1,0,0,0,0,0.98,0.175,38,118,208,2,7
0,0,0,1,0,0,0,0,0,1,0,0,0,1,0,0,105,183,161,5,7
0,1,0,0,0,0,0,0,0,1,0,0,0,0,0.2,0.98,38,123,211,2,7
0,0,0,1,0,0,0,0,0,0.78,0.2875,0,0,1,0,0,104,196,164,5,7
0,1,0,0,0,0,0,0,0,1,0,0,0,0,0.915,0.485,38,121,210,2,7
0.9975,0,0,0,0,0.0025,0,0,0,1,0,0,0,1,0,0,2,166,137,3,7
0,0,0.0025,1,0,0,0,1,0,0,0,0,0,0,0.9875,0.055,95,15,205,1,7
0,0,1,0,0,0,0,0,0,1,0,0,0,0,1,0,66,145,199,0,7
1,0,0,0,0,0,0,0,0,0,1,0,0,1,0,0,3,208,157,3,7
0,0,0,1,0,0,0,1,0,0,0,0,0,0,0,1,111,23,245,1,7
0,1,0,0,0,0,0,0,0,1,0,0,0,0,0,1,38,136,255,2,7
1,0,0,0,0,0,0,0,0,1,0,0,0,1,0,0,3,189,167,3,7
0,0,0,1,0,0,0,0,0,0.065,0.97,0,0,0,1,0,105,205,203,5,7
1,0,0,0,0,0,0,0,0,0.78,0.32,0,0,1,0,0,2,197,168,3,7
1,0,0,0,0,0,0,0,0,0.895,0.16,0,0,1,0,0,2,195,165,3,7
0,1,0,0,0,0,0,0,0,1,0,0,0,0,0,1,37,141,255,2,7
0.9975,0,0,0,0,0.0025,0,0,0,1,0,0,0,1,0,0,2,147,129,3,7
0,0,1,0,0,0,0,0,0,1,0,0,0,1,0,0,67,134,167,0,7
1,0,0,0,0,0,0,0,0,1,0,0,0,1,0,0,2,173,132,3,7
1,0,0,0,0,0,0,0,0,1,0,0,0,0,0,1,5,160,237,4,7
0,0,1,0,0,0,0,0,0,1,0,0,0,1,0,0,68,146,168,0,7
1,0,0,0,0,0,0,0,0,1,0,0,0,1,0,0,2,176,133,3,7
1,0,0,0,0,0,0,0,0,1,0,0,0,0,0,1,5,159,239,4,7
0,0,0,1,0,0,0,0,0,1,0,0,0,1,0,0,105,181,166,5,7
1,0,0,0,0,0,0,0,0,1,0,0,0,0,0,1,5,163,241,4,7
0,0,1,0,0,0,0,0,0,1,0,0,0,0,1,0,67,145,200,0,7
0,0,1,0,0,0,0,0,0,1,0,0,0,0,1,0,66,153,200,0,7
0,0,1,0,0,0,0,0,0,1,0,0,0,0,1,0,66,150,200,0,7
0,1,0,0,0,0,0,0,0,1,0,0,0,0,0,1,37,138,255,2,7
0,0,0,1,0,0,0,1,0,0,0,0,0,0,0,1,105,26,250,1,7
1,0,0,0,0,0,0,0,0,1,0,0,0,0,0,1,6,158,255,4,7
0,0,0,1,0,0,0,0,0,0,1,0,0,0,0.9625,0.115,105,211,208,5,7
0,0,0,1,0,0,0,1,0,0,0,0,0,0,0,1,103,26,250,1,7
1,0,0,0,0,0,0,0,0,0.2825,0.8,0,0,1,0,0,2,202,166,3,7
0,0,0,1,0,0,0,0,0,1,0,0,0,1,0,0,105,176,155,5,7
1,0,0,0,0,0,0,0,0,1,0,0,0,0,0,1,5,160,229,4,7
1,0,0,0,0,0,0,0,0,1,0,0,0,0,0,1,5,161,228,4,7
1,0,0,0,0,0,0,0,0,1,0,0,0,0,0,1,4,167,245,4,7
1,0,0,0,0,0,0,0,0,1,0,0,0,0,0,1,5,166,232,4,7
0,0,1,0,0,0,0,0,0,1,0,0,0,1,0,0,68,149,166,0,7
0,1,0,0,0,0,0,0,0,1,0,0,0,0,1,0,39,118,205,2,7
0,0,0.02,0.995,0,0,0,1,0,0,0,0,0,0,1,0,95,17,200,1,7
1,0,0,0,0,0,0,0,0,1,0,0,0,0,0,1,5,165,238,4,7
0,0,0,1,0,0,0,0,0,0,1,0,0,0,1,0,105,213,195,5,7
0,0,1,0,0,0,0,0,0,1,0,0,0,0,1,0,66,152,198,0,7
0,0,1,0,0,0,0,0,0,1,0,0,0,0,1,0,67,155,194,0,7
0,1,0,0,0,0,0,0,0,1,0,0,0,0,0,1,38,134,252,2,7
0,0,0,1,0,0,0,0,0,0,1,0,0,0,1,0,105,206,202,5,7
0,0,0,1,0,0,0,1,0,0,0,0,0,0,0,1,109,25,246,1,7
0,0,0,1,0,0,0,1,0,0,0,0,0,0,0,1,102,23,243,1,7
0,1,0,0,0,0,0,0,0,1,0,0,0,0,0,1,38,140,255,2,7
0,0,0,1,0,0,0,0,0,0,1,0,0,0,1,0,105,217,201,5,7
0,0,0,1,0,0,0,1,0,0,0,0,0,0,0,1,107,20,236,1,8
1,0,0,0,0,0,0,0,0,0,1,0,0,1,0,0,2,219,154,3,8
0,1,0,0,0,0,0,0,0,1,0,0,0,0,0,1,37,140,254,2,8
1,0,0,0,0,0,0,0,0,1,0,0,0,1,0,0,2,169,164,3,8
1,0,0,0,0,0,0,0,0,1,0,0,0,0,0,1,6,163,255,4,8
0,0,0,1,0,0,0,0,0,0.58,0.5425,0,0,0,1,0,105,197,196,5,8
1,0,0,0,0,0,0,0,0,0.08,0.96,0,0,1,0,0,3,205,154,3,8
0,0,1,0,0,0,0,0,0,1,0,0,0,0,1,0,66,153,202,0,8
1,0,0,0,0,0,0,0,0,1,0,0,0,0,0,1,7,168,255,4,8
0,0,0,1,0,0,0,0,0,0.0175,0.9925,0,0,1,0,0,104,203,166,5,8
0,0,1,0,0,0,0,0,0,1,0,0,0,1,0,0,67,152,170,0,8
1,0,0,0,0,0,0,0,0,1,0,0,0,1,0,0,2,173,136,3,8
0,0,0.005,1,0,0,0,1,0,0,0,0,0,0,0.9175,0.095,95,16,205,1,8
0,0,0,1,0,0,0,1,0,0,0,0,0,0,0.93,0.1325,98,18,208,1,8
1,0,0,0,0,0,0,0,0,1,0,0,0,0,0.0025,1,5,170,246,4,8
0,0,0,1,0,0,0,1,0,0,0,0,0,0,0.5725,0.6025,101,18,210,1,8
0,1,0,0,0,0,0,0,0,1,0,0,0,0,0,1,38,139,219,2,8
0,0,0,1,0,0,0,0,0,0.3275,0.7825,0,0,1,0,0,104,203,167,5,8
1,0,0,0,0,0,0,0,0,0.955,0.055,0,0,1,0,0,2,171,157,3,8
0,0,1,0,0,0,0,0,0,1,0,0,0,0.01,0.99,0,66,160,194,0,8
0,0,0,1,0,0,0,0,0,0,1,0,0,0.0025,0.9975,0,104,224,190,5,8
0,0,0.02,0.99,0,0,0,1,0,0,0,0,0,0,0.0075,0.9925,95,15,228,1,8
0,1,0,0,0,0,0,0,0,1,0,0,0,0,0,1,38,138,248,2,8
0,0,0.0175,0.985,0,0,0,1,0,0,0,0,0,0,0,1,101,19,227,1,8
0,1,0,0,0,0,0,0,0,1,0,0,0,0,0,1,38,139,239,2,8
0,1,0,0,0,0,0,0,0,1,0,0,0,0,0,1,38,140,239,2,8
0,1,0,0,0,0,0,0,0,1,0,0,0,0,0,1,38,135,239,2,8
0,0,0.005,1,0,0,0,1,0,0,0,0,0,0,1,0,101,18,197,1,8
0,1,0,0,0,0,0,0,0,1,0,0,0,0,0.8875,0.3325,38,126,209,2,8
0,0,1,0,0,0,0,0,0,1,0,0,0,1,0,0,67,141,164,0,8
1,0,0,0,0,0,0,0,0,1,0,0,0,0,0,1,6,177,234,4,8
0,0,1,0,0,0,0,0,0,1,0,0,0,1,0,0,68,156,167,0,8
1,0,0,0,0,0,0,0,0,1,0,0,0,1,0,0,2,187,131,3,8
1,0,0,0,0,0,0,0,0,1,0,0,0,0,0,1,6,179,237,4,8
0,0,0,1,0,0,0,0,0,0,1,0,0,1,0,0,104,212,160,5,8
1,0,0,0,0,0,0,0,0,1,0,0,0,0,0,1,5,169,235,4,8
0,0,1,0,0,0,0,0,0,1,0,0,0,0,1,0,67,152,190,0,8
0,0,1,0,0,0,0,0,0,1,0,0,0,0,1,0,66,160,191,0,8
1,0,0,0,0,0,0,0,0,1,0,0,0,0,0,1,6,172,255,4,8
0,0,0,1,0,0,0,1,0,0,0,0,0,0,0,1,104,21,233,1,8
0,0,0,1,0,0,0,0,0,0.2325,0.8425,0,0,0,1,0,105,201,192,5,8
1,0,0,0,0,0,0,0,0,1,0,0,0,0,0,1,7,167,255,4,8
1,0,0,0,0,0,0,0,0,0,1,0,0,1,0,0,3,220,145,3,8
1,0,0,0,0,0,0,0,0,1,0,0,0,0,0,1,6,173,255,4,8
0,1,0,0,0,0,0,0,0,1,0,0,0,0,0,1,38,137,244,2,8
0,0,0,1,0,0,0,0,0,0,1,0,0,1,0,0,105,210,157,5,8
0,0,0,1,0,0,0,0,0,0.6,0.4625,0,0,1,0,0,105,197,160,5,8
0,0,1,0,0,0,0,0,0,1,0,0,0,1,0,0,67,141,164,0,8
0,0,0,1,0,0,0,0,0,0,1,0,0,1,0,0,104,213,158,5,8
1,0,0,0,0,0,0,0,0,0.955,0.0725,0,0,1,0,0,2,195,128,3,8
0.9975,0,0,0,0,0.0025,0,0,0,1,0,0,0,1,0,0,2,184,131,3,8
0,0,1,0,0,0,0,0,0,1,0,0,0,1,0,0,68,158,168,0,8
0,1,0,0,0,0,0,0,0,1,0,0,0,0,0.31,0.92,39,134,211,2,8
0,0,0,1,0,0,0,1,0,0,0,0,0,0,1,0,101,24,205,1,8
0,0,1,0,0,0,0,0,0,1,0,0,0,0,0.0275,0.9875,67,129,216,0,9
0,0,0,1,0,0,0,1,0,0,0,0,0,0,0,1,102,22,255,1,9
0,0,0,1,0,0,0,0,0,0.08,0.9375,0,0,0,0.09,0.915,105,216,226,5,9
0,1,0,0,0,0,0,0,0,1,0,0,0,0,0,1,37,113,255,2,9
0,1,0,0,0,0,0,0,0,1,0,0,0,0,0,1,36,120,255,2,9
0,1,0,0,0,0,0,0,0,1,0,0,0,0,0,1,36,127,255,2,9
0,1,0,0,0,0,0,0,0,1,0,0,0,0,0,1,39,116,255,2,9
0,0,0,1,0,0,0,0,0,0,1,0,0,0,0.6175,0.58,105,211,211,5,9
0,0,0,1,0,0,0,1,0,0,0,0,0,0,0,1,103,29,255,1,9
0,0,0,1,0,0,0,1,0,0,0,0,0,0,0.0575,0.97,102,26,215,1,9
1,0,0,0,0,0,0,0,0,1,0,0,0,0,0,1,6,171,241,4,9
0,0,1,0,0,0,0,0,0,1,0,0,0,1,0,0,68,159,172,0,9
0,0,0,1,0,0,0,0,0,0.2775,0.7825,0,0,1,0,0,105,201,164,5,9
1,0,0,0,0,0,0,0,0,1,0,0,0,0,0,1,6,179,238,4,9
1,0,0,0,0,0,0,0,0,0.9025,0.185,0,0,1,0,0,2,198,131,3,9
0,0,1,0,0,0,0,0,0,1,0,0,0,1,0,0,68,153,162,0,9
0,1,0,0,0,0,0,0,0,1,0,0,0,0,0.83,0.3675,38,135,208,2,9
0,0,0,1,0,0,0,0,0,0.0025,0.9975,0,0,1,0,0,104,211,158,5,9
0,1,0,0,0,0,0,0,0,1,0,0,0,0,0,1,38,120,253,2,9
1,0.0025,0,0,0,0,0,0.005,0,0.995,0,0,0.0025,0.0675,0.02,0.915,7,162,255,4,9
1,0,0,0,0,0,0,0,0,0.06,0.95,0,0,1,0,0,2,212,171,3,9
0,0,1,0,0,0,0,0,0,1,0,0,0,0,1,0,67,143,202,0,9
1,0,0,0,0,0,0,0,0,0.9925,0.03,0,0,1,0,0,2,194,165,3,9
1,0,0,0,0,0,0,0,0,1,0,0,0,0.985,0.02,0,2,169,175,3,9
1,0,0,0,0,0,0,0,0,1,0,0,0,0,0,1,6,172,255,4,9
0,0,0,1,0,0,0,0,0,0,1,0,0,0,1,0.0025,105,214,200,5,9
1,0,0,0,0,0,0,0,0,0.6325,0.41,0,0,1,0,0,2,189,164,3,9
0,0,1,0,0,0,0,0,0,1,0,0,0,1,0,0,68,156,168,0,9
0,0,0,1,0,0,0,1,0,0,0,0,0,0,0.9975,0.005,98,19,204,1,9
1,0,0,0,0,0,0,0,0,1,0,0,0,0,0,1,6,175,234,4,9
0,0,1,0,0,0,0,0,0,1,0,0,0,1,0,0,67,154,167,0,9
0,0,1,0,0,0,0,0,0,1,0,0,0,1,0,0,68,158,167,0,9
1,0,0,0,0,0,0,0,0,0.8825,0.1825,0,0,1,0,0,2,196,129,3,9
0,0,0,1,0,0,0,0,0,0.3275,0.79,0,0,1,0,0,105,201,155,5,9
0,0,0.0175,0.985,0,0,0,1,0,0,0,0,0,0,1,0,95,17,195,1,9
0,1,0,0,0,0,0,0,0,1,0,0,0,0,1,0,38,136,203,2,9
1,0,0,0,0,0,0,0,0,1,0,0,0,0,0,1,6,145,255,4,9
0,1,0,0,0,0,0,0,0,1,0,0,0,0,0,1,36,125,255,2,9
0,0,0,1,0,0,0,1,0,0,0,0,0,0,0,1,99,19,255,1,9
1,0,0,0,0,0,0,0,0,1,0,0,0,0,0,1,6,160,255,4,9
0,0,0,1,0,0,0,0,0,0.7425,0.3975,0,0,0,0.08,0.96,106,198,213,5,9
1,0,0,0,0,0,0,0,0,1,0,0,0,0,0,1,8,159,255,4,9
1,0,0,0,0,0,0,0,0,0.0175,0.9875,0,0,1,0,0,2,211,151,3,9
0,0,0,1,0,0,0,0,0,0,1,0,0,0,1,0.0325,105,209,206,5,9
0,0,0,1,0,0,0,1,0,0,0,0,0,0,0,1,104,26,252,1,9
0,0,0,1,0,0,0,0,0,0.54,0.54,0,0,1,0,0,105,199,164,5,9
1,0,0,0,0,0,0,0,0,0.97,0.0475,0,0,1,0,0,3,195,128,3,9
0,1,0,0,0,0,0,0,0,1,0,0,0,0,0.0025,1,38,135,214,2,9
0,0,1,0,0,0,0,0,0,1,0,0,0,1,0,0,67,155,167,0,9
0,0,0.0075,0.9925,0,0,0,1,0,0,0,0,0,0,0.995,0.0075,95,19,201,1,9
0,0,1,0,0,0,0,0,0,1,0,0,0,1,0,0,67,158,168,0,9
1,0,0,0,0,0,0,0,0,1,0,0,0,1,0,0,3,192,127,3,9
0,0,0,1,0,0,0,1,0,0,0,0,0,0,1,0,95,17,199,1,9
1,0,0,0,0,0,0,0,0,1,0,0,0,0,0,1,6,176,229,4,9
0,0,0,1,0,0,0,0,0,0.0125,0.9975,0,0,1,0,0,106,207,149,5,10
0,1,0,0,0,0,0,0,0,1,0,0,0,0,1,0,38,133,196,2,10
0,0,1,0,0,0,0,0,0,1,0,0,0,1,0,0,68,159,152,0,10
0.9775,0,0,0,0,0.0225,0,0,0,0.99,0.0125,0,0,1,0,0,2,189,120,3,10
1,0,0,0,0,0,0,0,0,1,0,0,0,0,0,1,6,181,223,4,10
0,0,0,1,0,0,0,0,0,0.0275,0.9875,0,0,1,0,0,106,210,147,5,10
0,0,1,0,0,0,0,0,0,1,0,0,0,1,0,0,68,153,158,0,10
1,0,0,0,0,0,0,0,0,1,0,0,0,0,0,1,7,181,226,4,10
0,0,0.005,0.995,0,0,0,1,0,0,0,0,0,0,1,0,95,16,192,1,10
0,0,0,1,0,0,0,1,0,0,0,0,0,0,0,1,107,28,255,1,10
0,0,0,1,0,0,0,0,0,0.41,0.7175,0,0,0,1,0.03,106,202,207,5,10
0,1,0,0,0,0,0,0,0,1,0,0,0,0,0,1,38,124,249,2,10
0,1,0,0,0,0,0,0,0,1,0,0,0,0,0,1,37,132,255,2,10
0,1,0,0,0,0,0,0,0,1,0,0,0,0,0,1,38,127,255,2,10
0,1,0,0,0,0,0,0,0,1,0,0,0,0,0,1,38,130,253,2,10
0,0,0,1,0,0,0,0,0,0,1,0,0,0,1,0,105,224,204,5,10
0,0,0,1,0,0,0,1,0,0,0,0,0,0,0,1,107,27,249,1,10
0,0,1,0,0,0,0,0,0,1,0,0,0,0,1,0,67,151,193,0,10
0,1,0,0,0,0,0,0,0,1,0,0,0,0,1,0,38,128,198,2,10
0,0,0,1,0,0,0,1,0,0,0,0,0,0,1,0,107,25,196,1,10
0,0,0,1,0,0,0,0,0,0.0025,1,0,0,1,0,0,106,209,150,5,10
0.985,0,0,0,0,0.015,0,0,0,1,0,0,0,1,0,0,2,185,123,3,10
0,0,1,0,0,0,0,0,0,1,0,0,0,1,0,0,68,160,157,0,10
0,0,1,0,0,0,0,0,0,1,0,0,0,1,0,0,68,157,159,0,10
1,0,0,0,0,0,0,0,0,1,0,0,0,0,0,1,5,167,226,4,10
0,0,0.005,0.9975,0,0,0,1,0,0,0,0,0,0,1,0,101,20,196,1,10
0,0,1,0,0,0,0,0,0,1,0,0,0,1,0,0,68,160,159,0,10
1,0,0,0,0,0,0,0,0,0.92,0.12,0,0,1,0,0,1,192,168,3,10
0,0,0,1,0,0,0,0,0,0.4475,0.725,0,0,0,0.0475,0.9975,106,200,213,5,10
1,0,0,0,0,0,0,0,0,1,0,0,0,0,0,1,6,160,255,4,10
1,0,0,0,0,0,0,0,0,1,0,0,0,1,0,0,2,178,172,3,10
1,0,0,0,0,0,0,0,0,1,0,0,0,1,0,0,2,176,171,3,10
0,0,1,0,0,0,0,0,0,1,0,0,0,0,0.67,0.6025,67,151,210,0,10
1,0,0,0,0,0,0,0,0,0.01,0.9925,0,0,1,0,0,2,215,166,3,10
1,0,0,0,0,0,0,0,0,1,0,0,0,0,0.005,0.995,7,168,255,4,10
0,1,0,0,0,0,0,0,0,1,0,0,0,0,0,1,37,128,255,2,10
1,0,0,0,0,0,0,0,0,1,0,0,0,0,0,1,6,172,219,4,10
0,0,0,1,0,0,0,1,0,0,0,0,0,0,1,0,101,21,196,1,10
1,0,0,0,0,0,0,0,0,0.9325,0.1,0,0,1,0,0,2,193,120,3,10
0,0,1,0,0,0,0,0,0,1,0,0,0,1,0,0,68,150,156,0,10
0,0,0,1,0,0,0,1,0,0,0,0,0,0,1,0,95,18,188,1,10
0,0,1,0,0,0,0,0,0,1,0,0,0,1,0,0,67,160,156,0,10
0,1,0,0,0,0,0,0,0,1,0,0,0,0,1,0,38,125,198,2,10
0.9875,0,0,0,0,0.0125,0,0,0,1,0.0025,0,0,1,0,0,2,182,119,3,10
0,0,0,1,0,0,0,0,0,0,1,0,0,1,0,0,105,212,149,5,10
0,0,0,1,0,0,0,1,0,0,0,0,0,0,0,1,104,26,255,1,10
0,0,0,1,0,0,0,0,0,0.015,0.9975,0,0,0,0.6125,0.6025,106,207,211,5,10
1,0,0,0,0,0,0,0,0,0.0475,0.97,0,0,1,0,0,2,211,155,3,10
1,0,0,0,0,0,0,0,0,1,0,0,0,0,0,1,7,160,255,4,10
0,0,0,1,0,0,0,0,0,0.94,0.0875,0,0,0,0.1675,0.9425,106,195,212,5,10
1,0,0,0,0,0,0,0,0,1,0,0,0,0,0,1,6,164,255,4,10
0,0,0,1,0,0,0,1,0,0,0,0,0,0,0,1,106,26,255,1,10
0,1,0,0,0,0,0,0,0,1,0,0,0,0,0,1,37,137,255,2,10
1,0,0,0,0,0,0,0,0,1,0,0,0,0,0,1,6,167,255,4,10
0,0,1,0,0,0,0,0,0,1,0,0,0,0,1,0,66,135,196,0,11
0,1,0,0,0,0,0,0,0,1,0,0,0,0,0,1,38,128,248,2,11
0,0,0,1,0,0,0,1,0,0,0,0,0,0,0,1,106,23,241,1,11
1,0,0,0,0,0,0,0,0,0,1,0,0,1,0,0,2,220,153,3,11
0,0,0,1,0,0,0,1,0,0,0,0,0,0,0,1,102,24,237,1,11
1,0,0,0,0,0,0,0,0,1,0,0,0,0,0,1,7,171,255,4,11
0,0,0,1,0,0,0,0,0,0,1,0,0,0,1,0,105,214,191,5,11
1,0,0,0,0,0,0,0,0,0.98,0.06,0,0,1,0,0,3,194,159,3,11
0,1,0,0,0,0,0,0,0,1,0,0,0,0,0,1,39,137,252,2,11
0,0,0,1,0,0,0,0,0,0.06,0.975,0,0,1,0,0,106,206,152,5,11
1,0,0,0,0,0,0,0,0,1,0,0,0,0,0,1,6,176,225,4,11
0,1,0,0,0,0,0,0,0,1,0,0,0,0,1,0,38,120,199,2,11
0,1,0,0,0,0,0,0,0,1,0,0,0,0,1,0,38,135,204,2,11
0,0,0,1,0,0,0,0,0,0,1,0,0,1,0,0,105,214,154,5,11
0,1,0,0,0,0,0,0,0,1,0,0,0,0,1,0,38,129,203,2,11
1,0,0,0,0,0,0,0,0,0.2275,0.8425,0,0,1,0,0,3,204,120,3,11
0,0,0,1,0,0,0,0,0,0,1,0,0,1,0,0,105,215,153,5,11
1,0,0,0,0,0,0,0,0,1,0,0,0,0,0,1,6,177,226,4,11
1,0,0,0,0,0,0,0,0,0.9125,0.1025,0,0,1,0,0,3,175,159,3,11
0,0,1,0,0,0,0,0,0,1,0,0,0,0,1,0,65,147,199,0,11
0,0,0,1,0,0,0,1,0,0,0,0,0,0,0,1,106,23,242,1,11
0,0,0.0025,1,0,0,0,1,0,0,0,0,0,0,0,1,95,19,231,1,11
0,0,1,0,0,0,0,0,0,1,0,0,0,0,1,0,67,162,198,0,11
0,0,0,1,0,0,0,1,0,0,0,0,0,0,0,1,102,23,240,1,11
1,0,0,0,0,0,0,0,0,1,0,0,0,0,0,1,7,164,255,4,11
0,1,0,0,0,0,0,0,0,1,0,0,0,0,0,1,38,134,252,2,11
0,0,0,1,0,0,0,1,0,0,0,0,0,0,0,1,100,23,239,1,11
1,0,0,0,0,0,0,0,0,0.455,0.5675,0,0,1,0,0,2,201,117,3,11
0,0,0.015,0.995,0,0,0,1,0,0,0,0,0,0,1,0,98,15,191,1,11
0,0,0,1,0,0,0,0,0,0.96,0.0875,0,0,1,0,0,106,195,151,5,11
0,0,0,1,0,0,0,0,0,0,1,0,0,1,0,0,105,219,149,5,11
1,0,0,0,0,0,0,0,0,0.955,0.0925,0,0,1,0,0,3,192,125,3,11
1,0,0,0,0,0,0,0,0,1,0,0,0,0,0,1,6,168,226,4,11
1,0,0,0,0,0,0,0,0,0.23,0.88,0,0,1,0,0,3,204,120,3,11
0,0,1,0,0,0,0,0,0,1,0,0,0,1,0,0,66,162,162,0,11
0,0,1,0,0,0,0,0,0,1,0,0,0,1,0,0,68,155,161,0,11
0,1,0,0,0,0,0,0,0,1,0,0,0,0,0,1,38,124,240,2,11
0,0,1,0,0,0,0,0,0,1,0,0,0,0,1,0,66,137,191,0,11
0,0,0,1,0,0,0,0,0,0.4825,0.5425,0,0,0,1,0,105,194,195,5,11
1,0,0,0,0,0,0,0,0,0,1,0,0,1,0,0,2,222,147,3,11
1,0,0,0,0,0,0,0,0,1,0,0,0,0,0,1,6,174,255,4,11
0,0,0,1,0,0,0,0,0,0,1,0,0,0,1,0,105,216,189,5,11
1,0,0,0,0,0,0,0,0,1,0,0,0,0,0,1,6,172,255,4,11
0,0,0.1025,0.9475,0,0,0,1,0,0,0,0,0,0,0,1,95,15,226,1,11
1,0,0,0,0,0,0,0,0,1,0,0,0,0,0,1,7,169,255,4,11
0,1,0,0,0,0,0,0,0,1,0,0,0,0,1,0,38,128,196,2,11
0,0,0,1,0,0,0,0,0,0.605,0.55,0,0,1,0,0,106,199,146,5,11
0,0,1,0,0,0,0,0,0,1,0,0,0,1,0,0,68,146,155,0,11
1,0,0,0,0,0,0,0,0,0.2725,0.7775,0,0,1,0,0,2,201,119,3,11
0,1,0,0,0,0,0,0,0,1,0,0,0,0,1,0,38,131,199,2,11
1,0,0,0,0,0,0,0,0,1,0,0,0,0,0,1,5,182,244,4,11
0,0,1,0,0,0,0,0,0,1,0,0,0,1,0,0,66,164,160,0,11
0,0,1,0,0,0,0,0,0,1,0,0,0,1,0,0,66,162,160,0,11
0,0,0.035,0.9975,0,0,0,1,0,0,0,0,0,0,1,0,95,15,191,1,11
0,1,0,0,0,0,0,0,0,1,0,0,0,0,0,1,38,126,240,2,12
0,0,1,0,0,0,0,0,0,1,0,0,0,0,1,0,66,137,193,0,12
0,0,0,1,0,0,0,1,0,0,0,0,0,0,0,1,105,22,237,1,12
0,0,0.0325,0.98,0,0,0,1,0,0,0,0,0,0,0,1,90,14,223,1,12
0,0,1,0,0,0,0,0,0,1,0,0,0,0,1,0,66,162,190,0,12
0,1,0,0,0,0,0,0,0,1,0,0,0,0,0,1,38,137,244,2,12
0,0,0.025,0.975,0,0,0,1,0,0,0,0,0,0,0,1,90,14,225,1,12
0,1,0,0,0,0,0,0,0,1,0,0,0,0,0,1,38,136,246,2,12
0,0,0.01,0.9925,0,0,0,1,0,0,0,0,0,0,0,1,95,20,230,1,12
1,0,0,0,0,0,0,0,0,1,0,0,0,0,0,1,6,172,216,4,12
1,0,0,0,0,0,0,0,0,1,0,0,0,0,0,1,5,178,236,4,12
0,1,0,0,0,0,0,0,0,1,0,0,0,0,1,0,38,126,195,2,12
1,0,0,0,0,0,0,0,0,0.075,0.96,0,0,1,0,0,3,206,119,3,12
0,0,0.06,0.9625,0,0,0,1,0,0,0,0,0,0,1,0,90,16,191,1,12
0,1,0,0,0,0,0,0,0,1,0,0,0,0,1,0,38,131,200,2,12
1,0,0,0,0,0,0,0,0,0.56,0.5575,0,0,1,0,0,2,204,120,3,12
1,0,0,0,0,0,0,0,0,0.7175,0.335,0,0,1,0,0,2,196,122,3,12
0,0,0,1,0,0,0,0,0,0.0075,1,0,0,1,0,0,106,205,152,5,12
0,0,1,0,0,0,0,0,0,1,0,0,0,0.7575,0.475,0,66,137,180,0,12
0,0,0,1,0,0,0,0,0,0.5975,0.4125,0,0,0.9325,0.085,0,105,193,176,5,12
1,0,0,0,0,0,0,0,0,0.21,0.805,0,0,1,0,0,2,220,137,3,12
0,0,0,1,0,0,0,0,0,0,1,0,0,1,0,0,104,217,173,5,12
0,1,0,0,0,0,0,0,0,1,0,0,0,0,0,1,38,136,231,2,12
0,0,0,1,0,0,0,0,0,0,1,0,0,0.995,0.0275,0,104,226,176,5,12
0,1,0,0,0,0,0,0,0,1,0,0,0,0,0,1,38,138,231,2,12
0,0,0,1,0,0,0,1,0,0,0,0,0,0,0,1,101,22,220,1,12
1,0,0,0,0,0,0,0,0,1,0,0,0,0,0,1,6,174,255,4,12
0,0,0,1,0,0,0,0,0,0,1,0,0,1,0,0,106,215,142,5,12
1,0,0,0,0,0,0,0,0,1,0,0,0,0,0.6825,0.42,6,174,208,4,12
0,0,1,0,0,0,0,0,0,1,0,0,0,1,0,0,67,153,148,0,12
0,1,0,0,0,0,0,0,0,1,0,0,0,0,1,0,38,136,191,2,12
1,0,0,0,0,0,0,0,0,0.1075,0.92,0,0,1,0,0,3,212,114,3,12
0,0,0.12,0.945,0,0,0,1,0,0,0,0,0,0.39,0.9,0,93,17,181,1,12
0,0,1,0,0,0,0,0,0,1,0,0,0,1,0,0,66,165,150,0,12
1,0,0,0,0,0,0,0,0,0.13,0.915,0,0,1,0,0,3,208,115,3,12
1,0,0,0,0,0,0,0,0,1,0,0,0,0,0.17,0.9225,6,174,212,4,12
0.99,0,0,0,0,0.01,0,0,0,1,0,0,0,1,0,0,3,182,143,3,12
1,0,0,0,0,0,0,0,0,0.9675,0.0475,0,0,1,0,0,2,179,143,3,12
0,0,0,1,0,0,0,0,0,0.815,0.2125,0,0,0.1425,0.9575,0,105,196,183,5,12
0,0,0,1,0,0,0,1,0,0,0,0,0,0,0.005,0.995,101,18,221,1,12
1,0,0,0,0,0,0,0,0,1,0,0,0,0,0,1,6,185,255,4,12
1,0,0,0,0,0,0,0,0,1,0,0,0,0,0,1,6,175,255,4,12
0,0,1,0,0,0,0,0,0,1,0,0,0,0.5075,0.86,0,67,155,180,0,12
0,0,1,0,0,0,0,0,0,1,0,0,0,0.05,1,0,66,158,182,0,12
0,0,0,1,0,0,0,0,0,0.115,0.9125,0,0,0.57,0.58,0,105,205,179,5,12
1,0,0,0,0,0,0,0,0,0.3075,0.7675,0,0,1,0,0,2,204,112,3,12
1,0,0,0,0,0,0,0,0,1,0,0,0,0,0.535,0.645,6,174,211,4,12
0,1,0,0,0,0,0,0,0,1,0,0,0,0,1,0,38,123,188,2,12
0,0,0,1,0,0,0,0,0,0,1,0,0,1,0,0,106,219,141,5,12
0,0,0,1,0,0,0,0,0,0,1,0,0,1,0,0,106,215,140,5,12
0,0,1,0,0,0,0,0,0,1,0,0,0,1,0,0,66,158,151,0,12
1,0,0,0,0,0,0,0,0,1,0,0,0,0,0.03,0.995,7,176,214,4,12
0,0,1,0,0,0,0,0,0,1,0,0,0,1,0,0,67,164,152,0,12
0,0,0.02,0.9975,0,0,0,1,0,0,0,0,0,0,1,0,95,17,183,1,12
1,0,0,0,0,0,0,0,0,1,0,0,0,0,0,1,6,164,255,4,13
0,0,1,0,0,0,0,0,0,1,0,0,0,0,1,0,66,135,196,0,13
0,0,0,1,0,0,0,0,0,0.7375,0.28,0,0,0,1,0,106,194,197,5,13
1,0,0,0,0,0,0,0,0,1,0,0,0,0,0,1,7,171,255,4,13
0,0,0.005,1,0,0,0,1,0,0,0,0,0,0,0,1,101,20,238,1,13
1,0,0,0,0,0,0,0,0,0.895,0.215,0,0,1,0,0,3,196,160,3,13
1,0,0,0,0,0,0,0,0,1,0,0,0,0,0,1,7,166,255,4,13
1,0,0,0,0,0,0,0,0,1,0,0,0,1,0,0,3,187,163,3,13
1,0,0,0,0,0,0,0,0,1,0,0,0,1,0,0,3,188,162,3,13
0,1,0,0,0,0,0,0,0,1,0,0,0,0,1,0,37,130,198,2,13
1,0,0,0,0,0,0,0,0,1,0,0,0,1,0,0,2,189,124,3,13
0,0,0,1,0,0,0,1,0,0,0,0,0,0,1,0,98,15,191,1,13
0,0,0.4375,0.795,0,0,0,1,0,0,0,0,0,0,1,0,87,14,187,1,13
0,0,1,0,0,0,0,0,0,1,0,0,0,1,0,0,67,156,160,0,13
0,0,0.005,0.9975,0,0,0,1,0,0,0,0,0,0,1,0,93,15,191,1,13
0,0,1,0,0,0,0,0,0,1,0,0,0,1,0,0,67,163,158,0,13
0,0,1,0,0,0,0,0,0,1,0,0,0,1,0,0,68,156,161,0,13
1,0,0,0,0,0,0,0,0,1,0,0,0,0,0,1,5,172,226,4,13
0,0,1,0,0,0,0,0,0,1,0,0,0,0,1,0,65,138,184,0,13
0,0,1,0,0,0,0,0,0,1,0,0,0,0.01,1,0,65,143,186,0,13
0,0,1,0,0,0,0,0,0,1,0,0,0,0,1,0,66,142,187,0,13
0,0,0,1,0,0,0,0,0,0,1,0,0,0.9875,0.025,0,105,236,175,5,13
0,0,0,1,0,0,0,0,0,0,1,0,0,1,0.01,0,104,232,176,5,13
0,0,0.0575,0.965,0,0,0,1,0,0,0,0,0,0,0,1,95,15,220,1,13
0,1,0,0,0,0,0,0,0,1,0,0,0,0,0,1,38,142,235,2,13
0,0,1,0,0,0,0,0,0,1,0,0,0,0,1,0,66,157,187,0,13
0,1,0,0,0,0,0,0,0,1,0,0,0,0,0,1,38,139,238,2,13
0,0,0.065,0.9475,0,0,0,1,0,0,0,0,0,0.43,0.885,0,90,17,180,1,13
0,1,0,0,0,0,0,0,0,1,0,0,0,0,1,0,38,135,191,2,13
0,0,0.14,0.865,0,0,0,1,0,0,0,0,0,0.7225,0.5725,0,87,13,179,1,13
1,0,0,0,0,0,0,0,0,1,0,0,0,0,0,1,7,189,218,4,13
1,0,0,0,0,0,0,0,0,1,0,0,0,0,0,1,7,188,216,4,13
0,1,0,0,0,0,0,0,0,1,0,0,0,0,1,0,38,135,193,2,13
0,0,1,0,0,0,0,0,0,1,0,0,0,1,0,0,67,169,152,0,13
0,1,0,0,0,0,0,0,0,1,0,0,0,0,1,0,38,135,194,2,13
0,0,0.455,0.8575,0,0,0,1,0,0,0,0,0,0,1,0,87,17,183,1,13
0,1,0,0,0,0,0,0,0,1,0,0,0,0,0,1,37,126,236,2,13
1,0,0,0,0,0,0,0,0,1,0,0,0,0,0,1,6,170,255,4,13
0,0,0,1,0,0,0,0,0,0.0025,1,0,0,0,1,0,105,226,187,5,13
0,0,0,1,0,0,0,1,0,0,0,0,0,0,0,1,105,22,229,1,13
1,0,0,0,0,0,0,0,0,0,1,0,0,1,0,0,3,224,146,3,13
0,1,0,0,0,0,0,0,0,1,0,0,0,0,0,1,38,139,241,2,13
1,0,0,0,0,0,0,0,0,1,0,0,0,0,0,1,6,171,255,4,13
0,0,0,1,0,0,0,0,0,0,1,0,0,0.0025,1,0,105,206,187,5,13
0,0,0,1,0,0,0,0,0,0.0225,0.9875,0,0,0,1,0,105,206,190,5,13
1,0,0,0,0,0,0,0,0,0.05,0.9725,0,0,1,0,0,3,208,114,3,13
0.995,0,0,0,0,0.005,0,0,0,0.58,0.46,0,0,1,0,0,2,201,117,3,13
1,0,0,0,0,0,0,0,0,0.8925,0.14,0,0,1,0,0,3,193,116,3,13
0,0,0,1,0,0,0,0,0,0,1,0,0,1,0,0,105,218,146,5,13
0,1,0,0,0,0,0,0,0,1,0,0,0,0,1,0,38,133,197,2,13
1,0,0,0,0,0,0,0,0,1,0,0,0,0,0.015,0.9875,6,172,218,4,13
1,0,0,0,0,0,0,0,0,0.1325,0.89,0,0,1,0,0,3,207,117,3,13
0,0,0,1,0,0,0,0,0,0,1,0,0,1,0,0,105,219,149,5,13
0,0,0,1,0,0,0,0,0,0,1,0,0,1,0,0,106,207,153,5,13
0,0,0,1,0,0,0,0,0,0.98,0.025,0,0,0,1,0,106,186,192,5,14
0,0,0,1,0,0,0,1,0,0,0,0,0,0,0,1,106,23,239,1,14
0,0,1,0,0,0,0,0,0,1,0,0,0,0,1,0,66,140,197,0,14
0,1,0,0,0,0,0,0,0,1,0,0,0,0,0,1,38,137,244,2,14
0,1,0,0,0,0,0,0,0,1,0,0,0,0,0,1,38,137,246,2,14
0,1,0,0,0,0,0,0,0,1,0,0,0,0,0,1,38,137,246,2,14
1,0,0,0,0,0,0,0,0,0.13,0.91,0,0,1,0,0,3,204,155,3,14
0,0,0,1,0,0,0,1,0,0,0,0,0,0,0,1,102,23,239,1,14
1,0,0,0,0,0,0,0,0,1,0,0,0,0,0,1,7,172,255,4,14
0,1,0,0,0,0,0,0,0,1,0,0,0,0,1,0,37,129,199,2,14
0,0,0,1,0,0,0,0,0,0.3125,0.8175,0,0,1,0,0,106,202,154,5,14
0,0,0,1,0,0,0,0,0,0.72,0.4,0,0,1,0,0,106,197,154,5,14
1,0,0,0,0,0,0,0,0,1,0,0,0,0,0,1,7,182,224,4,14
1,0,0,0,0,0,0,0,0,0.5525,0.4775,0,0,1,0,0,3,201,122,3,14
0,0,0,1,0,0,0,0,0,0.0275,0.9925,0,0,1,0,0,106,204,154,5,14
0,0,1,0,0,0,0,0,0,1,0,0,0,1,0,0,66,163,159,0,14
1,0,0,0,0,0,0,0,0,1,0,0,0,0,0,1,6,186,248,4,14
1,0,0,0,0,0,0,0,0,1,0,0,0,0,0,1,6,172,223,4,14
0,0,0,1,0,0,0,1,0,0,0,0,0,0,0,1,104,21,232,1,14
0,0,1,0,0,0,0,0,0,1,0,0,0,0,1,0,66,137,194,0,14
0,0,0,1,0,0,0,1,0,0,0,0,0,0,0,1,105,21,238,1,14
1,0,0,0,0,0,0,0,0,1,0,0,0,0,0,1,7,178,255,4,14
1,0,0,0,0,0,0,0,0,1,0,0,0,0,0,1,7,179,255,4,14
0,0,1,0,0,0,0,0,0,1,0,0,0,0,1,0,66,161,199,0,14
0,1,0,0,0,0,0,0,0,1,0,0,0,0,0,1,38,139,245,2,14
0,0,0,1,0,0,0,0,0,0,1,0,0,0,1,0,105,206,190,5,14
0,0,1,0,0,0,0,0,0,1,0,0,0,0,1,0,66,154,197,0,14
0,0,1,0,0,0,0,0,0,1,0,0,0,1,0,0,68,155,158,0,14
0,0,1,0,0,0,0,0,0,1,0,0,0,1,0,0,67,148,158,0,14
0,1,0,0,0,0,0,0,0,1,0,0,0,0,1,0,38,126,199,2,14
1,0,0,0,0,0,0,0,0,0.345,0.71,0,0,1,0,0,3,204,122,3,14
0,0,0,1,0,0,0,0,0,0,1,0,0,1,0,0,105,208,151,5,14
0,0,1,0,0,0,0,0,0,1,0,0,0,1,0,0,66,155,160,0,14
1,0,0,0,0,0,0,0,0,1,0,0,0,0,0,1,7,181,225,4,14
1,0,0,0,0,0,0,0,0,0.32,0.725,0,0,1,0,0,3,207,123,3,14
0,0,0,1,0,0,0,0,0,0.0375,0.9775,0,0,1,0,0,105,208,156,5,14
1,0,0,0,0,0,0,0,0,1,0,0,0,0,0,1,6,171,248,4,14
0,0,0,1,0,0,0,1,0,0,0,0,0,0,0.1475,0.94,95,14,214,1,14
0,0,0,1,0,0,0,0,0,0.3325,0.74,0,0,1,0.005,0,105,200,174,5,14
1,0,0,0,0,0,0,0,0,0,1,0,0,1,0,0,3,232,134,3,14
0,0,1,0,0,0,0,0,0,1,0,0,0,1,0,0,67,170,176,0,14
0,1,0,0,0,0,0,0,0,1,0,0,0,0,0,1,38,137,230,2,14
1,0,0,0,0,0,0,0,0,0.0025,1,0,0,1,0,0,3,211,138,3,14
1,0,0,0,0,0,0,0,0,0,1,0,0,1,0,0,3,218,139,3,14
1,0,0,0,0,0,0,0,0,0,1,0,0,1,0,0,3,229,137,3,14
1,0,0,0,0,0,0,0,0,0.24,0.79,0,0,1,0,0,2,207,110,3,14
1,0,0,0,0,0,0,0,0,1,0,0,0,0,1,0.0025,7,179,203,4,14
0,0,0.0025,0.9975,0,0,0,1,0,0,0,0,0,0.995,0.03,0,95,16,177,1,14
0,0,0,1,0,0,0,0,0,0,1,0,0,1,0,0,105,219,136,5,14
0,0,0.4775,0.785,0,0,0,1,0,0,0,0,0,1,0,0,87,15,175,1,14
0,1,0,0,0,0,0,0,0,1,0,0,0,0,1,0,37,138,189,2,14
0,0,0.7775,0.8575,0,0,0,1,0,0,0,0,0,1,0,0,85,17,176,1,14
0,0,0.7825,0.8075,0,0,0,1,0,0,0,0,0,1,0,0,85,17,176,1,14
0,1,0,0,0,0,0,0,0,1,0,0,0,0,1,0,38,138,190,2,14
0,0,1,0,0,0,0,0,0,1,0,0,0,0.01,0.9975,0,65,140,190,0,15
0,0,0,1,0,0,0,1,0,0,0,0,0,0,0,1,105,22,235,1,15
0,0,0,1,0,0,0,1,0,0,0,0,0,0,0,1,106,24,236,1,15
0,0,0,1,0,0,0,1,0,0,0,0,0,0,0,1,95,15,225,1,15
0,0,0,1,0,0,0,1,0,0,0,0,0,0,0,1,101,19,228,1,15
0,0,0,1,0,0,0,0,0,0.005,1,0,0,0,1,0,105,213,192,5,15
0,0,1,0,0,0,0,0,0,1,0,0,0,0,1,0,67,159,190,0,15
1,0,0,0,0,0,0,0,0,1,0,0,0,0,0,1,7,171,255,4,15
1,0,0,0,0,0,0,0,0,1,0,0,0,0,0,1,7,169,255,4,15
1,0,0,0,0,0,0,0,0,1,0,0,0,0,0,1,6,177,218,4,15
1,0,0,0,0,0,0,0,0,0.7625,0.2775,0,0,1,0,0,3,196,122,3,15
0,1,0,0,0,0,0,0,0,1,0,0,0,0,1,0,38,127,197,2,15
1,0,0,0,0,0,0,0,0,1,0,0,0,0,0,1,7,180,222,4,15
1,0,0,0,0,0,0,0,0,1,0,0,0,0,0,1,6,181,225,4,15
0,0,0.025,0.995,0,0,0,1,0,0,0,0,0,0,1,0,95,16,190,1,15
0,0,0,1,0,0,0,0,0,0,1,0,0,1,0,0,105,212,147,5,15
0,0,1,0,0,0,0,0,0,1,0,0,0,1,0,0,66,162,159,0,15
1,0,0,0,0,0,0,0,0,0.9875,0.0175,0,0,1,0,0,2,190,125,3,15
0,1,0,0,0,0,0,0,0,1,0,0,0,0,0,1,37,129,236,2,15
0,0,0,1,0,0,0,0,0,0.62,0.3925,0,0,0,1,0,105,193,186,5,15
1,0,0,0,0,0,0,0,0,0.045,0.9725,0,0,1,0,0,2,219,149,3,15
0,1,0,0,0,0,0,0,0,1,0,0,0,0,0,1,38,139,238,2,15
1,0,0,0,0,0,0,0,0,0,1,0,0,1,0,0,2,221,151,3,15
0,0,0,1,0,0,0,0,0,0,1,0,0,0,1,0,105,219,185,5,15
0,1,0,0,0,0,0,0,0,1,0,0,0,0,0,1,38,138,241,2,15
0,0,0.055,0.995,0,0,0,1,0,0,0,0,0,0,0,1,95,15,226,1,15
1,0,0,0,0,0,0,0,0,0.4075,0.6775,0,0,1,0,0,3,200,153,3,15
0,0,0.0575,0.9625,0,0,0,1,0,0,0,0,0,0.13,0.98,0,96,14,182,1,15
0,0,1,0,0,0,0,0,0,1,0,0,0,1,0,0,66,151,155,0,15
0,0,0,1,0,0,0,1,0,0,0,0,0,0,1,0,98,15,183,1,15
1,0,0,0,0,0,0,0,0,0.3125,0.7225,0,0,1,0,0,3,205,117,3,15
0,0,0,1,0,0,0,0,0,0,1,0,0,1,0,0,105,212,147,5,15
0,1,0,0,0,0,0,0,0,1,0,0,0,0,1,0,37,133,196,2,15
0,0,0.915,0.785,0,0,0,1,0,0,0,0,0,0,1,0,85,17,183,1,15
1,0,0,0,0,0,0,0,0,0.385,0.7475,0,0,1,0,0,3,204,121,3,15
0,0,1,0,0,0,0,0,0,1,0,0,0,1,0,0,66,160,157,0,15
1,0,0,0,0,0,0,0,0,1,0,0,0,0,0,1,6,170,255,4,15
1,0,0,0,0,0,0,0,0,1,0,0,0,0,0.0025,0.9975,6,169,255,4,15
0,0,0,1,0,0,0,0,0,0.06,0.9575,0,0,0,1,0,105,224,191,5,15
1,0,0,0,0,0,0,0,0,0.005,0.995,0,0,1,0,0,3,232,145,3,15
0,0,1,0,0,0,0,0,0,1,0,0,0,0,1,0,67,166,190,0,15
0,1,0,0,0,0,0,0,0,1,0,0,0,0,0,1,38,138,242,2,15
0,0,1,0,0,0,0,0,0,1,0,0,0,0,1,0,67,160,187,0,15
0,1,0,0,0,0,0,0,0,1,0,0,0,0,0,1,38,139,243,2,15
0,0,0,1,0,0,0,0,0,0,1,0,0,0,1,0,105,209,191,5,15
0.99,0,0,0,0,0.01,0,0,0,0.6,0.5325,0,0,1,0,0,2,200,116,3,15
0,0,1,0,0,0,0,0,0,1,0,0,0,1,0,0,67,151,153,0,15
0,0,0,1,0,0,0,0,0,0.915,0.15,0,0,1,0,0,106,196,148,5,15
0,0,0,1,0,0,0,0,0,0,1,0,0,1,0,0,106,215,146,5,15
0,1,0,0,0,0,0,0,0,1,0,0,0,0,1,0,38,133,198,2,15
0,0,1,0,0,0,0,0,0,1,0,0,0,1,0,0,66,153,157,0,15
1,0,0,0,0,0,0,0,0,1,0,0,0,0,0,1,7,180,218,4,15
1,0,0,0,0,0,0,0,0,1,0,0,0,0,0,1,7,185,221,4,15
0,1,0,0,0,0,0,0,0,1,0,0,0,0,1,0,38,131,199,2,15
0,1,0,0,0,0,0,0,0,1,0,0,0,0,0,1,37,132,236,2,16
0,1,0,0,0,0,0,0,0,1,0,0,0,0,0,1,37,132,240,2,16
0,0,1,0,0,0,0,0,0,1,0,0,0,0,1,0,66,146,191,0,16
0,0,0.0075,0.995,0,0,0,1,0,0,0,0,0,0,0,1,101,19,228,1,16
0,0,1,0,0,0,0,0,0,1,0,0,0,0,1,0,67,161,190,0,16
0,0,0,1,0,0,0,0,0,0,1,0,0,0,1,0,105,215,188,5,16
0,0,0.0175,0.99,0,0,0,1,0,0,0,0,0,0,0,1,95,14,226,1,16
0,1,0,0,0,0,0,0,0,1,0,0,0,0,0,1,38,137,244,2,16
1,0,0,0,0,0,0,0,0,0.985,0.0275,0,0,1,0,0,3,195,155,3,16
1,0,0,0,0,0,0,0,0,0.79,0.2725,0,0,1,0,0,3,194,112,3,16
0,0,0.0425,0.98,0,0,0,1,0,0,0,0,0,0.8125,0.415,0,93,17,179,1,16
0,0,0.04,0.9975,0,0,0,1,0,0,0,0,0,0.9625,0.0825,0,93,16,177,1,16
1,0,0,0,0,0,0,0,0,1,0,0,0,0,0.9875,0.13,8,184,209,4,16
0,1,0,0,0,0,0,0,0,1,0,0,0,0,1,0,38,133,192,2,16
0,0,0.1625,0.9175,0,0,0,1,0,0,0,0,0,0.605,0.825,0,93,17,180,1,16
0,0,0,1,0,0,0,0,0,0,1,0,0,1,0,0,105,213,139,5,16
0,1,0,0,0,0,0,0,0,1,0,0,0,0,1,0,38,138,192,2,16
0,1,0,0,0,0,0,0,0,1,0,0,0,0,1,0,38,133,190,2,16
0,0,0,1,0,0,0,0,0,1,0,0,0,0.3325,0.7625,0,105,188,182,5,16
0,0,0,1,0,0,0,0,0,0.5825,0.435,0,0,0.115,0.9275,0,105,193,185,5,16
0,0,0,1,0,0,0,0,0,0,1,0,0,0.04,0.9825,0,105,227,183,5,16
0,0,0.0325,0.975,0,0,0,1,0,0,0,0,0,0,0,1,101,17,221,1,16
0,0,0.0025,1,0,0,0,1,0,0,0,0,0,0,0,1,104,21,226,1,16
0,0,0,1,0,0,0,0,0,0,1,0,0,0.2675,0.865,0,104,220,182,5,16
0,0,1,0,0,0,0,0,0,1,0,0,0,0,1,0,66,153,188,0,16
1,0,0,0,0,0,0,0,0,1,0,0,0,0,0,1,7,173,255,4,16
1,0,0,0,0,0,0,0,0,0.355,0.695,0,0,1,0,0,3,201,150,3,16
1,0,0,0,0,0,0,0,0,1,0,0,0,0,0.575,0.5975,7,178,209,4,16
0,0,1,0,0,0,0,0,0,1,0,0,0,1,0,0,67,155,150,0,16
0,1,0,0,0,0,0,0,0,1,0,0,0,0,1,0,38,132,191,2,16
1,0,0,0,0,0,0,0,0,0.115,0.945,0,0,1,0,0,3,204,115,3,16
1,0,0,0,0,0,0,0,0,1,0,0,0,0,0,1,6,185,219,4,16
1,0,0,0,0,0,0,0,0,0.32,0.7,0,0,1,0,0,3,201,117,3,16
0,0,0.8575,0.63,0,0,0,1,0,0,0,0,0,0.0125,1,0,85,17,182,1,16
1,0,0,0,0,0,0,0,0,1,0,0,0,0,0.0025,0.9975,6,188,240,4,16
0,0,1,0,0,0,0,0,0,1,0,0,0,1,0,0,65,156,153,0,16
1,0,0,0,0,0,0,0,0,1,0,0,0,0,0,1,6,164,255,4,16
1,0,0,0,0,0,0,0,0,1,0,0,0,0,0,1,6,170,255,4,16
0,1,0,0,0,0,0,0,0,1,0,0,0,0,0,1,38,134,242,2,16
0,0,0,1,0,0,0,0,0,0,1,0,0,0,1,0,105,227,183,5,16
1,0,0,0,0,0,0,0,0,0,1,0,0,1,0,0,3,222,147,3,16
0,0,1,0,0,0,0,0,0,1,0,0,0,0,1,0,66,156,194,0,16
0,0,0,1,0,0,0,1,0,0,0,0,0,0,0,1,102,24,231,1,16
0,0,1,0,0,0,0,0,0,1,0,0,0,0,1,0,66,154,191,0,16
0,0,1,0,0,0,0,0,0,1,0,0,0,0,1,0,66,151,192,0,16
0.9875,0,0,0,0,0.0125,0,0,0,0.3,0.7375,0,0,1,0,0,2,201,117,3,16
0,1,0,0,0,0,0,0,0,1,0,0,0,0,1,0,38,133,195,2,16
0,0,0,1,0,0,0,0,0,0.335,0.7925,0,0,1,0,0,106,201,150,5,16
1,0,0,0,0,0,0,0,0,0.1925,0.865,0,0,1,0,0,3,207,116,3,16
0,0,0,1,0,0,0,0,0,0,1,0,0,1,0,0,106,212,147,5,16
0,0,1,0,0,0,0,0,0,1,0,0,0,1,0,0,66,154,156,0,16
1,0,0,0,0,0,0,0,0,1,0,0,0,0,0,1,7,181,218,4,16
1,0,0,0,0,0,0,0,0,0.39,0.68,0,0,1,0,0,2,201,119,3,16
1,0,0,0,0,0,0,0,0,1,0,0,0,0,0,1,6,175,221,4,16
0,1,0,0,0,0,0,0,0,1,0,0,0,0,0,1,38,131,244,2,17
0,0,0,1,0,0,0,1,0,0,0,0,0,0,0,1,106,23,242,1,17
1,0,0,0,0,0,0,0,0,0,1,0,0,1,0,0,2,217,154,3,17
0,0,1,0,0,0,0,0,0,1,0,0,0,0,1,0,65,148,196,0,17
0,1,0,0,0,0,0,0,0,1,0,0,0,0,0,1,38,135,249,2,17
0,1,0,0,0,0,0,0,0,1,0,0,0,0,0,1,38,134,252,2,17
0,0,1,0,0,0,0,0,0,1,0,0,0,0,1,0,66,161,196,0,17
0,0,1,0,0,0,0,0,0,1,0,0,0,0,1,0,66,151,203,0,17
1,0,0,0,0,0,0,0,0,0.9875,0.0325,0,0,1,0,0,3,190,162,3,17
0,0,0,1,0,0,0,0,0,0.0125,1,0,0,1,0,0,106,205,151,5,17
1,0,0,0,0,0,0,0,0,1,0,0,0,0,0,1,5,169,223,4,17
0,0,0,1,0,0,0,0,0,1,0.0025,0,0,1,0,0,106,190,154,5,17
0,0,1,0,0,0,0,0,0,1,0,0,0,1,0,0,68,161,159,0,17
0,0,1,0,0,0,0,0,0,1,0,0,0,1,0,0,68,159,161,0,17
0,0,0,1,0,0,0,0,0,0.81,0.2775,0,0,1,0,0,106,198,156,5,17
0,0,0,1,0,0,0,0,0,0,1,0,0,1,0,0,105,215,153,5,17
0,0,0,1,0,0,0,0,0,0,1,0,0,1,0,0,105,211,156,5,17
0,0,0.0025,1,0,0,0,1,0,0,0,0,0,0,1,0,95,17,192,1,17
0,0,1,0,0,0,0,0,0,1,0,0,0,0,1,0,65,135,193,0,17
1,0,0,0,0,0,0,0,0,1,0,0,0,0,0,1,6,172,255,4,17
0,0,0,1,0,0,0,1,0,0,0,0,0,0,0,1,105,21,240,1,17
0,0,0,1,0,0,0,1,0,0,0,0,0,0,0,1,95,17,226,1,17
0,0,0,1,0,0,0,0,0,0,1,0,0,0,1,0,105,223,190,5,17
0,0,0.0075,0.9925,0,0,0,1,0,0,0,0,0,0,0,1,101,21,237,1,17
0,1,0,0,0,0,0,0,0,1,0,0,0,0,0,1,38,136,244,2,17
1,0,0,0,0,0,0,0,0,0.995,0.0275,0,0,1,0,0,3,195,159,3,17
0,1,0,0,0,0,0,0,0,1,0,0,0,0,0,1,38,136,247,2,17
1,0,0,0,0,0,0,0,0,1,0,0,0,0,0,1,7,180,218,4,17
1,0,0,0,0,0,0,0,0,0.76,0.2575,0,0,1,0,0,3,197,123,3,17
0,1,0,0,0,0,0,0,0,1,0,0,0,0,1,0,37,129,199,2,17
0,0,1,0,0,0,0,0,0,1,0,0,0,1,0,0,66,164,157,0,17
1,0,0,0,0,0,0,0,0,0.2175,0.8075,0,0,1,0,0,3,203,123,3,17
1,0,0,0,0,0,0,0,0,1,0,0,0,0,0,1,6,177,225,4,17
1,0,0,0,0,0,0,0,0,1,0,0,0,0,0,1,7,186,224,4,17
0,0,0,1,0,0,0,0,0,0.0025,1,0,0,1,0,0,105,207,153,5,17
0,0,1,0,0,0,0,0,0,1,0,0,0,1,0,0,68,159,160,0,17
1,0,0,0,0,0,0,0,0,1,0,0,0,1,0,0,2,178,153,3,17
0,0,0,1,0,0,0,0,0,0.895,0.125,0,0,0,1,0,105,189,187,5,17
1,0,0,0,0,0,0,0,0,1,0,0,0,0,0,1,6,170,255,4,17
1,0,0,0,0,0,0,0,0,0,1,0,0,1,0,0,3,226,150,3,17
1,0,0,0,0,0,0,0,0,1,0,0,0,0,0,1,7,182,255,4,17
1,0,0,0,0,0,0,0,0,1,0,0,0,0,0,1,6,175,255,4,17
0,0,0.025,0.98,0,0,0,1,0,0,0,0,0,0,0,1,101,15,224,1,17
0,1,0,0,0,0,0,0,0,1,0,0,0,0,0,1,38,141,241,2,17
0,0,0.02,0.985,0,0,0,1,0,0,0,0,0,0,0,1,90,17,225,1,17
0,0,0,1,0,0,0,0,0,0,1,0,0,1,0,0,106,209,144,5,17
0,1,0,0,0,0,0,0,0,1,0,0,0,0,1,0,38,133,195,2,17
0,0,1,0,0,0,0,0,0,1,0,0,0,1,0,0,67,149,151,0,17
0,0,0.7,0.71,0,0,0,1,0,0,0,0,0,0,1,0,85,16,186,1,17
0,0,0.6075,0.685,0,0,0,1,0,0,0,0,0,0,1,0,87,14,185,1,17
0,1,0,0,0,0,0,0,0,1,0,0,0,0,1,0,38,133,197,2,17
1,0,0,0,0,0,0,0,0,1,0,0,0,0,0,1,7,183,221,4,17
1,0,0,0,0,0,0,0,0,0.195,0.87,0,0,1,0,0,3,206,120,3,17
1,0,0,0,0,0,0,0,0,0.84,0.195,0,0,1,0,0,3,199,123,3,17
0,0,0,1,0,0,0,1,0,0,0,0,0,0,0,1,105,21,238,1,18
0,1,0,0,0,0,0,0,0,1,0,0,0,0,0,1,38,129,246,2,18
1,0,0,0,0,0,0,0,0,0.405,0.6125,0,0,1,0,0,2,209,160,3,18
1,0,0,0,0,0,0,0,0,0,1,0,0,1,0,0,2,220,153,3,18
1,0,0,0,0,0,0,0,0,1,0,0,0,0,0,1,7,174,255,4,18
0,0,0,1,0,0,0,0,0,0,1,0,0,0,1,0,105,216,198,5,18
1,0,0,0,0,0,0,0,0,1,0,0,0,0,0,1,7,166,255,4,18
0,0,0,1,0,0,0,0,0,0.445,0.7675,0,0,0,1,0,105,200,197,5,18
0,0,0,1,0,0,0,0,0,0.7225,0.525,0,0,0,1,0,105,199,201,5,18
0,0,0,1,0,0,0,1,0,0,0,0,0,0,1,0,95,16,191,1,18
0,0,0,1,0,0,0,0,0,0.8625,0.2675,0,0,1,0,0,106,197,155,5,18
0,0,0,1,0,0,0,0,0,1,0,0,0,1,0,0,106,192,154,5,18
0,0,0.0225,1,0,0,0,1,0,0,0,0,0,0,1,0,90,16,191,1,18
0,0,0.155,0.93,0,0,0,1,0,0,0,0,0,0,1,0,90,16,191,1,18
0,0,0,1,0,0,0,0,0,0.565,0.575,0,0,1,0,0,106,200,156,5,18
1,0,0,0,0,0,0,0,0,0.92,0.09,0,0,1,0,0,3,196,125,3,18
0,1,0,0,0,0,0,0,0,1,0,0,0,0,1,0,38,138,204,2,18
0,0,1,0,0,0,0,0,0,1,0,0,0,1,0,0,66,152,164,0,18
1,0,0,0,0,0,0,0,0,1,0,0,0,0,0,1,6,170,255,4,18
0,0,0,1,0,0,0,1,0,0,0,0,0,0,0,1,105,20,231,1,18
0,0,0,1,0,0,0,0,0,0.5075,0.5325,0,0,0,1,0,105,195,190,5,18
0,0,0.005,1,0,0,0,1,0,0,0,0,0,0,0,1,101,15,222,1,18
0,1,0,0,0,0,0,0,0,1,0,0,0,0,0,1,38,139,239,2,18
0,1,0,0,0,0,0,0,0,1,0,0,0,0,0,1,38,143,243,2,18
0,1,0,0,0,0,0,0,0,1,0,0,0,0,0,1,38,137,237,2,18
0,0,1,0,0,0,0,0,0,1,0,0,0,0,1,0,66,158,191,0,18
0,0,1,0,0,0,0,0,0,1,0,0,0,0,1,0,66,154,191,0,18
0,1,0,0,0,0,0,0,0,1,0,0,0,0,1,0,38,133,194,2,18
0,1,0,0,0,0,0,0,0,1,0,0,0,0,1,0,38,128,195,2,18
0,0,0.015,0.995,0,0,0,1,0,0,0,0,0,0,1,0,93,15,183,1,18
1,0,0,0,0,0,0,0,0,0.07,0.955,0,0,1,0,0,3,207,116,3,18
0,0,1,0,0,0,0,0,0,1,0,0,0,1,0,0,66,162,154,0,18
1,0,0,0,0,0,0,0,0,1,0,0,0,0,0,1,6,180,218,4,18
1,0,0,0,0,0,0,0,0,1,0,0,0,0,0,1,7,184,217,4,18
0,0,1,0,0,0,0,0,0,1,0,0,0,1,0,0,67,166,155,0,18
1,0,0,0,0,0,0,0,0,1,0,0,0,0,0,1,6,180,221,4,18
0,0,0,1,0,0,0,0,0,0.945,0.09,0,0,0.0175,0.9975,0,105,187,184,5,18
1,0,0,0,0,0,0,0,0,1,0,0,0,0,0,1,6,170,255,4,18
1,0,0,0,0,0,0,0,0,0.9375,0.1275,0,0,1,0,0,3,185,154,3,18
0,0,1,0,0,0,0,0,0,1,0,0,0,0,1,0,67,165,186,0,18
0,0,0,1,0,0,0,0,0,0,1,0,0,0.0975,0.965,0,104,227,182,5,18
0,0,1,0,0,0,0,0,0,1,0,0,0,0,1,0,66,166,191,0,18
0,0,1,0,0,0,0,0,0,1,0,0,0,0,1,0,67,161,187,0,18
1,0,0,0,0,0,0,0,0,1,0,0,0,0,0,1,7,172,255,4,18
0,1,0,0,0,0,0,0,0,1,0,0,0,0,0,1,38,145,241,2,18
0,0,1,0,0,0,0,0,0,1,0,0,0,1,0,0,67,156,149,0,18
1,0,0,0,0,0,0,0,0,1,0,0,0,0,0,1,6,186,231,4,18
0,0,0.03,0.9925,0,0,0,1,0,0,0,0,0,0.005,1,0,95,17,183,1,18
1,0,0,0,0,0,0,0,0,0.085,0.9325,0,0,1,0,0,3,207,119,3,18
1,0,0,0,0,0,0,0,0,0.1225,0.885,0,0,1,0,0,3,201,119,3,18
0,0,0.36,0.8775,0,0,0,1,0,0,0,0,0,0,1,0,85,17,183,1,18
1,0,0,0,0,0,0,0,0,0.17,0.8525,0,0,1,0,0,3,201,119,3,18
1,0,0,0,0,0,0,0,0,0.265,0.8125,0,0,1,0,0,2,201,119,3,18
0,1,0,0,0,0,0,0,0,1,0,0,0,0,1,0,38,133,197,2,18
0,0,0,1,0,0,0,0,0,0.9775,0.035,0,0,0.0625,0.9425,0,106,189,195,5,19
1,0,0,0,0,0,0,0,0,1,0,0,0,0,0,1,7,170,255,4,19
0,0,1,0,0,0,0,0,0,1,0,0,0,0,1,0,66,151,194,0,19
0,0,0,1,0,0,0,0,0,0,1,0,0,0.0025,0.9975,0,105,223,192,5,19
0,0,0,1,0,0,0,0,0,0,1,0,0,0,1,0,105,220,196,5,19
1,0,0,0,0,0,0,0,0,1,0,0,0,0,0,1,7,169,255,4,19
0,0,0,1,0,0,0,1,0,0,0,0,0,0,0,1,101,23,238,1,19
1,0,0,0,0,0,0,0,0,0.9925,0.0075,0,0,1,0,0,3,190,160,3,19
0,1,0,0,0,0,0,0,0,1,0,0,0,0,0,1,39,140,251,2,19
1,0,0,0,0,0,0,0,0,1,0,0,0,0,0,1,6,181,220,4,19
0,0,0,1,0,0,0,1,0,0,0,0,0,0,1,0,95,16,189,1,19
0,0,1,0,0,0,0,0,0,1,0,0,0,1,0,0,67,148,157,0,19
0,0,0,1,0,0,0,0,0,0,1,0,0,1,0,0,106,212,149,5,19
0,1,0,0,0,0,0,0,0,1,0,0,0,0,1,0,38,131,199,2,19
1,0,0,0,0,0,0,0,0,1,0,0,0,0.0075,0.04,0.96,6,178,239,4,19
1,0,0,0,0,0,0,0,0,0.3275,0.7525,0,0,1,0,0,3,201,119,3,19
0,1,0,0,0,0,0,0,0,1,0,0,0,0,1,0,38,138,200,2,19
0,0,0.0225,0.9875,0,0,0,1,0,0,0,0,0,0,1,0,95,16,189,1,19
1,0,0,0,0,0,0,0,0,1,0,0,0,0,0,1,7,171,255,4,19
0,0,0,1,0,0,0,1,0,0,0,0,0,0,0,1,105,22,236,1,19
1,0,0,0,0,0,0,0,0,1,0,0,0,1,0,0,2,184,158,3,19
0,0,0,1,0,0,0,0,0,0,1,0,0,0,1,0,105,218,189,5,19
0,0,0.015,0.99,0,0,0,1,0,0,0,0,0,0,0,1,101,19,229,1,19
0,0,0.0075,0.9975,0,0,0,1,0,0,0,0,0,0,0,1,95,22,234,1,19
1,0,0,0,0,0,0,0,0,1,0,0,0,0,0,1,7,172,255,4,19
0,1,0,0,0,0,0,0,0,1,0,0,0,0,0,1,38,137,246,2,19
1,0,0,0,0,0,0,0,0,0.955,0.075,0,0,1,0,0,3,192,158,3,19
0,0,0,1,0,0,0,0,0,0.1075,0.95,0,0,1,0,0,106,205,153,5,19
0,0,0,1,0,0,0,0,0,0.0075,1,0,0,1,0,0,106,207,152,5,19
0,0,0,1,0,0,0,0,0,0.845,0.2325,0,0,1,0,0,106,198,151,5,19
0,0,1,0,0,0,0,0,0,1,0,0,0,1,0,0,67,164,159,0,19
1,0,0,0,0,0,0,0,0,0.2675,0.765,0,0,1,0,0,3,201,122,3,19
1,0,0,0,0,0,0,0,0,0.955,0.0675,0,0,1,0,0,3,192,125,3,19
0,0,1,0,0,0,0,0,0,1,0,0,0,1,0,0,68,163,161,0,19
0,0,0.055,0.9775,0,0,0,1,0,0,0,0,0,0,1,0,95,17,192,1,19
1,0,0,0,0,0,0,0,0,1,0,0,0,0,0,1,6,176,227,4,19
0,1,0,0,0,0,0,0,0,1,0,0,0,0,0,1,38,130,241,2,19
0,1,0,0,0,0,0,0,0,1,0,0,0,0,0,1,38,129,244,2,19
0,0,0,1,0,0,0,1,0,0,0,0,0,0,0,1,106,23,239,1,19
0,1,0,0,0,0,0,0,0,1,0,0,0,0,0,1,38,139,242,2,19
1,0,0,0,0,0,0,0,0,1,0,0,0,0,0,1,7,178,255,4,19
0,0,1,0,0,0,0,0,0,1,0,0,0,0,1,0,66,161,198,0,19
0,1,0,0,0,0,0,0,0,1,0,0,0,0,0,1,38,136,244,2,19
1,0,0,0,0,0,0,0,0,0.7825,0.345,0,0,1,0,0,3,199,158,3,19
1,0,0,0,0,0,0,0,0,0.985,0.03,0,0,1,0,0,3,194,159,3,19
0,0,0,1,0,0,0,0,0,0.0275,0.9825,0,0,1,0,0,106,207,150,5,19
0,0,1,0,0,0,0,0,0,1,0,0,0,1,0,0,67,154,159,0,19
0,0,0,1,0,0,0,1,0,0,0,0,0,0,1,0,95,15,191,1,19
1,0,0,0,0,0,0,0,0,0.22,0.84,0,0,1,0,0,3,204,122,3,19
0,0,1,0,0,0,0,0,0,1,0,0,0,1,0,0,66,160,161,0,19
1,0,0,0,0,0,0,0,0,1,0,0,0,0,0,1,6,182,228,4,19
0,1,0,0,0,0,0,0,0,1,0,0,0,0,1,0,38,138,200,2,19
0,0,1,0,0,0,0,0,0,1,0,0,0,1,0,0,66,163,161,0,19
0,0,1,0,0,0,0,0,0,1,0,0,0,1,0,0,68,156,160,0,19
0,0,0,1,0,0,0,0,0,0.1375,0.895,0,0,0.405,0.7625,0,105,207,181,5,20
1,0,0,0,0,0,0,0,0,1,0,0,0,0,0,1,6,174,255,4,20
0,0,0,1,0,0,0,1,0,0,0,0,0,0,0,1,105,21,233,1,20
0,0,0,1,0,0,0,0,0,0,1,0,0,0.155,0.93,0,105,214,182,5,20
0,0,0,1,0,0,0,0,0,0,1,0,0,0.05,0.9875,0,105,226,184,5,20
1,0,0,0,0,0,0,0,0,1,0,0,0,0,0,1,7,175,255,4,20
0,0,1,0,0,0,0,0,0,1,0,0,0,0,1,0,67,153,191,0,20
0,0,0.0275,0.9725,0,0,0,1,0,0,0,0,0,0,0.005,0.995,95,17,226,1,20
1,0,0,0,0,0,0,0,0,0.0225,0.99,0,0,1,0,0,3,205,152,3,20
1,0,0,0,0,0,0,0,0,1,0,0,0,0,0,1,6,178,225,4,20
0,0,0.01,0.995,0,0,0,1,0,0,0,0,0,0,1,0,95,15,192,1,20
0,0,0.0025,1,0,0,0,1,0,0,0,0,0,0,1,0,98,15,191,1,20
0,0,0,1,0,0,0,0,0,0.04,0.9775,0,0,1,0,0,105,205,154,5,20
0,1,0,0,0,0,0,0,0,1,0,0,0,0,1,0,38,133,203,2,20
0,0,1,0,0,0,0,0,0,1,0,0,0,1,0,0,66,157,161,0,20
0,0,0.25,0.93,0,0,0,1,0,0,0,0,0,0,1,0,90,16,191,1,20
1,0,0,0,0,0,0,0,0,0.405,0.7025,0,0,1,0,0,2,205,122,3,20
0,1,0,0,0,0,0,0,0,1,0,0,0,0,1,0,38,138,204,2,20
1,0,0,0,0,0,0,0,0,1,0,0,0,0,0,1,7,167,255,4,20
0,0,0,1,0,0,0,1,0,0,0,0,0,0,0,1,104,21,234,1,20
1,0,0,0,0,0,0,0,0,0.1075,0.905,0,0,1,0,0,2,213,152,3,20
0,0,0,1,0,0,0,0,0,0,1,0,0,0.005,1,0,104,218,187,5,20
0,0,0.02,0.98,0,0,0,1,0,0,0,0,0,0,0,1,92,17,226,1,20
0,1,0,0,0,0,0,0,0,1,0,0,0,0,0,1,38,137,246,2,20
0,0,1,0,0,0,0,0,0,1,0,0,0,0,1,0,66,151,193,0,20
1,0,0,0,0,0,0,0,0,1,0,0,0,0,0,1,7,173,255,4,20
0,1,0,0,0,0,0,0,0,1,0,0,0,0,0,1,38,136,246,2,20
0,0,0.0475,0.98,0,0,0,1,0,0,0,0,0,0,1,0,93,14,183,1,20
0,0,1,0,0,0,0,0,0,1,0,0,0,1,0,0,67,149,156,0,20
0,0,0,1,0,0,0,0,0,0.9275,0.095,0,0,1,0,0,106,195,150,5,20
0,0,1,0,0,0,0,0,0,1,0,0,0,1,0,0,66,162,156,0,20
1,0,0,0,0,0,0,0,0,0.89,0.1325,0,0,1,0,0,3,195,123,3,20
0,0,0,1,0,0,0,0,0,0.1375,0.95,0,0,1,0,0,106,203,151,5,20
1,0,0,0,0,0,0,0,0,1,0,0,0,0,0,1,7,185,221,4,20
1,0,0,0,0,0,0,0,0,0.5775,0.4825,0,0,1,0,0,2,199,123,3,20
0,0,0,1,0,0,0,0,0,0.165,0.8875,0,0,1,0,0,105,204,154,5,20
0,1,0,0,0,0,0,0,0,1,0,0,0,0,0,1,38,127,241,2,20
0,1,0,0,0,0,0,0,0,1,0,0,0,0,0,1,38,129,244,2,20
0,1,0,0,0,0,0,0,0,1,0,0,0,0,0,1,38,131,246,2,20
0,1,0,0,0,0,0,0,0,1,0,0,0,0,0,1,38,138,242,2,20
1,0,0,0,0,0,0,0,0,1,0,0,0,0,0,1,7,177,255,4,20
1,0,0,0,0,0,0,0,0,0.01,0.995,0,0,1,0,0,2,208,156,3,20
0,0,1,0,0,0,0,0,0,1,0,0,0,0,1,0,67,158,190,0,20
1,0,0,0,0,0,0,0,0,1,0,0,0,0,0,1,7,172,255,4,20
1,0,0,0,0,0,0,0,0,1,0,0,0,0,0,1,7,169,255,4,20
1,0,0,0,0,0,0,0,0,0.9775,0.0275,0,0,1,0,0,2,193,119,3,20
0,0,1,0,0,0,0,0,0,1,0,0,0,1,0,0,67,150,156,0,20
0,0,1,0,0,0,0,0,0,1,0,0,0,1,0,0,67,145,156,0,20
0,0,0.13,0.985,0,0,0,1,0,0,0,0,0,0,1,0,90,16,189,1,20
0,0,1,0,0,0,0,0,0,1,0,0,0,1,0,0,67,158,158,0,20
0,1,0,0,0,0,0,0,0,1,0,0,0,0,1,0,38,131,200,2,20
0,0,0,1,0,0,0,0,0,0.0325,0.9775,0,0,1,0,0,105,204,155,5,20
1,0,0,0,0,0,0,0,0,0.975,0.0275,0,0,1,0,0,2,192,124,3,20
1,0,0,0,0,0,0,0,0,1,0,0,0,1,0,0,2,182,125,3,20
0,0,1,0,0,0,0,0,0,1,0,0,0,0,1,0,65,138,192,0,21
0,0,0,1,0,0,0,0,0,1,0,0,0,0,1,0,106,191,195,5,21
1,0,0,0,0,0,0,0,0,1,0,0,0,0,0,1,7,165,255,4,21
0,0,0.0075,0.9925,0,0,0,1,0,0,0,0,0,0,0,1,95,19,226,1,21
0,0,0,1,0,0,0,1,0,0,0,0,0,0,0,1,95,17,230,1,21
0,0,0,1,0,0,0,0,0,0,1,0,0,0,1,0,105,217,195,5,21
1,0,0,0,0,0,0,0,0,1,0,0,0,0,0,1,7,168,255,4,21
1,0,0,0,0,0,0,0,0,1,0,0,0,1,0,0,3,188,161,3,21
1,0,0,0,0,0,0,0,0,1,0,0,0,1,0,0,3,191,160,3,21
0,0,0.005,0.9975,0,0,0,1,0,0,0,0,0,0,1,0,95,15,184,1,21
0,1,0,0,0,0,0,0,0,1,0,0,0,0,1,0,37,127,197,2,21
1,0,0,0,0,0,0,0,0,1,0,0,0,0,0,1,6,166,216,4,21
1,0,0,0,0,0,0,0,0,1,0,0,0,0,0,1,7,180,218,4,21
1,0,0,0,0,0,0,0,0,0.8925,0.1175,0,0,1,0,0,3,196,124,3,21
0,0,0,1,0,0,0,0,0,0.8525,0.2375,0,0,1,0,0,106,198,151,5,21
0,1,0,0,0,0,0,0,0,1,0,0,0,0,1,0,38,137,197,2,21
0,0,0.3275,0.94,0,0,0,1,0,0,0,0,0,0,1,0,87,16,188,1,21
0,0,0.0775,0.99,0,0,0,1,0,0,0,0,0,0,1,0,95,16,189,1,21
0,1,0,0,0,0,0,0,0,1,0,0,0,0,0,1,37,129,235,2,21
1,0,0,0,0,0,0,0,0,1,0,0,0,0,0,1,6,169,255,4,21
0,0,0,1,0,0,0,0,0,0.4675,0.5525,0,0,0,1,0,105,221,192,5,21
0,1,0,0,0,0,0,0,0,1,0,0,0,0,0,1,37,139,238,2,21
1,0,0,0,0,0,0,0,0,1,0,0,0,0,0,1,6,177,255,4,21
0,0,0.01,0.9975,0,0,0,1,0,0,0,0,0,0,0,1,95,15,228,1,21
0,0,0.005,1,0,0,0,1,0,0,0,0,0,0,0,1,101,19,229,1,21
0,1,0,0,0,0,0,0,0,1,0,0,0,0,0,1,38,138,241,2,21
0,1,0,0,0,0,0,0,0,1,0,0,0,0,0,1,38,139,244,2,21
0,1,0,0,0,0,0,0,0,1,0,0,0,0,1,0,38,131,194,2,21
0,0,1,0,0,0,0,0,0,1,0,0,0,1,0,0,66,152,154,0,21
0,0,1,0,0,0,0,0,0,1,0,0,0,1,0,0,67,151,154,0,21
0,0,1,0,0,0,0,0,0,1,0,0,0,1,0,0,67,162,153,0,21
0,0,1,0,0,0,0,0,0,1,0,0,0,1,0,0,66,161,154,0,21
0.9925,0,0,0,0,0.0075,0,0,0,0.8725,0.17,0,0,1,0,0,2,196,122,3,21
1,0,0,0,0,0,0,0,0,0.5975,0.4725,0,0,1,0,0,3,196,120,3,21
0,1,0,0,0,0,0,0,0,1,0,0,0,0,1,0,38,140,198,2,21
0.99,0,0,0,0,0.01,0,0,0,0.9975,0.0025,0,0,1,0,0,2,188,123,3,21
1,0,0,0,0,0,0,0,0,1,0,0,0,0,0,1,6,166,255,4,21
1,0,0,0,0,0,0,0,0,0.6475,0.36,0,0,1,0,0,3,185,153,3,21
0,0,1,0,0,0,0,0,0,1,0,0,0,0,1,0,67,155,187,0,21
0,0,0,1,0,0,0,1,0,0,0,0,0,0,0,1,104,21,228,1,21
0,0,0,1,0,0,0,0,0,0,1,0,0,0.075,0.9725,0,104,229,184,5,21
0,0,1,0,0,0,0,0,0,1,0,0,0,0,1,0,66,162,191,0,21
0,0,0,1,0,0,0,0,0,0.115,0.89,0,0,0.055,0.97,0,104,216,185,5,21
0,0,1,0,0,0,0,0,0,1,0,0,0,0,1,0,66,158,190,0,21
0,0,0.045,0.96,0,0,0,1,0,0,0,0,0,0,0,1,95,17,225,1,21
1,0,0,0,0,0,0,0,0,0.165,0.8975,0,0,1,0,0,3,207,116,3,21
0,0,0,1,0,0,0,0,0,0.0225,0.99,0,0,1,0,0,106,204,144,5,21
0,0,0,1,0,0,0,0,0,0.2775,0.8325,0,0,1,0,0,105,202,145,5,21
1,0,0,0,0,0,0,0,0,1,0,0,0,0,0,1,6,188,235,4,21
0,1,0,0,0,0,0,0,0,1,0,0,0,0,1,0,38,133,196,2,21
1,0,0,0,0,0,0,0,0,1,0,0,0,0,0,1,6,180,219,4,21
0,0,1,0,0,0,0,0,0,1,0,0,0,1,0,0,67,167,154,0,21
1,0,0,0,0,0,0,0,0,0.03,0.975,0,0,1,0,0,3,208,119,3,21
0,0,0,1,0,0,0,0,0,0.0125,0.9925,0,0,1,0,0,106,211,148,5,21
1,0,0,0,0,0,0,0,0,1,0,0,0,0,0,1,6,164,255,4,22
0,0,0,1,0,0,0,0,0,1,0,0,0,0,1,0,106,190,195,5,22
0,0,0,1,0,0,0,1,0,0,0,0,0,0,0,1,105,21,237,1,22
0,0,0,1,0,0,0,0,0,0,1,0,0,0,1,0,105,220,190,5,22
1,0,0,0,0,0,0,0,0,1,0,0,0,0,0,1,7,177,255,4,22
1,0,0,0,0,0,0,0,0,0.3,0.7925,0,0,1,0,0,3,202,155,3,22
1,0,0,0,0,0,0,0,0,1,0,0,0,1,0,0,3,178,160,3,22
0,1,0,0,0,0,0,0,0,1,0,0,0,0,0,1,38,136,247,2,22
0,1,0,0,0,0,0,0,0,1,0,0,0,0,0,1,38,141,249,2,22
0,0,1,0,0,0,0,0,0,1,0,0,0,1,0,0,68,151,154,0,22
0,0,0,1,0,0,0,1,0,0,0,0,0,0,1,0,95,15,184,1,22
1,0,0,0,0,0,0,0,0,1,0,0,0,0,0.14,0.9825,6,166,212,4,22
0,1,0,0,0,0,0,0,0,1,0,0,0,0,1,0,38,135,198,2,22
0,1,0,0,0,0,0,0,0,1,0,0,0,0,1,0,38,133,197,2,22
0,0,0,1,0,0,0,0,0,0.995,0.0275,0,0,1,0,0,105,195,151,5,22
1,0,0,0,0,0,0,0,0,0.8825,0.1575,0,0,1,0,0,2,193,119,3,22
1,0,0,0,0,0,0,0,0,1,0,0,0,0,0,1,6,180,220,4,22
0,0,0,1,0,0,0,0,0,1,0,0,0,1,0,0,105,195,150,5,22
0,0,0,1,0,0,0,1,0,0,0,0,0,0,0,1,101,21,230,1,22
0,0,0,1,0,0,0,1,0,0,0,0,0,0,0,1,98,17,229,1,22
0,0,0,1,0,0,0,0,0,0,1,0,0,0,1,0,105,223,190,5,22
0,1,0,0,0,0,0,0,0,1,0,0,0,0,0,1,38,138,240,2,22
0,0,0.1075,0.9225,0,0,0,1,0,0,0,0,0,0,0,1,90,16,225,1,22
1,0,0,0,0,0,0,0,0,0.105,0.935,0,0,1,0,0,3,205,154,3,22
0,1,0,0,0,0,0,0,0,1,0,0,0,0,0,1,38,137,241,2,22
0,0,1,0,0,0,0,0,0,1,0,0,0,0,1,0,66,151,195,0,22
0,0,1,0,0,0,0,0,0,1,0,0,0,0,1,0,67,157,195,0,22
0,0,0.0175,0.99,0,0,0,1,0,0,0,0,0,0,1,0,95,16,188,1,22
1,0,0,0,0,0,0,0,0,1,0,0,0,0,0,1,6,178,218,4,22
0,0,0,1,0,0,0,0,0,0.94,0.0825,0,0,1,0,0,105,195,149,5,22
0,0,1,0,0,0,0,0,0,1,0,0,0,1,0,0,66,158,160,0,22
0,0,0,1,0,0,0,0,0,0,1,0,0,1,0,0,105,207,150,5,22
0,0,0.095,0.9575,0,0,0,1,0,0,0,0,0,0,1,0,87,13,190,1,22
1,0,0,0,0,0,0,0,0,0.7775,0.245,0,0,1,0,0,3,199,124,3,22
0,0,0.6625,0.745,0,0,0,1,0,0,0,0,0,0,1,0,85,16,189,1,22
1,0,0,0,0,0,0,0,0,1,0,0,0,0,0,1,6,178,225,4,22
0,0,1,0,0,0,0,0,0,1,0,0,0,0,1,0,65,136,187,0,22
0,0,1,0,0,0,0,0,0,1,0,0,0,0,1,0,66,139,190,0,22
0,0,1,0,0,0,0,0,0,1,0,0,0,0,1,0,67,154,190,0,22
1,0,0,0,0,0,0,0,0,1,0,0,0,0,0,1,7,176,255,4,22
0,0,1,0,0,0,0,0,0,1,0,0,0,0,1,0,67,162,191,0,22
1,0,0,0,0,0,0,0,0,0.0425,0.97,0,0,1,0,0,3,208,152,3,22
1,0,0,0,0,0,0,0,0,0.0025,1,0,0,1,0,0,3,214,148,3,22
1,0,0,0,0,0,0,0,0,0.6225,0.59,0,0,1,0,0,3,200,154,3,22
0,1,0,0,0,0,0,0,0,1,0,0,0,0,0,1,38,139,244,2,22
1,0,0,0,0,0,0,0,0,1,0,0,0,0,0.0225,1,7,184,213,4,22
1,0,0,0,0,0,0,0,0,1,0,0,0,0,0,1,6,182,233,4,22
0,1,0,0,0,0,0,0,0,1,0,0,0,0,1,0,38,124,194,2,22
0,0,0,1,0,0,0,0,0,0.0025,1,0,0,1,0,0,106,212,142,5,22
1,0,0,0,0,0,0,0,0,0.475,0.645,0,0,1,0,0,3,200,120,3,22
0,0,1,0,0,0,0,0,0,1,0,0,0,1,0,0,67,157,156,0,22
0,0,0,1,0,0,0,0,0,0,1,0,0,1,0,0,105,215,146,5,22
0,1,0,0,0,0,0,0,0,1,0,0,0,0,1,0,38,138,199,2,22
0,0,0.3325,0.8025,0,0,0,1,0,0,0,0,0,0,1,0,90,16,188,1,22
0,0,1,0,0,0,0,0,0,1,0,0,0,0.0225,0.9875,0,66,141,186,0,23
0,1,0,0,0,0,0,0,0,1,0,0,0,0,0,1,37,137,236,2,23
0,0,0,1,0,0,0,1,0,0,0,0,0,0,0,1,105,20,231,1,23
0,0,0,1,0,0,0,1,0,0,0,0,0,0,0,1,95,14,221,1,23
1,0,0,0,0,0,0,0,0,1,0,0,0,0,0,1,6,180,255,4,23
0,1,0,0,0,0,0,0,0,1,0,0,0,0,0,1,38,139,239,2,23
0,0,0.0125,0.995,0,0,0,1,0,0,0,0,0,0,0,1,95,17,224,1,23
0,0,0.015,0.9925,0,0,0,1,0,0,0,0,0,0,0,1,95,15,229,1,23
1,0,0,0,0,0,0,0,0,1,0,0,0,0,0,1,7,173,255,4,23
1,0,0,0,0,0,0,0,0,0,1,0,0,1,0,0,3,216,111,3,23
0,0,1,0,0,0,0,0,0,1,0,0,0,1,0,0,66,156,150,0,23
0,0,1,0,0,0,0,0,0,1,0,0,0,1,0,0,67,153,148,0,23
0,0,0,1,0,0,0,0,0,0,1,0,0,1,0,0,105,220,138,5,23
0,0,0.4775,0.7775,0,0,0,1,0,0,0,0,0,0.96,0.34,0,87,17,179,1,23
0,0,0,1,0,0,0,0,0,0.0025,1,0,0,1,0,0,105,207,142,5,23
0,0,1,0,0,0,0,0,0,1,0,0,0,1,0,0,65,167,148,0,23
0,1,0,0,0,0,0,0,0,1,0,0,0,0,1,0,38,141,191,2,23
0,0,0,1,0,0,0,0,0,0.005,0.9975,0,0,1,0,0,105,207,141,5,23
1,0,0,0,0,0,0,0,0,0.6775,0.335,0,0,1,0,0,3,190,147,3,23
1,0,0,0,0,0,0,0,0,0.36,0.665,0,0,1,0,0,3,219,142,3,23
1,0,0,0,0,0,0,0,0,1,0,0,0,0,0,1,6,173,255,4,23
1,0,0,0,0,0,0,0,0,1,0,0,0,0,0,1,7,184,255,4,23
0,1,0,0,0,0,0,0,0,1,0,0,0,0,0,1,38,140,236,2,23
1,0,0,0,0,0,0,0,0,0,1,0,0,1,0,0,3,222,145,3,23
0,1,0,0,0,0,0,0,0,1,0,0,0,0,0,1,38,143,235,2,23
1,0,0,0,0,0,0,0,0,1,0,0,0,0,0,1,6,178,255,4,23
0,1,0,0,0,0,0,0,0,1,0,0,0,0,0,1,38,140,239,2,23
0,0,1,0,0,0,0,0,0,1,0,0,0,1,0,0,67,159,147,0,23
0,0,1,0,0,0,0,0,0,1,0,0,0,1,0,0,67,156,149,0,23
0,1,0,0,0,0,0,0,0,1,0,0,0,0,1,0,38,127,189,2,23
0,0,0,1,0,0,0,0,0,0,1,0,0,1,0,0,106,219,140,5,23
0,0,1,0,0,0,0,0,0,1,0,0,0,1,0,0,66,163,151,0,23
1,0,0,0,0,0,0,0,0,1,0,0,0,0,0.0525,0.9525,7,184,216,4,23
0,0,0,1,0,0,0,0,0,0,1,0,0,1,0,0,105,219,142,5,23
0,0,0,1,0,0,0,0,0,0,1,0,0,1,0,0,105,219,143,5,23
1,0,0,0,0,0,0,0,0,1,0,0,0,0,0.0025,1,7,181,217,4,23
0,1,0,0,0,0,0,0,0,1,0,0,0,0,0,1,37,130,234,2,23
0,0,0,1,0,0,0,1,0,0,0,0,0,0,0,1,105,20,225,1,23
0,0,0,1,0,0,0,0,0,0.395,0.6675,0,0,0.0425,0.9925,0,105,196,182,5,23
1,0,0,0,0,0,0,0,0,0,1,0,0,1,0,0,2,222,145,3,23
0,0,0,1,0,0,0,0,0,0,1,0,0,0.6875,0.55,0,104,225,180,5,23
0,1,0,0,0,0,0,0,0,1,0,0,0,0,0,1,38,140,239,2,23
0,0,0,1,0,0,0,0,0,0,1,0,0,0.7675,0.5225,0,104,222,180,5,23
1,0,0,0,0,0,0,0,0,0.33,0.725,0,0,1,0,0,3,199,150,3,23
0,0,0,1,0,0,0,1,0,0,0,0,0,0,0,1,95,17,223,1,23
1,0,0,0,0,0,0,0,0,0.425,0.69,0,0,1,0,0,2,202,115,3,23
0,0,1,0,0,0,0,0,0,1,0,0,0,1,0,0,67,153,149,0,23
1,0,0,0,0,0,0,0,0,1,0,0,0,0,0.92,0.24,6,172,209,4,23
0,0,1,0,0,0,0,0,0,1,0,0,0,1,0,0,67,163,150,0,23
1,0,0,0,0,0,0,0,0,0.5225,0.5125,0,0,1,0,0,2,201,117,3,23
0,0,0.3675,0.78,0,0,0,1,0,0,0,0,0,0.0325,0.9875,0,87,14,182,1,23
1,0,0,0,0,0,0,0,0,0.5525,0.4675,0,0,1,0,0,2,201,119,3,23
1,0,0,0,0,0,0,0,0,1,0,0,0,0,0,1,7,180,218,4,23
0,0,0.35,0.8625,0,0,0,1,0,0,0,0,0,0,1,0,90,17,183,1,23
1,0,0,0,0,0,0,0,0,0.2325,0.83,0,0,1,0,0,3,207,154,3,24
1,0,0,0,0,0,0,0,0,0.8575,0.175,0,0,1,0,0,2,179,160,3,24
1,0,0,0,0,0,0,0,0,1,0,0,0,0,0,1,7,169,255,4,24
1,0,0,0,0,0,0,0,0,1,0,0,0,0.0075,0.035,0.9575,7,174,255,4,24
0,0,0,1,0,0,0,0,0,0,1,0,0,0,1,0,105,222,194,5,24
0,0,0.0025,0.9975,0,0,0,1,0,0,0,0,0,0,0,1,102,23,239,1,24
0,1,0,0,0,0,0,0,0,1,0,0,0,0,0,1,38,141,251,2,24
1,0,0,0,0,0,0,0,0,1,0,0,0,0,0,1,7,164,255,4,24
1,0,0,0,0,0,0,0,0,0.56,0.4925,0,0,1,0,0,3,194,158,3,24
0,0,0,1,0,0,0,0,0,0.005,1,0,0,1,0,0,106,207,153,5,24
1,0,0,0,0,0,0,0,0,1,0,0,0,0,0,1,6,176,227,4,24
0,0,1,0,0,0,0,0,0,1,0,0,0,1,0,0,67,148,159,0,24
0,0,0,1,0,0,0,0,0,0,1,0,0,1,0,0,105,212,154,5,24
0,1,0,0,0,0,0,0,0,1,0,0,0,0,1,0,38,131,206,2,24
0,0,1,0,0,0,0,0,0,1,0,0,0,1,0,0,67,154,162,0,24
0,0,0.39,0.8375,0,0,0,1,0,0,0,0,0,0,1,0,90,16,189,1,24
1,0,0,0,0,0,0,0,0,1,0,0,0,0,0,1,6,182,227,4,24
0,0,1,0,0,0,0,0,0,1,0,0,0,1,0,0,67,155,161,0,24
0,0,1,0,0,0,0,0,0,1,0,0,0,0,1,0,66,139,193,0,24
0,0,1,0,0,0,0,0,0,1,0,0,0,0,1,0,65,143,196,0,24
0,0,0,1,0,0,0,0,0,0,1,0,0,0,1,0,104,223,193,5,24
0,0,0,1,0,0,0,0,0,0,1,0,0,0.01,0.99,0,104,225,187,5,24
0,0,0.285,0.835,0,0,0,1,0,0,0,0,0,0,0,1,90,14,226,1,24
0,0,1,0,0,0,0,0,0,1,0,0,0,0,1,0,67,161,197,0,24
1,0,0,0,0,0,0,0,0,0.0125,0.995,0,0,1,0,0,3,207,154,3,24
1,0,0,0,0,0,0,0,0,0.69,0.505,0,0,1,0,0,3,200,157,3,24
0,0,0,1,0,0,0,0,0,0.0475,0.9975,0,0,0,1,0,105,201,193,5,24
1,0,0,0,0,0,0,0,0,0.27,0.785,0,0,1,0,0,3,204,120,3,24
0,1,0,0,0,0,0,0,0,1,0,0,0,0,1,0,37,131,198,2,24
0,0,0,1,0,0,0,0,0,0.9975,0.01,0,0,1,0,0,105,193,151,5,24
0,0,0.5525,0.8375,0,0,0,1,0,0,0,0,0,0,1,0,85,16,191,1,24
1,0,0,0,0,0,0,0,0,0.4,0.63,0,0,1,0,0,3,199,123,3,24
0,0,0.08,0.9475,0,0,0,1,0,0,0,0,0,0,1,0,87,13,191,1,24
0,0,0.5025,0.895,0,0,0,1,0,0,0,0,0,0,1,0,85,16,192,1,24
1,0,0,0,0,0,0,0,0,0.3875,0.65,0,0,1,0,0,3,201,123,3,24
1,0,0,0,0,0,0,0,0,1,0,0,0,0,0,1,6,177,230,4,24
0,0,0,1,0,0,0,1,0,0,0,0,0,0,0,1,108,19,227,1,24
0,1,0,0,0,0,0,0,0,1,0,0,0,0,0,1,37,129,235,2,24
0,0,1,0,0,0,0,0,0,1,0,0,0,0,1,0,67,146,190,0,24
0,0,0,1,0,0,0,1,0,0,0,0,0,0,0,1,103,18,224,1,24
1,0,0,0,0,0,0,0,0,1,0,0,0,0,0,1,6,181,255,4,24
0,0,1,0,0,0,0,0,0,1,0,0,0,0,1,0,66,161,191,0,24
0,1,0,0,0,0,0,0,0,1,0,0,0,0,0,1,38,140,236,2,24
0,0,0,1,0,0,0,0,0,0.0025,1,0,0,0.0325,0.9925,0,105,211,185,5,24
1,0,0,0,0,0,0,0,0,1,0,0,0,0,0,1,7,172,255,4,24
0,1,0,0,0,0,0,0,0,1,0,0,0,0,1,0,38,128,194,2,24
0,1,0,0,0,0,0,0,0,1,0,0,0,0,1,0,38,133,195,2,24
1,0,0,0,0,0,0,0,0,1,0,0,0,0,0.01,0.9975,6,172,214,4,24
1,0,0,0,0,0,0,0,0,0.1225,0.885,0,0,1,0,0,3,207,118,3,24
0,0,1,0,0,0,0,0,0,1,0,0,0,1,0,0,66,163,153,0,24
0,0,0,1,0,0,0,0,0,0.04,0.9725,0,0,1,0,0,106,205,148,5,24
0,0,0.4975,0.76,0,0,0,1,0,0,0,0,0,0,1,0,90,17,183,1,24
0,1,0,0,0,0,0,0,0,1,0,0,0,0,1,0,38,137,197,2,24
0,1,0,0,0,0,0,0,0,1,0,0,0,0,1,0,38,133,196,2,24
0,0,0,1,0,0,0,1,0,0,0,0,0,0,0,1,105,19,235,1,25
1,0,0,0,0,0,0,0,0,1,0,0,0,1,0,0,3,188,158,3,25
0,0,0,1,0,0,0,1,0,0,0,0,0,0,0,1,105,20,239,1,25
0,0,0.01,0.995,0,0,0,1,0,0,0,0,0,0,0,1,95,17,231,1,25
0,0,1,0,0,0,0,0,0,1,0,0,0,0,1,0,66,149,197,0,25
1,0,0,0,0,0,0,0,0,1,0,0,0,0,0,1,7,171,255,4,25
0,0,0,1,0,0,0,1,0,0,0,0,0,0,0,1,95,16,231,1,25
0,0,0,1,0,0,0,0,0,1,0.025,0,0,0,1,0,105,198,196,5,25
1,0,0,0,0,0,0,0,0,1,0,0,0,1,0,0,3,185,161,3,25
0,0,1,0,0,0,0,0,0,1,0,0,0,1,0,0,67,153,152,0,25
1,0,0,0,0,0,0,0,0,1,0,0,0,0,0,1,6,172,217,4,25
0,0,0,1,0,0,0,0,0,1,0,0,0,1,0,0,106,186,147,5,25
0,0,1,0,0,0,0,0,0,1,0,0,0,1,0,0,65,162,153,0,25
0,1,0,0,0,0,0,0,0,1,0,0,0,0,1,0,38,131,196,2,25
1,0,0,0,0,0,0,0,0,1,0,0,0,1,0,0,2,176,123,3,25
0,0,0,1,0,0,0,0,0,0.025,1,0,0,1,0,0,105,207,144,5,25
1,0,0,0,0,0,0,0,0,1,0,0,0,0,0,1,7,179,220,4,25
0,1,0,0,0,0,0,0,0,1,0,0,0,0,1,0,38,128,193,2,25
0,0,1,0,0,0,0,0,0,1,0,0,0,0.225,0.94,0,66,152,181,0,25
1,0,0,0,0,0,0,0,0,0.7075,0.3025,0,0,1,0,0,3,188,155,3,25
0,0,0,1,0,0,0,0,0,0.6775,0.3675,0,0,0,1,0,105,197,192,5,25
0,0,1,0,0,0,0,0,0,1,0,0,0,0,1,0,65,155,188,0,25
0,0,0.0075,0.995,0,0,0,1,0,0,0,0,0,0,0,1,101,19,226,1,25
0,0,1,0,0,0,0,0,0,1,0,0,0,0,1,0,67,167,191,0,25
0,0,0,1,0,0,0,0,0,0,1,0,0,0.1375,0.9675,0,104,227,182,5,25
0,1,0,0,0,0,0,0,0,1,0,0,0,0,0,1,38,142,244,2,25
0,1,0,0,0,0,0,0,0,1,0,0,0,0,0,1,38,137,245,2,25
1,0,0,0,0,0,0,0,0,1,0,0,0,0,0,1,7,181,218,4,25
0,1,0,0,0,0,0,0,0,1,0,0,0,0,1,0,38,131,199,2,25
0,1,0,0,0,0,0,0,0,1,0,0,0,0,1,0,38,132,198,2,25
0,1,0,0,0,0,0,0,0,1,0,0,0,0,1,0,38,140,200,2,25
1,0,0,0,0,0,0,0,0,1,0,0,0,0,0,1,7,188,226,4,25
0,0,0,1,0,0,0,0,0,0,1,0,0,1,0,0,106,211,151,5,25
0,0,1,0,0,0,0,0,0,1,0,0,0,1,0,0,67,167,156,0,25
0,0,1,0,0,0,0,0,0,1,0,0,0,1,0,0,66,163,160,0,25
0,0,1,0,0,0,0,0,0,1,0,0,0,1,0,0,67,158,158,0,25
1,0,0,0,0,0,0,0,0,1,0,0,0,0,0,1,7,177,255,4,25
0,0,0,1,0,0,0,1,0,0,0,0,0,0,0,1,108,18,229,1,25
0,0,0,1,0,0,0,1,0,0,0,0,0,0,0,1,105,21,232,1,25
0,0,0,1,0,0,0,0,0,0,1,0,0,0.8125,0.3525,0,104,232,178,5,25
1,0,0,0,0,0,0,0,0,0,1,0,0,1,0,0,2,234,148,3,25
0,0,0.0025,1,0,0,0,1,0,0,0,0,0,0,0,1,101,17,227,1,25
1,0,0,0,0,0,0,0,0,0.0275,0.985,0,0,1,0,0,3,208,148,3,25
0,0,0.005,0.995,0,0,0,1,0,0,0,0,0,0,0,1,95,15,225,1,25
1,0,0,0,0,0,0,0,0,1,0,0,0,0,0,1,7,171,255,4,25
1,0,0,0,0,0,0,0,0,0.4225,0.6675,0,0,1,0,0,3,204,120,3,25
1,0,0,0,0,0,0,0,0,1,0,0,0,0,0,1,7,182,224,4,25
1,0,0,0,0,0,0,0,0,0.0975,0.92,0,0,1,0,0,2,207,121,3,25
0,0,0,1,0,0,0,0,0,0,1,0,0,1,0,0,105,219,149,5,25
0,0,0,1,0,0,0,0,0,0,1,0,0,1,0,0,105,221,149,5,25
1,0,0,0,0,0,0,0,0,0.0825,0.925,0,0,1,0,0,3,204,124,3,25
0,1,0,0,0,0,0,0,0,1,0,0,0,0,1,0,39,141,200,2,25
0,1,0,0,0,0,0,0,0,1,0,0,0,0,1,0,38,140,202,2,25
1,0,0,0,0,0,0,0,0,1,0,0,0,0,0,1,6,179,229,4,25
